batch,segment,segment_name,start,end,n,frac_ood,thr,n_admit_id,n_admit_ood,prec_admit_id,prec_admit_ood,recall_admit_id,recall_admit_ood,churn,churn_sel0_vs_sel,surv_first,surv_init,oracle_overlap,unique,pos_purity,neg_purity,pos_init_frac,neg_init_frac,overlap_oracle_seg0,overlap_oracle_seg1,overlap_oracle_seg2,overlap_oracle_seg3
0,0,places,0,256,256,0.20703125,0.6299999952316284,151,77,0.9668874172185431,0.5714285714285714,0.7192118226600985,0.8301886792452831,0.0050000000000000044,0.0050000000000000044,1.0,0.995,0.017,1005,0.9668874172185431,0.5714285714285714,0.49666666666666665,0.16304347826086957,0.017,0.186,0.004,0.017
1,0,places,256,512,256,0.18359375,0.6299999952316284,156,61,0.9871794871794872,0.639344262295082,0.7368421052631579,0.8297872340425532,0.643,0.029000000000000026,0.357,0.352,0.305,1648,0.9766666666666667,0.6014492753623188,0.0,0.09803921568627451,0.305,0.131,0.014,0.261
2,0,places,512,768,256,0.16015625,0.6200000047683716,180,58,0.9888888888888889,0.6551724137931034,0.827906976744186,0.926829268292683,0.30300000000000005,0.03500000000000003,0.209,0.205,0.43,1948,0.9866666666666667,0.6173469387755102,0.0,0.07109004739336493,0.43,0.12,0.012,0.359
3,0,places,768,1024,256,0.16015625,0.6100000143051147,193,52,0.9740932642487047,0.6730769230769231,0.8744186046511628,0.8536585365853658,0.21299999999999997,0.03400000000000003,0.13,0.126,0.498,2151,0.9833333333333333,0.6290322580645161,0.0,0.057034220532319393,0.498,0.102,0.012,0.429
4,0,places,1024,1280,256,0.18359375,0.6100000143051147,182,56,0.978021978021978,0.7142857142857143,0.8516746411483254,0.851063829787234,0.134,0.04200000000000004,0.106,0.103,0.527,2261,0.9733333333333334,0.6433333333333333,0.0,0.0,0.527,0.091,0.011,0.442
5,0,places,1280,1536,256,0.203125,0.5999999642372131,181,61,0.9779005524861878,0.7213114754098361,0.8676470588235294,0.8461538461538461,0.16300000000000003,0.03600000000000003,0.021,0.018,0.584,2390,0.98,0.6733333333333333,0.0,0.0,0.584,0.052,0.01,0.47
6,0,places,1536,1792,256,0.13671875,0.5999999642372131,190,45,0.9947368421052631,0.6222222222222222,0.8552036199095022,0.8,0.15000000000000002,0.028000000000000025,0.018,0.016,0.602,2516,0.9833333333333333,0.6766666666666666,0.0,0.0,0.602,0.049,0.012,0.501
7,0,places,1792,2048,256,0.16015625,0.5999999642372131,191,48,0.9895287958115183,0.8125,0.8790697674418605,0.9512195121951219,0.121,0.038000000000000034,0.017,0.015,0.582,2617,0.99,0.7066666666666667,0.0,0.0,0.582,0.046,0.012,0.476
8,0,places,2048,2304,256,0.1484375,0.5999999642372131,191,45,0.9790575916230366,0.7111111111111111,0.8577981651376146,0.8421052631578947,0.127,0.028000000000000025,0.015,0.013,0.565,2713,0.9833333333333333,0.7033333333333334,0.0,0.0,0.565,0.039,0.01,0.464
9,0,places,2304,2560,256,0.16796875,0.5999999642372131,190,51,0.9789473684210527,0.7450980392156863,0.8732394366197183,0.8837209302325582,0.10499999999999998,0.030000000000000027,0.016,0.014,0.558,2780,0.9766666666666667,0.7233333333333334,0.0,0.0,0.558,0.044,0.007,0.45
10,0,places,2560,2816,256,0.16796875,0.5999999642372131,185,51,0.9945945945945946,0.7647058823529411,0.863849765258216,0.9069767441860465,0.123,0.04500000000000004,0.015,0.014,0.557,2866,0.9933333333333333,0.7333333333333333,0.0,0.0,0.557,0.041,0.011,0.458
11,0,places,2816,3072,256,0.1640625,0.5899999737739563,182,54,0.989010989010989,0.6851851851851852,0.8411214953271028,0.8809523809523809,0.14,0.03700000000000003,0.015,0.013,0.556,2945,0.99,0.7266666666666667,0.0,0.0,0.556,0.037,0.014,0.463
12,0,places,3072,3328,256,0.1484375,0.5899999737739563,182,53,0.9725274725274725,0.6037735849056604,0.8119266055045872,0.8421052631578947,0.16900000000000004,0.03400000000000003,0.015,0.014,0.551,3053,0.98,0.72,0.0,0.0,0.551,0.041,0.018,0.458
13,0,places,3328,3584,256,0.140625,0.5999999642372131,185,49,0.9837837837837838,0.6530612244897959,0.8272727272727273,0.8888888888888888,0.135,0.03300000000000003,0.012,0.011,0.569,3128,0.9766666666666667,0.6933333333333334,0.0,0.0,0.569,0.042,0.017,0.474
14,0,places,3584,3840,256,0.11328125,0.5999999642372131,196,42,0.9897959183673469,0.5952380952380952,0.8546255506607929,0.8620689655172413,0.14900000000000002,0.041000000000000036,0.014,0.013,0.579,3207,0.99,0.6766666666666666,0.0,0.0,0.579,0.051,0.017,0.487
15,0,places,3840,4096,256,0.16796875,0.5999999642372131,182,58,0.9945054945054945,0.6724137931034483,0.8497652582159625,0.9069767441860465,0.10299999999999998,0.03300000000000003,0.014,0.012,0.587,3258,0.99,0.6566666666666666,0.0,0.0,0.587,0.046,0.016,0.497
16,0,places,4096,4352,256,0.1640625,0.5899999737739563,182,56,1.0,0.7321428571428571,0.8504672897196262,0.9761904761904762,0.15500000000000003,0.039000000000000035,0.015,0.013,0.587,3335,0.9966666666666667,0.6566666666666666,0.0,0.0,0.587,0.041,0.013,0.493
17,0,places,4352,4608,256,0.1640625,0.5899999737739563,184,55,0.9945652173913043,0.6909090909090909,0.8551401869158879,0.9047619047619048,0.14800000000000002,0.028000000000000025,0.014,0.013,0.581,3405,0.9966666666666667,0.6666666666666666,0.0,0.0,0.581,0.044,0.012,0.488
18,0,places,4608,4864,256,0.1640625,0.5899999737739563,187,48,0.9893048128342246,0.7291666666666666,0.8644859813084113,0.8333333333333334,0.16400000000000003,0.028000000000000025,0.015,0.014,0.567,3491,0.99,0.6866666666666666,0.0,0.0,0.567,0.049,0.009,0.47
19,0,places,4864,5120,256,0.171875,0.5899999737739563,184,54,0.9836956521739131,0.7407407407407407,0.8537735849056604,0.9090909090909091,0.14600000000000002,0.039000000000000035,0.015,0.014,0.565,3558,0.9866666666666667,0.7066666666666667,0.0,0.0,0.565,0.051,0.013,0.477
20,0,places,5120,5376,256,0.1484375,0.5899999737739563,187,49,0.9893048128342246,0.7346938775510204,0.8486238532110092,0.9473684210526315,0.128,0.03400000000000003,0.015,0.014,0.571,3622,0.9866666666666667,0.72,0.0,0.0,0.571,0.049,0.014,0.483
21,0,places,5376,5632,256,0.2578125,0.5899999737739563,168,72,0.9761904761904762,0.8333333333333334,0.8631578947368421,0.9090909090909091,0.125,0.03200000000000003,0.015,0.014,0.567,3686,0.9833333333333333,0.76,0.0,0.0,0.567,0.044,0.017,0.489
22,0,places,5632,5888,256,0.17578125,0.5899999737739563,182,64,0.978021978021978,0.625,0.8436018957345972,0.8888888888888888,0.18100000000000005,0.041000000000000036,0.014,0.013,0.57,3757,0.9733333333333334,0.7366666666666667,0.0,0.0,0.57,0.04,0.016,0.492
23,0,places,5888,6144,256,0.19921875,0.5899999737739563,173,62,0.9884393063583815,0.7258064516129032,0.8341463414634146,0.8823529411764706,0.15900000000000003,0.03400000000000003,0.014,0.013,0.569,3832,0.99,0.7333333333333333,0.0,0.0,0.569,0.04,0.017,0.483
24,0,places,6144,6400,256,0.1484375,0.5899999737739563,186,47,0.989247311827957,0.723404255319149,0.8440366972477065,0.8947368421052632,0.15300000000000002,0.029000000000000026,0.016,0.015,0.573,3912,0.9933333333333333,0.7333333333333333,0.0,0.0,0.573,0.05,0.017,0.482
25,0,places,6400,6656,256,0.16015625,0.5899999737739563,179,50,0.9888268156424581,0.72,0.8232558139534883,0.8780487804878049,0.123,0.038000000000000034,0.017,0.016,0.553,3970,0.99,0.73,0.0,0.0,0.553,0.05,0.014,0.469
26,0,places,6656,6912,256,0.17578125,0.5899999737739563,176,56,0.9829545454545454,0.6964285714285714,0.8199052132701422,0.8666666666666667,0.126,0.03200000000000003,0.018,0.017,0.563,4015,0.9833333333333333,0.7033333333333334,0.0,0.0,0.563,0.056,0.015,0.466
27,0,places,6912,7168,256,0.16015625,0.5899999737739563,191,45,0.9790575916230366,0.7555555555555555,0.8697674418604651,0.8292682926829268,0.139,0.03600000000000003,0.018,0.017,0.561,4071,0.9766666666666667,0.71,0.0,0.0,0.561,0.061,0.02,0.443
28,0,places,7168,7424,256,0.18359375,0.5899999737739563,187,52,0.9518716577540107,0.6923076923076923,0.8516746411483254,0.7659574468085106,0.134,0.040000000000000036,0.017,0.016,0.545,4125,0.9633333333333334,0.7233333333333334,0.0,0.0,0.545,0.067,0.026,0.423
29,0,places,7424,7680,256,0.18359375,0.5899999737739563,185,54,0.9675675675675676,0.7222222222222222,0.8564593301435407,0.8297872340425532,0.15900000000000003,0.039000000000000035,0.02,0.019,0.574,4179,0.97,0.7133333333333334,0.0,0.0,0.574,0.066,0.022,0.461
30,0,places,7680,7936,256,0.140625,0.5799999833106995,191,45,0.9842931937172775,0.6888888888888889,0.8545454545454545,0.8611111111111112,0.16100000000000003,0.04700000000000004,0.019,0.018,0.566,4247,0.9733333333333334,0.71,0.0,0.0,0.566,0.065,0.019,0.442
31,0,places,7936,8192,256,0.1796875,0.5799999833106995,181,54,0.994475138121547,0.7592592592592593,0.8571428571428571,0.8913043478260869,0.125,0.04400000000000004,0.014,0.013,0.573,4289,0.99,0.7266666666666667,0.0,0.0,0.573,0.061,0.02,0.454
32,0,places,8192,8448,256,0.21875,0.5799999833106995,178,64,0.9943820224719101,0.796875,0.885,0.9107142857142857,0.132,0.039000000000000035,0.014,0.013,0.584,4327,0.9933333333333333,0.74,0.0,0.0,0.584,0.051,0.019,0.456
33,0,places,8448,8704,256,0.15234375,0.5799999833106995,181,49,0.988950276243094,0.6122448979591837,0.8248847926267281,0.7692307692307693,0.16100000000000003,0.028000000000000025,0.015,0.014,0.596,4378,0.9933333333333333,0.7166666666666667,0.0,0.0,0.596,0.049,0.016,0.466
34,0,places,8704,8960,256,0.13671875,0.5799999833106995,186,45,0.989247311827957,0.7111111111111111,0.832579185520362,0.9142857142857143,0.124,0.040000000000000036,0.015,0.014,0.599,4417,0.9866666666666667,0.72,0.0,0.0,0.599,0.044,0.015,0.48
35,0,places,8960,9216,256,0.12109375,0.5799999833106995,202,39,0.9801980198019802,0.6666666666666666,0.88,0.8387096774193549,0.124,0.041000000000000036,0.014,0.013,0.6,4450,0.9833333333333333,0.7066666666666667,0.0,0.0,0.6,0.042,0.012,0.467
36,0,places,9216,9472,256,0.140625,0.5799999833106995,192,46,0.96875,0.6304347826086957,0.8454545454545455,0.8055555555555556,0.10999999999999999,0.031000000000000028,0.014,0.013,0.581,4487,0.9766666666666667,0.7033333333333334,0.0,0.0,0.581,0.042,0.012,0.448
37,0,places,9472,9728,256,0.16015625,0.5799999833106995,183,55,0.9836065573770492,0.6909090909090909,0.8372093023255814,0.926829268292683,0.14300000000000002,0.04800000000000004,0.015,0.014,0.572,4535,0.9766666666666667,0.69,0.0,0.0,0.572,0.039,0.012,0.439
38,0,places,9728,9984,256,0.19921875,0.5799999833106995,188,55,0.9627659574468085,0.7272727272727273,0.8829268292682927,0.7843137254901961,0.127,0.03200000000000003,0.014,0.013,0.572,4571,0.97,0.68,0.0,0.0,0.572,0.036,0.018,0.442
39,0,places,9984,10240,256,0.17578125,0.5799999833106995,180,59,0.9888888888888889,0.7288135593220338,0.8436018957345972,0.9555555555555556,0.129,0.029000000000000026,0.013,0.012,0.568,4606,0.9766666666666667,0.6933333333333334,0.0,0.0,0.568,0.041,0.015,0.44
40,0,places,10240,10496,256,0.20703125,0.5799999833106995,173,61,0.9826589595375722,0.7868852459016393,0.8374384236453202,0.9056603773584906,0.131,0.029000000000000026,0.015,0.014,0.561,4654,0.99,0.7166666666666667,0.0,0.0,0.561,0.046,0.019,0.433
41,0,places,10496,10752,256,0.15625,0.5799999833106995,190,48,0.9736842105263158,0.7083333333333334,0.8564814814814815,0.85,0.15700000000000003,0.03200000000000003,0.016,0.015,0.566,4705,0.9733333333333334,0.72,0.0,0.0,0.566,0.051,0.026,0.437
42,0,places,10752,11008,256,0.1640625,0.5799999833106995,173,54,0.9884393063583815,0.6481481481481481,0.7990654205607477,0.8333333333333334,0.129,0.03300000000000003,0.014,0.013,0.578,4737,0.9833333333333333,0.7266666666666667,0.0,0.0,0.578,0.046,0.032,0.452
43,0,places,11008,11264,256,0.11328125,0.5799999833106995,198,40,0.98989898989899,0.65,0.8634361233480177,0.896551724137931,0.15000000000000002,0.03400000000000003,0.016,0.015,0.583,4767,0.99,0.72,0.0,0.0,0.583,0.046,0.035,0.461
44,0,places,11264,11520,256,0.1875,0.5799999833106995,177,58,0.9887005649717514,0.7241379310344828,0.8413461538461539,0.875,0.10099999999999998,0.040000000000000036,0.016,0.015,0.583,4784,0.99,0.7166666666666667,0.0,0.0,0.583,0.047,0.033,0.472
45,0,places,11520,11776,256,0.18359375,0.5799999833106995,188,54,0.973404255319149,0.7222222222222222,0.8755980861244019,0.8297872340425532,0.15000000000000002,0.03500000000000003,0.015,0.014,0.585,4834,0.98,0.7033333333333334,0.0,0.0,0.585,0.048,0.039,0.471
46,0,places,11776,12032,256,0.15234375,0.5799999833106995,192,54,0.9947916666666666,0.6666666666666666,0.880184331797235,0.9230769230769231,0.15300000000000002,0.039000000000000035,0.018,0.017,0.6,4867,0.9833333333333333,0.6866666666666666,0.0,0.0,0.6,0.048,0.035,0.473
47,0,places,12032,12288,256,0.13671875,0.5799999833106995,198,45,0.98989898989899,0.6888888888888889,0.8868778280542986,0.8857142857142857,0.14900000000000002,0.03300000000000003,0.019,0.017,0.607,4890,0.99,0.69,0.0,0.0,0.607,0.047,0.028,0.481
48,0,places,12288,12544,256,0.1328125,0.5799999833106995,194,44,0.9639175257731959,0.5681818181818182,0.8423423423423423,0.7352941176470589,0.119,0.031000000000000028,0.02,0.018,0.601,4916,0.9766666666666667,0.6733333333333333,0.0,0.0,0.601,0.052,0.025,0.477
49,0,places,12544,12800,256,0.1796875,0.5799999833106995,178,57,0.9943820224719101,0.7368421052631579,0.8428571428571429,0.9130434782608695,0.126,0.027000000000000024,0.021,0.019,0.581,4962,0.9866666666666667,0.6833333333333333,0.0,0.0,0.581,0.059,0.017,0.459
50,0,places,12800,13056,256,0.1640625,0.5799999833106995,178,50,0.9775280898876404,0.72,0.8130841121495327,0.8571428571428571,0.16900000000000004,0.04700000000000004,0.022,0.019,0.568,5011,0.9833333333333333,0.6833333333333333,0.0,0.0,0.568,0.059,0.017,0.444
51,0,places,13056,13312,256,0.171875,0.5799999833106995,187,45,0.9893048128342246,0.8444444444444444,0.8726415094339622,0.8636363636363636,0.14800000000000002,0.040000000000000036,0.023,0.02,0.567,5055,0.9866666666666667,0.7066666666666667,0.0,0.0,0.567,0.062,0.014,0.446
52,0,places,13312,13568,256,0.16796875,0.5799999833106995,182,51,0.989010989010989,0.7450980392156863,0.8450704225352113,0.8837209302325582,0.10999999999999999,0.031000000000000028,0.02,0.017,0.563,5086,0.99,0.7166666666666667,0.0,0.0,0.563,0.058,0.012,0.458
53,0,places,13568,13824,256,0.140625,0.5799999833106995,182,52,0.9945054945054945,0.5576923076923077,0.8227272727272728,0.8055555555555556,0.133,0.02300000000000002,0.02,0.018,0.544,5125,0.9933333333333333,0.6966666666666667,0.0,0.0,0.544,0.059,0.019,0.437
54,0,places,13824,14080,256,0.171875,0.5799999833106995,177,61,0.9717514124293786,0.5737704918032787,0.8113207547169812,0.7954545454545454,0.122,0.027000000000000024,0.018,0.016,0.534,5159,0.98,0.6966666666666667,0.0,0.0,0.534,0.055,0.017,0.437
55,0,places,14080,14336,256,0.17578125,0.5799999833106995,186,59,0.9946236559139785,0.711864406779661,0.8767772511848341,0.9333333333333333,0.16300000000000003,0.030000000000000027,0.013,0.011,0.519,5187,0.9866666666666667,0.6833333333333333,0.0,0.0,0.519,0.038,0.013,0.441
56,0,places,14336,14592,256,0.16796875,0.5799999833106995,190,46,0.9789473684210527,0.8260869565217391,0.8732394366197183,0.8837209302325582,0.14100000000000001,0.038000000000000034,0.012,0.011,0.535,5212,0.9833333333333333,0.6933333333333334,0.0,0.0,0.535,0.038,0.012,0.445
57,0,places,14592,14848,256,0.14453125,0.5799999833106995,192,48,0.984375,0.6875,0.863013698630137,0.8918918918918919,0.13,0.03400000000000003,0.011,0.01,0.564,5238,0.98,0.6733333333333333,0.0,0.0,0.564,0.038,0.012,0.477
58,0,places,14848,15104,256,0.1484375,0.5799999833106995,192,50,0.9947916666666666,0.7,0.8761467889908257,0.9210526315789473,0.14,0.038000000000000034,0.013,0.012,0.56,5278,0.9933333333333333,0.68,0.0,0.0,0.56,0.041,0.009,0.477
59,0,places,15104,15360,256,0.18359375,0.5799999833106995,182,56,0.9835164835164835,0.7857142857142857,0.8564593301435407,0.9361702127659575,0.119,0.028000000000000025,0.012,0.012,0.566,5308,0.9866666666666667,0.7233333333333334,0.0,0.0,0.566,0.041,0.006,0.487
60,0,places,15360,15616,256,0.1640625,0.5799999833106995,187,51,0.9893048128342246,0.7450980392156863,0.8644859813084113,0.9047619047619048,0.14100000000000001,0.03400000000000003,0.012,0.011,0.594,5342,0.9933333333333333,0.7433333333333333,0.0,0.0,0.594,0.041,0.005,0.516
61,0,places,15616,15872,256,0.15625,0.5799999833106995,171,61,0.9941520467836257,0.6065573770491803,0.7870370370370371,0.925,0.14,0.031000000000000028,0.014,0.014,0.594,5367,0.9933333333333333,0.72,0.0,0.0,0.594,0.053,0.006,0.504
62,0,places,15872,16128,256,0.17578125,0.5799999833106995,169,57,0.9940828402366864,0.7192982456140351,0.7962085308056872,0.9111111111111111,0.15500000000000003,0.03600000000000003,0.014,0.014,0.578,5398,0.9966666666666667,0.71,0.0,0.0,0.578,0.059,0.004,0.493
63,0,places,16128,16384,256,0.15625,0.5799999833106995,185,54,0.9783783783783784,0.6111111111111112,0.8379629629629629,0.825,0.137,0.040000000000000036,0.015,0.014,0.563,5430,0.9833333333333333,0.6866666666666666,0.0,0.0,0.563,0.058,0.005,0.486
64,0,places,16384,16640,256,0.15625,0.5799999833106995,179,55,0.9832402234636871,0.6,0.8148148148148148,0.825,0.14800000000000002,0.03200000000000003,0.014,0.013,0.551,5475,0.9766666666666667,0.6466666666666666,0.0,0.0,0.551,0.053,0.007,0.461
65,0,places,16640,16896,256,0.1796875,0.5799999833106995,185,55,0.9891891891891892,0.7636363636363637,0.8714285714285714,0.9130434782608695,0.14500000000000002,0.03500000000000003,0.015,0.014,0.542,5505,0.9833333333333333,0.6633333333333333,0.0,0.0,0.542,0.052,0.014,0.45
66,0,places,16896,17152,256,0.14453125,0.5799999833106995,186,50,0.9731182795698925,0.6,0.8264840182648402,0.8108108108108109,0.17200000000000004,0.028000000000000025,0.013,0.012,0.527,5543,0.9766666666666667,0.6533333333333333,0.0,0.0,0.527,0.04,0.014,0.435
67,0,places,17152,17408,256,0.1796875,0.5799999833106995,185,57,0.972972972972973,0.7017543859649122,0.8571428571428571,0.8695652173913043,0.121,0.03600000000000003,0.012,0.011,0.524,5573,0.97,0.66,0.0,0.0,0.524,0.039,0.011,0.431
68,0,places,17408,17664,256,0.15234375,0.5799999833106995,188,47,0.9680851063829787,0.6382978723404256,0.8387096774193549,0.7692307692307693,0.15200000000000002,0.038000000000000034,0.012,0.011,0.527,5591,0.9666666666666667,0.6566666666666666,0.0,0.0,0.527,0.04,0.01,0.439
69,0,places,17664,17920,256,0.1640625,0.5799999833106995,183,51,0.9890710382513661,0.7254901960784313,0.8457943925233645,0.8809523809523809,0.129,0.038000000000000034,0.014,0.013,0.543,5609,0.98,0.6766666666666666,0.0,0.0,0.543,0.034,0.01,0.441
70,0,places,17920,18176,256,0.15625,0.5799999833106995,197,45,0.9796954314720813,0.7555555555555555,0.8935185185185185,0.85,0.11299999999999999,0.029000000000000026,0.013,0.012,0.536,5629,0.9833333333333333,0.6933333333333334,0.0,0.0,0.536,0.03,0.01,0.447
71,0,places,18176,18432,256,0.15625,0.5799999833106995,188,47,0.9627659574468085,0.6808510638297872,0.8379629629629629,0.8,0.14,0.03500000000000003,0.013,0.013,0.547,5663,0.9666666666666667,0.6866666666666666,0.0,0.0,0.547,0.026,0.013,0.465
72,0,places,18432,18688,256,0.12109375,0.5799999833106995,196,40,0.9795918367346939,0.65,0.8533333333333334,0.8387096774193549,0.132,0.03600000000000003,0.012,0.012,0.546,5689,0.97,0.6966666666666667,0.0,0.0,0.546,0.03,0.019,0.469
73,0,places,18688,18944,256,0.15234375,0.5799999833106995,188,47,0.9787234042553191,0.723404255319149,0.847926267281106,0.8717948717948718,0.11299999999999999,0.039000000000000035,0.01,0.01,0.557,5701,0.9833333333333333,0.7033333333333334,0.0,0.0,0.557,0.038,0.014,0.47
74,0,places,18944,19200,256,0.203125,0.5799999833106995,162,76,0.9876543209876543,0.6447368421052632,0.7843137254901961,0.9423076923076923,0.122,0.027000000000000024,0.012,0.012,0.565,5722,0.98,0.69,0.0,0.0,0.565,0.043,0.017,0.479
75,0,places,19200,19456,256,0.140625,0.5799999833106995,185,53,0.9891891891891892,0.6226415094339622,0.8318181818181818,0.9166666666666666,0.19899999999999995,0.03200000000000003,0.011,0.011,0.573,5752,0.9866666666666667,0.67,0.0,0.0,0.573,0.046,0.018,0.476
76,0,places,19456,19712,256,0.1640625,0.5799999833106995,181,59,0.988950276243094,0.6779661016949152,0.8364485981308412,0.9523809523809523,0.14800000000000002,0.03400000000000003,0.011,0.011,0.568,5780,0.9866666666666667,0.67,0.0,0.0,0.568,0.048,0.021,0.471
77,0,places,19712,19968,256,0.15234375,0.5799999833106995,191,50,0.9947643979057592,0.7,0.8755760368663594,0.8974358974358975,0.14100000000000001,0.028000000000000025,0.011,0.011,0.575,5816,0.9933333333333333,0.68,0.0,0.0,0.575,0.05,0.014,0.454
78,0,places,19968,20224,256,0.17578125,0.5799999833106995,184,56,0.9891304347826086,0.7321428571428571,0.8625592417061612,0.9111111111111111,0.125,0.03500000000000003,0.013,0.013,0.58,5839,0.99,0.6733333333333333,0.0,0.0,0.58,0.052,0.014,0.472
79,0,places,20224,20480,256,0.140625,0.5799999833106995,180,52,0.9888888888888889,0.6153846153846154,0.8090909090909091,0.8888888888888888,0.125,0.03700000000000003,0.014,0.014,0.564,5875,0.9866666666666667,0.66,0.0,0.0,0.564,0.055,0.012,0.454
80,0,places,20480,20736,256,0.19921875,0.5799999833106995,166,62,0.9759036144578314,0.7419354838709677,0.7902439024390244,0.9019607843137255,0.136,0.031000000000000028,0.016,0.015,0.552,5900,0.9833333333333333,0.6833333333333333,0.0,0.0,0.552,0.056,0.013,0.452
81,0,places,20736,20992,256,0.17578125,0.5799999833106995,179,55,0.9888268156424581,0.6909090909090909,0.8388625592417062,0.8444444444444444,0.15600000000000003,0.03300000000000003,0.019,0.017,0.566,5925,0.98,0.7066666666666667,0.0,0.0,0.566,0.056,0.012,0.463
82,0,places,20992,21248,256,0.18359375,0.5799999833106995,187,51,0.9625668449197861,0.7254901960784313,0.861244019138756,0.7872340425531915,0.133,0.03500000000000003,0.017,0.016,0.551,5953,0.9733333333333334,0.7166666666666667,0.0,0.0,0.551,0.058,0.012,0.456
83,0,places,21248,21504,256,0.1953125,0.5799999833106995,180,52,0.9833333333333333,0.8269230769230769,0.8592233009708737,0.86,0.14200000000000002,0.04400000000000004,0.015,0.014,0.566,5983,0.97,0.73,0.0,0.0,0.566,0.052,0.015,0.473
84,0,places,21504,21760,256,0.140625,0.5799999833106995,196,43,0.9897959183673469,0.7441860465116279,0.8818181818181818,0.8888888888888888,0.136,0.038000000000000034,0.016,0.014,0.558,6004,0.9833333333333333,0.7333333333333333,0.0,0.0,0.558,0.049,0.017,0.469
85,0,places,21760,22016,256,0.1796875,0.5799999833106995,179,55,0.994413407821229,0.8181818181818182,0.8476190476190476,0.9782608695652174,0.134,0.040000000000000036,0.014,0.012,0.586,6024,0.99,0.7566666666666667,0.0,0.0,0.586,0.044,0.019,0.482
86,0,places,22016,22272,256,0.17578125,0.5799999833106995,195,45,0.9538461538461539,0.7333333333333333,0.8815165876777251,0.7333333333333333,0.14200000000000002,0.027000000000000024,0.014,0.013,0.591,6059,0.9666666666666667,0.7566666666666667,0.0,0.0,0.591,0.042,0.022,0.496
87,0,places,22272,22528,256,0.1953125,0.5799999833106995,188,54,0.973404255319149,0.7962962962962963,0.8883495145631068,0.86,0.10999999999999999,0.038000000000000034,0.013,0.012,0.583,6077,0.9666666666666667,0.7766666666666666,0.0,0.0,0.583,0.035,0.02,0.491
88,0,places,22528,22784,256,0.16015625,0.5799999833106995,199,41,0.9849246231155779,0.8292682926829268,0.9116279069767442,0.8292682926829268,0.135,0.028000000000000025,0.016,0.015,0.61,6095,0.9833333333333333,0.7866666666666666,0.0,0.0,0.61,0.041,0.022,0.508
89,0,places,22784,23040,256,0.1640625,0.5799999833106995,201,43,0.9751243781094527,0.7906976744186046,0.9158878504672897,0.8095238095238095,0.11399999999999999,0.04400000000000004,0.016,0.015,0.606,6114,0.9766666666666667,0.7866666666666666,0.0,0.0,0.606,0.043,0.021,0.492
90,0,places,23040,23296,256,0.140625,0.5799999833106995,196,41,0.9846938775510204,0.7073170731707317,0.8772727272727273,0.8055555555555556,0.09799999999999998,0.031000000000000028,0.019,0.018,0.592,6124,0.98,0.7833333333333333,0.0,0.0,0.592,0.054,0.02,0.489
91,0,places,23296,23552,256,0.16796875,0.5799999833106995,195,48,0.9794871794871794,0.7708333333333334,0.8967136150234741,0.8604651162790697,0.11199999999999999,0.03200000000000003,0.017,0.016,0.602,6141,0.9833333333333333,0.7733333333333333,0.0,0.0,0.602,0.055,0.019,0.498
92,0,places,23552,23808,256,0.16015625,0.5799999833106995,187,55,0.983957219251337,0.6727272727272727,0.8558139534883721,0.9024390243902439,0.10599999999999998,0.03600000000000003,0.017,0.016,0.599,6158,0.9766666666666667,0.7633333333333333,0.0,0.0,0.599,0.058,0.016,0.489
93,0,places,23808,24064,256,0.16796875,0.5799999833106995,187,53,0.9786096256684492,0.7358490566037735,0.8591549295774648,0.9069767441860465,0.138,0.031000000000000028,0.015,0.014,0.605,6191,0.98,0.7433333333333333,0.0,0.0,0.605,0.057,0.013,0.478
94,0,places,24064,24320,256,0.19921875,0.5799999833106995,185,49,0.9837837837837838,0.8571428571428571,0.8878048780487805,0.8235294117647058,0.138,0.027000000000000024,0.015,0.014,0.581,6219,0.98,0.76,0.0,0.0,0.581,0.054,0.014,0.454
95,0,places,24320,24576,256,0.15625,0.5799999833106995,180,52,0.9833333333333333,0.6538461538461539,0.8194444444444444,0.85,0.13,0.041000000000000036,0.016,0.015,0.575,6242,0.9833333333333333,0.73,0.0,0.0,0.575,0.059,0.01,0.455
96,0,places,24576,24832,256,0.171875,0.5799999833106995,189,46,0.9841269841269841,0.782608695652174,0.8773584905660378,0.8181818181818182,0.14600000000000002,0.038000000000000034,0.013,0.012,0.579,6263,0.9833333333333333,0.74,0.0,0.0,0.579,0.05,0.011,0.471
97,0,places,24832,25088,256,0.21875,0.5799999833106995,174,66,0.9712643678160919,0.7575757575757576,0.845,0.8928571428571429,0.11499999999999999,0.031000000000000028,0.013,0.012,0.58,6275,0.98,0.75,0.0,0.0,0.58,0.045,0.015,0.465
98,0,places,25088,25344,256,0.15234375,0.5799999833106995,194,42,0.9690721649484536,0.7619047619047619,0.8663594470046083,0.8205128205128205,0.14200000000000002,0.041000000000000036,0.013,0.012,0.599,6295,0.9733333333333334,0.7533333333333333,0.0,0.0,0.599,0.041,0.01,0.475
99,0,places,25344,25600,256,0.15234375,0.5799999833106995,189,42,0.9894179894179894,0.7619047619047619,0.8617511520737328,0.8205128205128205,0.10799999999999998,0.04200000000000004,0.014,0.013,0.593,6308,0.9766666666666667,0.7633333333333333,0.0,0.0,0.593,0.043,0.01,0.462
100,0,places,25600,25856,256,0.19140625,0.5799999833106995,180,57,0.9888888888888889,0.8070175438596491,0.8599033816425121,0.9387755102040817,0.10199999999999998,0.028000000000000025,0.013,0.012,0.609,6321,0.9866666666666667,0.75,0.0,0.0,0.609,0.039,0.009,0.476
101,0,places,25856,26112,256,0.1640625,0.5799999833106995,199,43,0.9597989949748744,0.6976744186046512,0.8925233644859814,0.7142857142857143,0.11599999999999999,0.027000000000000024,0.012,0.011,0.612,6341,0.9666666666666667,0.7666666666666667,0.0,0.0,0.612,0.041,0.014,0.482
102,0,places,26112,26368,256,0.16796875,0.5799999833106995,191,49,0.9895287958115183,0.8163265306122449,0.8873239436619719,0.9302325581395349,0.10899999999999999,0.030000000000000027,0.015,0.014,0.607,6353,0.9833333333333333,0.7666666666666667,0.0,0.0,0.607,0.037,0.013,0.485
103,0,places,26368,26624,256,0.1796875,0.5699999928474426,185,50,0.9783783783783784,0.78,0.861904761904762,0.8478260869565217,0.123,0.03500000000000003,0.018,0.017,0.638,6364,0.9833333333333333,0.78,0.0,0.0,0.638,0.048,0.013,0.516
104,0,places,26624,26880,256,0.15625,0.5699999928474426,181,54,0.988950276243094,0.6296296296296297,0.8287037037037037,0.85,0.11699999999999999,0.030000000000000027,0.017,0.016,0.629,6385,0.99,0.75,0.0,0.0,0.629,0.045,0.02,0.514
105,0,places,26880,27136,256,0.17578125,0.5699999928474426,187,48,0.9625668449197861,0.7083333333333334,0.8530805687203792,0.7555555555555555,0.14800000000000002,0.039000000000000035,0.018,0.017,0.59,6417,0.9766666666666667,0.74,0.0,0.0,0.59,0.049,0.025,0.479
106,0,places,27136,27392,256,0.1640625,0.5799999833106995,186,46,0.967741935483871,0.717391304347826,0.8411214953271028,0.7857142857142857,0.132,0.03600000000000003,0.016,0.015,0.594,6446,0.9666666666666667,0.7266666666666667,0.0,0.0,0.594,0.051,0.023,0.484
107,0,places,27392,27648,256,0.18359375,0.5799999833106995,186,54,0.967741935483871,0.7037037037037037,0.861244019138756,0.8085106382978723,0.124,0.050000000000000044,0.015,0.014,0.587,6472,0.9666666666666667,0.7266666666666667,0.0,0.0,0.587,0.045,0.023,0.485
108,0,places,27648,27904,256,0.16796875,0.5699999928474426,189,44,0.9682539682539683,0.7727272727272727,0.8591549295774648,0.7906976744186046,0.125,0.04200000000000004,0.015,0.013,0.581,6492,0.9666666666666667,0.72,0.0,0.0,0.581,0.046,0.02,0.481
109,0,places,27904,28160,256,0.19140625,0.5699999928474426,179,58,0.9832402234636871,0.7758620689655172,0.8502415458937198,0.9183673469387755,0.119,0.03600000000000003,0.014,0.012,0.564,6516,0.9833333333333333,0.72,0.0,0.0,0.564,0.04,0.02,0.475
110,0,places,28160,28416,256,0.20703125,0.5799999833106995,190,55,0.9578947368421052,0.7636363636363637,0.896551724137931,0.7924528301886793,0.132,0.040000000000000036,0.015,0.013,0.565,6533,0.9666666666666667,0.7366666666666667,0.0,0.0,0.565,0.039,0.016,0.475
111,0,places,28416,28672,256,0.1328125,0.5699999928474426,190,47,1.0,0.7021276595744681,0.8558558558558559,0.9705882352941176,0.15700000000000003,0.038000000000000034,0.014,0.012,0.588,6551,0.98,0.7433333333333333,0.0,0.0,0.588,0.036,0.01,0.501
112,0,places,28672,28928,256,0.13671875,0.5699999928474426,193,46,0.9896373056994818,0.6739130434782609,0.8642533936651584,0.8857142857142857,0.11399999999999999,0.03600000000000003,0.016,0.014,0.605,6569,0.9933333333333333,0.73,0.0,0.0,0.605,0.041,0.012,0.507
113,0,places,28928,29184,256,0.1328125,0.5699999928474426,196,46,0.9897959183673469,0.6956521739130435,0.8738738738738738,0.9411764705882353,0.09999999999999998,0.02400000000000002,0.014,0.012,0.601,6582,0.9866666666666667,0.7366666666666667,0.0,0.0,0.601,0.034,0.014,0.517
114,0,places,29184,29440,256,0.11328125,0.5699999928474426,199,45,0.9899497487437185,0.6,0.8678414096916299,0.9310344827586207,0.121,0.03200000000000003,0.014,0.012,0.608,6599,0.9866666666666667,0.71,0.0,0.0,0.608,0.032,0.013,0.504
115,0,places,29440,29696,256,0.18359375,0.5699999928474426,185,51,0.972972972972973,0.7450980392156863,0.861244019138756,0.8085106382978723,0.13,0.030000000000000027,0.017,0.015,0.615,6620,0.98,0.7033333333333334,0.0,0.0,0.615,0.04,0.014,0.49
116,0,places,29696,29952,256,0.12109375,0.5799999833106995,192,42,0.984375,0.6190476190476191,0.84,0.8387096774193549,0.14100000000000001,0.039000000000000035,0.016,0.014,0.609,6647,0.98,0.68,0.0,0.0,0.609,0.041,0.01,0.482
117,0,places,29952,30208,256,0.17578125,0.5799999833106995,181,54,0.988950276243094,0.7037037037037037,0.8483412322274881,0.8444444444444444,0.129,0.03600000000000003,0.015,0.013,0.597,6660,0.9866666666666667,0.6766666666666666,0.0,0.0,0.597,0.042,0.009,0.474
118,0,places,30208,30464,256,0.12109375,0.5799999833106995,198,44,0.9848484848484849,0.5909090909090909,0.8666666666666667,0.8387096774193549,0.137,0.03200000000000003,0.018,0.016,0.584,6677,0.9833333333333333,0.6666666666666666,0.0,0.0,0.584,0.047,0.014,0.477
119,0,places,30464,30720,256,0.15625,0.5799999833106995,190,50,0.9894736842105263,0.66,0.8703703703703703,0.825,0.11399999999999999,0.039000000000000035,0.017,0.016,0.574,6697,0.9833333333333333,0.66,0.0,0.0,0.574,0.05,0.018,0.458
120,0,places,30720,30976,256,0.171875,0.5799999833106995,177,56,0.9774011299435028,0.6607142857142857,0.8160377358490566,0.8409090909090909,0.11099999999999999,0.02300000000000002,0.018,0.017,0.558,6721,0.98,0.6666666666666666,0.0,0.0,0.558,0.048,0.019,0.44
121,0,places,30976,31232,256,0.1953125,0.5799999833106995,178,58,0.9775280898876404,0.7068965517241379,0.8446601941747572,0.82,0.129,0.038000000000000034,0.018,0.017,0.552,6759,0.9833333333333333,0.66,0.0,0.0,0.552,0.053,0.022,0.435
122,0,places,31232,31488,256,0.18359375,0.5799999833106995,190,53,0.9789473684210527,0.7924528301886793,0.8899521531100478,0.8936170212765957,0.14900000000000002,0.03300000000000003,0.016,0.015,0.546,6787,0.98,0.68,0.0,0.0,0.546,0.058,0.026,0.442
123,0,places,31488,31744,256,0.12890625,0.5799999833106995,190,50,1.0,0.64,0.852017937219731,0.9696969696969697,0.15300000000000002,0.03500000000000003,0.015,0.014,0.536,6812,0.99,0.6833333333333333,0.0,0.0,0.536,0.062,0.025,0.435
124,0,places,31744,32000,256,0.19921875,0.5799999833106995,165,69,0.9818181818181818,0.6521739130434783,0.7902439024390244,0.8823529411764706,0.15400000000000003,0.03500000000000003,0.015,0.015,0.52,6842,0.99,0.6933333333333334,0.0,0.0,0.52,0.054,0.022,0.429
125,0,places,32000,32256,256,0.140625,0.5799999833106995,192,48,0.984375,0.6458333333333334,0.8590909090909091,0.8611111111111112,0.19699999999999995,0.039000000000000035,0.012,0.011,0.502,6882,0.9866666666666667,0.69,0.0,0.0,0.502,0.045,0.019,0.434
126,0,places,32256,32512,256,0.12890625,0.5799999833106995,195,46,0.9897435897435898,0.6521739130434783,0.8654708520179372,0.9090909090909091,0.125,0.038000000000000034,0.013,0.012,0.518,6904,0.9866666666666667,0.6866666666666666,0.0,0.0,0.518,0.05,0.019,0.439
127,0,places,32512,32768,256,0.14453125,0.5799999833106995,183,55,0.9726775956284153,0.5818181818181818,0.8127853881278538,0.8648648648648649,0.127,0.04300000000000004,0.015,0.014,0.511,6922,0.98,0.6533333333333333,0.0,0.0,0.511,0.049,0.016,0.438
128,0,places,32768,33024,256,0.21484375,0.5799999833106995,173,65,0.9826589595375722,0.7384615384615385,0.845771144278607,0.8727272727272727,0.14400000000000002,0.03600000000000003,0.014,0.013,0.518,6950,0.98,0.6566666666666666,0.0,0.0,0.518,0.042,0.016,0.443
129,0,places,33024,33280,256,0.19140625,0.5799999833106995,183,60,0.9890710382513661,0.7166666666666667,0.8743961352657005,0.8775510204081632,0.17000000000000004,0.03400000000000003,0.011,0.01,0.516,6986,0.9833333333333333,0.6733333333333333,0.0,0.0,0.516,0.039,0.019,0.442
130,0,places,33280,33536,256,0.18359375,0.5799999833106995,183,52,0.9836065573770492,0.75,0.861244019138756,0.8297872340425532,0.16700000000000004,0.030000000000000027,0.01,0.009,0.535,7017,0.9866666666666667,0.6766666666666666,0.0,0.0,0.535,0.041,0.012,0.441
131,0,places,33536,33792,256,0.18359375,0.5799999833106995,186,55,0.989247311827957,0.7636363636363637,0.8803827751196173,0.8936170212765957,0.118,0.03300000000000003,0.011,0.01,0.552,7031,0.9833333333333333,0.7033333333333334,0.0,0.0,0.552,0.044,0.012,0.451
132,0,places,33792,34048,256,0.14453125,0.5799999833106995,189,52,0.9841269841269841,0.5961538461538461,0.8493150684931506,0.8378378378378378,0.14500000000000002,0.026000000000000023,0.013,0.011,0.565,7055,0.9866666666666667,0.7033333333333334,0.0,0.0,0.565,0.04,0.013,0.462
133,0,places,34048,34304,256,0.18359375,0.5799999833106995,186,44,0.978494623655914,0.7954545454545454,0.8708133971291866,0.7446808510638298,0.129,0.03600000000000003,0.013,0.011,0.562,7076,0.98,0.7233333333333334,0.0,0.0,0.562,0.045,0.008,0.464
134,0,places,34304,34560,256,0.16015625,0.5799999833106995,188,54,0.9946808510638298,0.6851851851851852,0.8697674418604651,0.9024390243902439,0.123,0.040000000000000036,0.014,0.011,0.565,7086,0.99,0.7166666666666667,0.0,0.0,0.565,0.046,0.012,0.449
135,0,places,34560,34816,256,0.16015625,0.5799999833106995,188,50,0.9946808510638298,0.72,0.8697674418604651,0.8780487804878049,0.14200000000000002,0.026000000000000023,0.015,0.012,0.568,7101,0.9933333333333333,0.7166666666666667,0.0,0.0,0.568,0.054,0.008,0.46
136,0,places,34816,35072,256,0.16015625,0.5799999833106995,189,52,0.9735449735449735,0.6923076923076923,0.8558139534883721,0.8780487804878049,0.137,0.03700000000000003,0.016,0.013,0.572,7120,0.9833333333333333,0.71,0.0,0.0,0.572,0.048,0.01,0.467
137,0,places,35072,35328,256,0.203125,0.5799999833106995,186,59,0.9731182795698925,0.7796610169491526,0.8872549019607843,0.8846153846153846,0.136,0.026000000000000023,0.015,0.011,0.559,7136,0.9733333333333334,0.72,0.0,0.0,0.559,0.044,0.013,0.459
138,0,places,35328,35584,256,0.15625,0.5799999833106995,185,52,0.9891891891891892,0.7115384615384616,0.8472222222222222,0.925,0.17300000000000004,0.03500000000000003,0.014,0.011,0.58,7157,0.99,0.7266666666666667,0.0,0.0,0.58,0.045,0.016,0.476
139,0,places,35584,35840,256,0.16015625,0.5799999833106995,179,55,0.9832402234636871,0.6545454545454545,0.8186046511627907,0.8780487804878049,0.13,0.04400000000000004,0.011,0.009,0.579,7174,0.9833333333333333,0.7166666666666667,0.0,0.0,0.579,0.041,0.02,0.477
140,0,places,35840,36096,256,0.16015625,0.5799999833106995,181,49,0.9779005524861878,0.6326530612244898,0.8232558139534883,0.7560975609756098,0.14600000000000002,0.030000000000000027,0.012,0.011,0.58,7193,0.98,0.6966666666666667,0.0,0.0,0.58,0.043,0.018,0.483
141,0,places,36096,36352,256,0.19921875,0.5799999833106995,183,55,0.9836065573770492,0.8181818181818182,0.8780487804878049,0.8823529411764706,0.122,0.041000000000000036,0.014,0.012,0.59,7201,0.9833333333333333,0.72,0.0,0.0,0.59,0.04,0.017,0.48
142,0,places,36352,36608,256,0.1796875,0.5799999833106995,188,49,0.973404255319149,0.7551020408163265,0.8714285714285714,0.8043478260869565,0.14900000000000002,0.028000000000000025,0.013,0.012,0.61,7213,0.98,0.7333333333333333,0.0,0.0,0.61,0.044,0.017,0.492
143,0,places,36608,36864,256,0.16015625,0.5799999833106995,195,49,0.9948717948717949,0.8163265306122449,0.9023255813953488,0.975609756097561,0.121,0.031000000000000028,0.014,0.013,0.609,7220,0.99,0.7266666666666667,0.0,0.0,0.609,0.043,0.018,0.499
144,0,places,36864,37120,256,0.19921875,0.5799999833106995,182,57,0.978021978021978,0.7719298245614035,0.8682926829268293,0.8627450980392157,0.126,0.027000000000000024,0.012,0.011,0.596,7228,0.9866666666666667,0.7433333333333333,0.0,0.0,0.596,0.04,0.018,0.469
145,0,places,37120,37376,256,0.140625,0.5799999833106995,193,46,0.9948186528497409,0.6956521739130435,0.8727272727272727,0.8888888888888888,0.14100000000000001,0.03400000000000003,0.011,0.01,0.594,7248,0.99,0.75,0.0,0.0,0.594,0.033,0.017,0.48
146,0,places,37376,37632,256,0.1640625,0.5799999833106995,187,44,0.9732620320855615,0.7045454545454546,0.8504672897196262,0.7380952380952381,0.131,0.038000000000000034,0.01,0.009,0.591,7271,0.9833333333333333,0.7633333333333333,0.0,0.0,0.591,0.032,0.018,0.482
147,0,places,37632,37888,256,0.19921875,0.5799999833106995,181,59,0.988950276243094,0.7966101694915254,0.8731707317073171,0.9215686274509803,0.121,0.04400000000000004,0.009,0.008,0.585,7282,0.9833333333333333,0.76,0.0,0.0,0.585,0.028,0.024,0.489
148,0,places,37888,38144,256,0.1953125,0.5799999833106995,178,59,0.9719101123595506,0.6949152542372882,0.8398058252427184,0.82,0.16600000000000004,0.03300000000000003,0.009,0.008,0.549,7303,0.98,0.7433333333333333,0.0,0.0,0.549,0.02,0.031,0.457
149,0,places,38144,38400,256,0.18359375,0.5699999928474426,190,47,0.9736842105263158,0.8297872340425532,0.8851674641148325,0.8297872340425532,0.15300000000000002,0.03400000000000003,0.012,0.012,0.546,7313,0.97,0.7466666666666667,0.0,0.0,0.546,0.026,0.026,0.44
150,0,places,38400,38656,256,0.22265625,0.5699999928474426,175,61,0.96,0.7704918032786885,0.8442211055276382,0.8245614035087719,0.129,0.052000000000000046,0.012,0.011,0.558,7324,0.9666666666666667,0.75,0.0,0.0,0.558,0.031,0.021,0.454
151,0,places,38656,38912,256,0.16796875,0.5699999928474426,195,50,0.9794871794871794,0.74,0.8967136150234741,0.8604651162790697,0.134,0.025000000000000022,0.017,0.015,0.581,7333,0.9766666666666667,0.7566666666666667,0.0,0.0,0.581,0.042,0.021,0.469
152,0,places,38912,39168,256,0.15625,0.5699999928474426,203,43,0.9655172413793104,0.7441860465116279,0.9074074074074074,0.8,0.14400000000000002,0.039000000000000035,0.014,0.012,0.587,7349,0.9666666666666667,0.7566666666666667,0.0,0.0,0.587,0.046,0.027,0.459
153,0,places,39168,39424,256,0.1328125,0.5699999928474426,194,47,1.0,0.7021276595744681,0.8738738738738738,0.9705882352941176,0.09799999999999998,0.03400000000000003,0.016,0.014,0.587,7362,0.9866666666666667,0.7533333333333333,0.0,0.0,0.587,0.05,0.019,0.455
154,0,places,39424,39680,256,0.16796875,0.5699999928474426,195,47,0.9794871794871794,0.723404255319149,0.8967136150234741,0.7906976744186046,0.119,0.031000000000000028,0.017,0.015,0.595,7374,0.9866666666666667,0.7533333333333333,0.0,0.0,0.595,0.055,0.013,0.472
155,0,places,39680,39936,256,0.203125,0.5699999928474426,181,55,0.988950276243094,0.8181818181818182,0.8774509803921569,0.8653846153846154,0.125,0.028000000000000025,0.015,0.013,0.587,7390,0.9866666666666667,0.75,0.0,0.0,0.587,0.049,0.017,0.478
156,0,places,39936,40192,256,0.171875,0.5799999833106995,180,53,0.9888888888888889,0.7358490566037735,0.839622641509434,0.8863636363636364,0.132,0.030000000000000027,0.017,0.015,0.572,7402,0.99,0.7466666666666667,0.0,0.0,0.572,0.052,0.018,0.473
157,0,places,40192,40448,256,0.12890625,0.5799999833106995,204,39,0.9803921568627451,0.7435897435897436,0.8968609865470852,0.8787878787878788,0.16000000000000003,0.040000000000000036,0.014,0.014,0.552,7420,0.9833333333333333,0.7433333333333333,0.0,0.0,0.552,0.052,0.024,0.445
158,0,places,40448,40704,256,0.16796875,0.5799999833106995,195,46,0.9743589743589743,0.782608695652174,0.892018779342723,0.8372093023255814,0.11599999999999999,0.03400000000000003,0.016,0.015,0.537,7436,0.98,0.76,0.0,0.0,0.537,0.05,0.022,0.435
159,0,places,40704,40960,256,0.1875,0.5699999928474426,181,59,0.9834254143646409,0.7288135593220338,0.8557692307692307,0.8958333333333334,0.134,0.03700000000000003,0.018,0.017,0.534,7448,0.9766666666666667,0.7566666666666667,0.0,0.0,0.534,0.055,0.022,0.452
160,0,places,40960,41216,256,0.17578125,0.5699999928474426,189,53,0.9894179894179894,0.7547169811320755,0.8862559241706162,0.8888888888888888,0.15100000000000002,0.030000000000000027,0.017,0.016,0.552,7456,0.9866666666666667,0.76,0.0,0.0,0.552,0.058,0.021,0.468
161,0,places,41216,41472,256,0.21484375,0.5699999928474426,176,67,0.9829545454545454,0.7611940298507462,0.8606965174129353,0.9272727272727272,0.14400000000000002,0.038000000000000034,0.015,0.014,0.569,7470,0.9866666666666667,0.7466666666666667,0.0,0.0,0.569,0.058,0.021,0.472
162,0,places,41472,41728,256,0.13671875,0.5699999928474426,195,45,0.9948717948717949,0.7333333333333333,0.8778280542986425,0.9428571428571428,0.17400000000000004,0.028000000000000025,0.01,0.009,0.571,7497,0.99,0.7533333333333333,0.0,0.0,0.571,0.053,0.017,0.487
163,0,places,41728,41984,256,0.14453125,0.5699999928474426,189,47,0.9894179894179894,0.723404255319149,0.8538812785388128,0.918918918918919,0.10699999999999998,0.029000000000000026,0.01,0.009,0.573,7511,0.9933333333333333,0.7466666666666667,0.0,0.0,0.573,0.051,0.013,0.494
164,0,places,41984,42240,256,0.15625,0.5699999928474426,183,50,0.9726775956284153,0.66,0.8240740740740741,0.825,0.133,0.03400000000000003,0.012,0.011,0.58,7524,0.98,0.72,0.0,0.0,0.58,0.055,0.015,0.495
165,0,places,42240,42496,256,0.1875,0.5699999928474426,177,60,0.9717514124293786,0.7,0.8269230769230769,0.875,0.15000000000000002,0.03600000000000003,0.009,0.008,0.546,7533,0.97,0.7166666666666667,0.0,0.0,0.546,0.049,0.014,0.468
166,0,places,42496,42752,256,0.1640625,0.5799999833106995,190,47,0.9736842105263158,0.7021276595744681,0.8644859813084113,0.7857142857142857,0.14200000000000002,0.030000000000000027,0.011,0.01,0.538,7547,0.9766666666666667,0.7033333333333334,0.0,0.0,0.538,0.047,0.013,0.454
167,0,places,42752,43008,256,0.15234375,0.5799999833106995,191,48,1.0,0.75,0.880184331797235,0.9230769230769231,0.124,0.028000000000000025,0.011,0.01,0.552,7566,0.99,0.7066666666666667,0.0,0.0,0.552,0.048,0.01,0.457
168,0,places,43008,43264,256,0.18359375,0.5799999833106995,174,59,0.9885057471264368,0.6779661016949152,0.8229665071770335,0.851063829787234,0.126,0.03300000000000003,0.011,0.01,0.545,7577,0.9933333333333333,0.7,0.0,0.0,0.545,0.049,0.012,0.435
169,0,places,43264,43520,256,0.18359375,0.5799999833106995,183,54,0.9836065573770492,0.7962962962962963,0.861244019138756,0.9148936170212766,0.14700000000000002,0.031000000000000028,0.013,0.012,0.539,7598,0.9866666666666667,0.72,0.0,0.0,0.539,0.052,0.013,0.419
170,0,places,43520,43776,256,0.19921875,0.5799999833106995,191,55,0.9633507853403142,0.7818181818181819,0.8975609756097561,0.8431372549019608,0.129,0.03200000000000003,0.016,0.014,0.56,7606,0.9666666666666667,0.7366666666666667,0.0,0.0,0.56,0.052,0.012,0.436
171,0,places,43776,44032,256,0.2109375,0.5799999833106995,178,56,0.9775280898876404,0.7678571428571429,0.8613861386138614,0.7962962962962963,0.14100000000000001,0.028000000000000025,0.015,0.013,0.556,7621,0.9733333333333334,0.7533333333333333,0.0,0.0,0.556,0.054,0.014,0.438
172,0,places,44032,44288,256,0.20703125,0.5799999833106995,182,65,0.9945054945054945,0.7692307692307693,0.8916256157635468,0.9433962264150944,0.15900000000000003,0.03700000000000003,0.018,0.016,0.573,7641,0.9933333333333333,0.7566666666666667,0.0,0.0,0.573,0.058,0.019,0.445
173,0,places,44288,44544,256,0.1796875,0.5799999833106995,188,53,0.9946808510638298,0.7358490566037735,0.8904761904761904,0.8478260869565217,0.16600000000000004,0.031000000000000028,0.018,0.016,0.58,7658,0.9933333333333333,0.7633333333333333,0.0,0.0,0.58,0.06,0.021,0.464
174,0,places,44544,44800,256,0.16015625,0.5799999833106995,190,49,0.9894736842105263,0.7551020408163265,0.8744186046511628,0.9024390243902439,0.14400000000000002,0.03700000000000003,0.024,0.022,0.597,7677,0.9933333333333333,0.7633333333333333,0.0,0.0,0.597,0.063,0.02,0.475
175,0,places,44800,45056,256,0.1796875,0.5799999833106995,189,45,0.9735449735449735,0.8444444444444444,0.8761904761904762,0.8260869565217391,0.15200000000000002,0.038000000000000034,0.018,0.016,0.577,7700,0.9833333333333333,0.77,0.0,0.0,0.577,0.053,0.022,0.471
176,0,places,45056,45312,256,0.1640625,0.5799999833106995,194,48,0.9896907216494846,0.7916666666666666,0.897196261682243,0.9047619047619048,0.124,0.03500000000000003,0.016,0.014,0.589,7713,0.9866666666666667,0.7733333333333333,0.0,0.0,0.589,0.044,0.02,0.483
177,0,places,45312,45568,256,0.125,0.5799999833106995,192,46,0.984375,0.6086956521739131,0.84375,0.875,0.139,0.040000000000000036,0.015,0.013,0.589,7728,0.9866666666666667,0.7533333333333333,0.0,0.0,0.589,0.035,0.017,0.48
178,0,places,45568,45824,256,0.1484375,0.5799999833106995,192,46,0.9791666666666666,0.6521739130434783,0.8623853211009175,0.7894736842105263,0.135,0.03300000000000003,0.014,0.013,0.56,7748,0.9766666666666667,0.7366666666666667,0.0,0.0,0.56,0.036,0.019,0.466
179,0,places,45824,46080,256,0.19140625,0.5799999833106995,175,70,0.9885714285714285,0.6428571428571429,0.8357487922705314,0.9183673469387755,0.124,0.03200000000000003,0.012,0.011,0.56,7751,0.9833333333333333,0.71,0.0,0.0,0.56,0.039,0.018,0.469
180,0,places,46080,46336,256,0.16015625,0.5799999833106995,186,51,0.9838709677419355,0.6470588235294118,0.8511627906976744,0.8048780487804879,0.18000000000000005,0.041000000000000036,0.01,0.01,0.547,7767,0.9833333333333333,0.6866666666666666,0.0,0.0,0.547,0.03,0.013,0.457
181,0,places,46336,46592,256,0.1953125,0.5799999833106995,186,55,0.967741935483871,0.7818181818181819,0.8737864077669902,0.86,0.136,0.031000000000000028,0.009,0.008,0.559,7785,0.9733333333333334,0.6733333333333333,0.0,0.0,0.559,0.03,0.014,0.464
182,0,places,46592,46848,256,0.1875,0.5799999833106995,174,59,0.9827586206896551,0.6949152542372882,0.8221153846153846,0.8541666666666666,0.14300000000000002,0.03200000000000003,0.009,0.008,0.55,7797,0.9766666666666667,0.6766666666666666,0.0,0.0,0.55,0.033,0.019,0.44
183,0,places,46848,47104,256,0.19140625,0.5799999833106995,186,52,0.956989247311828,0.7884615384615384,0.8599033816425121,0.8367346938775511,0.16400000000000003,0.03500000000000003,0.012,0.011,0.549,7823,0.97,0.7066666666666667,0.0,0.0,0.549,0.039,0.012,0.444
184,0,places,47104,47360,256,0.1875,0.5799999833106995,187,53,0.983957219251337,0.7358490566037735,0.8846153846153846,0.8125,0.14500000000000002,0.03300000000000003,0.012,0.011,0.561,7837,0.9766666666666667,0.72,0.0,0.0,0.561,0.038,0.015,0.444
185,0,places,47360,47616,256,0.14453125,0.5799999833106995,194,47,0.9896907216494846,0.723404255319149,0.8767123287671232,0.918918918918919,0.14100000000000001,0.03400000000000003,0.014,0.013,0.573,7856,0.99,0.73,0.0,0.0,0.573,0.041,0.016,0.457
186,0,places,47616,47872,256,0.17578125,0.5799999833106995,183,51,0.9836065573770492,0.7843137254901961,0.8530805687203792,0.8888888888888888,0.134,0.04300000000000004,0.016,0.015,0.565,7872,0.9866666666666667,0.7466666666666667,0.0,0.0,0.565,0.05,0.022,0.461
187,0,places,47872,48128,256,0.171875,0.5799999833106995,184,52,0.967391304347826,0.7115384615384616,0.839622641509434,0.8409090909090909,0.14100000000000001,0.03700000000000003,0.017,0.016,0.569,7881,0.9733333333333334,0.75,0.0,0.0,0.569,0.05,0.021,0.483
188,0,places,48128,48384,256,0.125,0.5799999833106995,195,43,0.9948717948717949,0.6976744186046512,0.8660714285714286,0.9375,0.136,0.03600000000000003,0.019,0.018,0.561,7898,0.9833333333333333,0.7433333333333333,0.0,0.0,0.561,0.058,0.02,0.481
189,0,places,48384,48640,256,0.14453125,0.5799999833106995,187,45,0.9786096256684492,0.6666666666666666,0.8356164383561644,0.8108108108108109,0.124,0.04300000000000004,0.018,0.017,0.576,7906,0.9833333333333333,0.7233333333333334,0.0,0.0,0.576,0.058,0.02,0.498
190,0,places,48640,48896,256,0.11328125,0.5799999833106995,202,39,0.9801980198019802,0.5897435897435898,0.8722466960352423,0.7931034482758621,0.127,0.031000000000000028,0.016,0.015,0.563,7926,0.9833333333333333,0.6966666666666667,0.0,0.0,0.563,0.055,0.019,0.494
191,0,places,48896,49152,256,0.140625,0.5799999833106995,186,51,0.9946236559139785,0.6470588235294118,0.8409090909090909,0.9166666666666666,0.10899999999999999,0.041000000000000036,0.019,0.018,0.545,7944,0.9866666666666667,0.6933333333333334,0.0,0.0,0.545,0.057,0.017,0.479
192,0,places,49152,49408,256,0.1953125,0.5799999833106995,179,61,0.9888268156424581,0.7377049180327869,0.8592233009708737,0.9,0.15000000000000002,0.04800000000000004,0.019,0.019,0.542,7954,0.9933333333333333,0.69,0.0,0.0,0.542,0.053,0.018,0.467
193,0,places,49408,49664,256,0.16015625,0.5799999833106995,184,54,0.9836956521739131,0.6851851851851852,0.8418604651162791,0.9024390243902439,0.16600000000000004,0.04300000000000004,0.018,0.018,0.56,7965,0.9866666666666667,0.6733333333333333,0.0,0.0,0.56,0.048,0.015,0.468
194,0,places,49664,49920,256,0.16015625,0.5799999833106995,190,49,0.9789473684210527,0.7346938775510204,0.8651162790697674,0.8780487804878049,0.15100000000000002,0.040000000000000036,0.021,0.02,0.548,7974,0.9766666666666667,0.6833333333333333,0.0,0.0,0.548,0.052,0.013,0.438
195,0,places,49920,50176,256,0.15625,0.5799999833106995,175,53,0.9828571428571429,0.6792452830188679,0.7962962962962963,0.9,0.123,0.03300000000000003,0.019,0.018,0.56,7982,0.9766666666666667,0.6833333333333333,0.0,0.0,0.56,0.049,0.014,0.452
196,0,places,50176,50432,256,0.12109375,0.5799999833106995,193,43,0.9844559585492227,0.6046511627906976,0.8444444444444444,0.8387096774193549,0.14300000000000002,0.038000000000000034,0.019,0.018,0.57,7998,0.9833333333333333,0.6933333333333334,0.0,0.0,0.57,0.046,0.012,0.454
197,0,places,50432,50688,256,0.16796875,0.5799999833106995,183,54,0.9836065573770492,0.6851851851851852,0.8450704225352113,0.8604651162790697,0.11499999999999999,0.03700000000000003,0.011,0.01,0.565,8012,0.9866666666666667,0.6933333333333334,0.0,0.0,0.565,0.034,0.014,0.447
198,0,places,50688,50944,256,0.1796875,0.5799999833106995,190,52,0.9894736842105263,0.7884615384615384,0.8952380952380953,0.8913043478260869,0.14700000000000002,0.04400000000000004,0.016,0.015,0.586,8026,0.9866666666666667,0.6966666666666667,0.0,0.0,0.586,0.041,0.014,0.463
199,0,places,50944,51200,256,0.1796875,0.5799999833106995,184,53,0.9728260869565217,0.6792452830188679,0.8523809523809524,0.782608695652174,0.137,0.04500000000000004,0.015,0.014,0.57,8038,0.98,0.6966666666666667,0.0,0.0,0.57,0.043,0.017,0.456
200,0,places,51200,51456,256,0.1640625,0.5799999833106995,190,50,1.0,0.82,0.8878504672897196,0.9761904761904762,0.14300000000000002,0.03700000000000003,0.012,0.011,0.583,8050,0.9866666666666667,0.7133333333333334,0.0,0.0,0.583,0.044,0.017,0.475
201,0,places,51456,51712,256,0.19140625,0.5799999833106995,181,58,0.9723756906077348,0.7241379310344828,0.8502415458937198,0.8571428571428571,0.135,0.03300000000000003,0.012,0.012,0.569,8060,0.9833333333333333,0.7233333333333334,0.0,0.0,0.569,0.044,0.018,0.464
202,0,places,51712,51968,256,0.1796875,0.5799999833106995,194,52,0.9948453608247423,0.8269230769230769,0.919047619047619,0.9347826086956522,0.131,0.028000000000000025,0.013,0.012,0.57,8067,0.9833333333333333,0.7566666666666667,0.0,0.0,0.57,0.047,0.018,0.462
203,0,places,51968,52224,256,0.1640625,0.5799999833106995,190,54,0.9947368421052631,0.7037037037037037,0.883177570093458,0.9047619047619048,0.138,0.04300000000000004,0.016,0.015,0.57,8080,0.9966666666666667,0.7533333333333333,0.0,0.0,0.57,0.057,0.013,0.464
204,0,places,52224,52480,256,0.12890625,0.5799999833106995,198,38,0.9949494949494949,0.7631578947368421,0.8834080717488789,0.8787878787878788,0.14500000000000002,0.038000000000000034,0.018,0.017,0.597,8089,0.9966666666666667,0.75,0.0,0.0,0.597,0.054,0.012,0.484
205,0,places,52480,52736,256,0.17578125,0.5799999833106995,188,55,0.9893617021276596,0.7454545454545455,0.8815165876777251,0.9111111111111111,0.10699999999999998,0.041000000000000036,0.017,0.016,0.595,8095,0.9933333333333333,0.7633333333333333,0.0,0.0,0.595,0.043,0.012,0.481
206,0,places,52736,52992,256,0.1640625,0.5799999833106995,193,42,0.9792746113989638,0.7619047619047619,0.883177570093458,0.7619047619047619,0.14,0.03200000000000003,0.021,0.02,0.592,8105,0.9833333333333333,0.7533333333333333,0.0,0.0,0.592,0.049,0.008,0.462
207,0,places,52992,53248,256,0.1796875,0.5799999833106995,187,50,0.983957219251337,0.8,0.8761904761904762,0.8695652173913043,0.11499999999999999,0.03700000000000003,0.019,0.018,0.59,8114,0.98,0.7633333333333333,0.0,0.0,0.59,0.049,0.011,0.47
208,0,places,53248,53504,256,0.1484375,0.5799999833106995,184,48,1.0,0.7083333333333334,0.8440366972477065,0.8947368421052632,0.122,0.041000000000000036,0.018,0.017,0.575,8136,1.0,0.7533333333333333,0.0,0.0,0.575,0.046,0.012,0.449
209,0,places,53504,53760,256,0.18359375,0.5799999833106995,180,59,0.9777777777777777,0.6949152542372882,0.8421052631578947,0.8723404255319149,0.118,0.03600000000000003,0.015,0.014,0.575,8144,0.9866666666666667,0.7433333333333333,0.0,0.0,0.575,0.042,0.012,0.441
210,0,places,53760,54016,256,0.15234375,0.5799999833106995,184,57,0.9836956521739131,0.6140350877192983,0.8341013824884793,0.8974358974358975,0.15800000000000003,0.03500000000000003,0.013,0.012,0.565,8157,0.9766666666666667,0.7166666666666667,0.0,0.0,0.565,0.036,0.013,0.444
211,0,places,54016,54272,256,0.19921875,0.5799999833106995,188,57,0.9787234042553191,0.7894736842105263,0.8975609756097561,0.8823529411764706,0.14700000000000002,0.03500000000000003,0.011,0.01,0.574,8170,0.9833333333333333,0.72,0.0,0.0,0.574,0.032,0.015,0.452
212,0,places,54272,54528,256,0.1484375,0.5799999833106995,197,45,0.9949238578680203,0.7555555555555555,0.8990825688073395,0.8947368421052632,0.14,0.03700000000000003,0.01,0.009,0.584,8186,0.99,0.7233333333333334,0.0,0.0,0.584,0.039,0.016,0.451
213,0,places,54528,54784,256,0.14453125,0.5799999833106995,197,47,0.9898477157360406,0.6808510638297872,0.8904109589041096,0.8648648648648649,0.10199999999999998,0.03200000000000003,0.011,0.01,0.594,8204,0.99,0.7066666666666667,0.0,0.0,0.594,0.04,0.018,0.453
214,0,places,54784,55040,256,0.19140625,0.5799999833106995,184,54,0.9836956521739131,0.7777777777777778,0.8743961352657005,0.8571428571428571,0.11299999999999999,0.028000000000000025,0.011,0.01,0.595,8211,0.9866666666666667,0.7166666666666667,0.0,0.0,0.595,0.041,0.019,0.458
215,0,places,55040,55296,256,0.17578125,0.5799999833106995,194,53,0.979381443298969,0.7358490566037735,0.9004739336492891,0.8666666666666667,0.14500000000000002,0.03400000000000003,0.014,0.013,0.608,8218,0.98,0.7233333333333334,0.0,0.0,0.608,0.046,0.012,0.486
216,0,places,55296,55552,256,0.1328125,0.5799999833106995,197,38,0.9847715736040609,0.7631578947368421,0.8738738738738738,0.8529411764705882,0.124,0.038000000000000034,0.013,0.012,0.596,8232,0.98,0.7466666666666667,0.0,0.0,0.596,0.048,0.011,0.475
217,0,places,55552,55808,256,0.171875,0.5799999833106995,185,51,0.9945945945945946,0.7254901960784313,0.8679245283018868,0.8409090909090909,0.10099999999999998,0.029000000000000026,0.014,0.013,0.593,8246,0.99,0.74,0.0,0.0,0.593,0.05,0.016,0.472
218,0,places,55808,56064,256,0.16796875,0.5799999833106995,179,54,0.9832402234636871,0.7407407407407407,0.8262910798122066,0.9302325581395349,0.123,0.03700000000000003,0.012,0.011,0.599,8260,0.9866666666666667,0.74,0.0,0.0,0.599,0.047,0.02,0.472
219,0,places,56064,56320,256,0.1484375,0.5799999833106995,189,48,0.9788359788359788,0.6875,0.8486238532110092,0.868421052631579,0.129,0.030000000000000027,0.015,0.014,0.603,8274,0.98,0.7366666666666667,0.0,0.0,0.603,0.051,0.022,0.483
220,0,places,56320,56576,256,0.16015625,0.5799999833106995,203,41,0.9802955665024631,0.8780487804878049,0.9255813953488372,0.8780487804878049,0.11499999999999999,0.03500000000000003,0.015,0.014,0.614,8286,0.9833333333333333,0.7433333333333333,0.0,0.0,0.614,0.054,0.02,0.494
221,0,places,56576,56832,256,0.17578125,0.5799999833106995,185,49,0.9891891891891892,0.7346938775510204,0.8672985781990521,0.8,0.10899999999999999,0.028000000000000025,0.016,0.015,0.603,8293,0.9833333333333333,0.75,0.0,0.0,0.603,0.053,0.026,0.492
222,0,places,56832,57088,256,0.1640625,0.5799999833106995,187,47,0.983957219251337,0.7659574468085106,0.8598130841121495,0.8571428571428571,0.123,0.03200000000000003,0.015,0.014,0.591,8303,0.9833333333333333,0.7533333333333333,0.0,0.0,0.591,0.051,0.028,0.473
223,0,places,57088,57344,256,0.1484375,0.5799999833106995,180,56,1.0,0.625,0.8256880733944955,0.9210526315789473,0.10399999999999998,0.03700000000000003,0.015,0.014,0.602,8309,0.9933333333333333,0.7333333333333333,0.0,0.0,0.602,0.047,0.028,0.487
224,0,places,57344,57600,256,0.19921875,0.5799999833106995,177,59,0.9887005649717514,0.7966101694915254,0.8536585365853658,0.9215686274509803,0.14100000000000001,0.029000000000000026,0.015,0.014,0.595,8323,0.9933333333333333,0.7433333333333333,0.0,0.0,0.595,0.054,0.032,0.487
225,0,places,57600,57856,256,0.109375,0.5799999833106995,192,40,0.9895833333333334,0.6,0.8333333333333334,0.8571428571428571,0.15900000000000003,0.040000000000000036,0.017,0.016,0.607,8336,0.99,0.7333333333333333,0.0,0.0,0.607,0.056,0.027,0.494
226,0,places,57856,58112,256,0.1796875,0.5799999833106995,179,56,0.9832402234636871,0.6964285714285714,0.8380952380952381,0.8478260869565217,0.09699999999999998,0.030000000000000027,0.015,0.014,0.601,8351,0.9866666666666667,0.7066666666666667,0.0,0.0,0.601,0.054,0.032,0.497
227,0,places,58112,58368,256,0.16015625,0.5799999833106995,188,48,0.9893617021276596,0.7083333333333334,0.8651162790697674,0.8292682926829268,0.14800000000000002,0.04300000000000004,0.016,0.015,0.573,8358,0.9833333333333333,0.7033333333333334,0.0,0.0,0.573,0.046,0.025,0.468
228,0,places,58368,58624,256,0.203125,0.5799999833106995,178,61,0.9887640449438202,0.7704918032786885,0.8627450980392157,0.9038461538461539,0.128,0.04600000000000004,0.016,0.014,0.593,8369,0.99,0.7166666666666667,0.0,0.0,0.593,0.05,0.024,0.491
229,0,places,58624,58880,256,0.1171875,0.5799999833106995,195,42,0.9897435897435898,0.6190476190476191,0.8539823008849557,0.8666666666666667,0.132,0.026000000000000023,0.016,0.014,0.603,8376,0.9866666666666667,0.7066666666666667,0.0,0.0,0.603,0.052,0.021,0.498
230,0,places,58880,59136,256,0.16796875,0.5799999833106995,185,57,0.972972972972973,0.6491228070175439,0.8450704225352113,0.8604651162790697,0.13,0.03200000000000003,0.015,0.013,0.595,8386,0.9833333333333333,0.68,0.0,0.0,0.595,0.05,0.014,0.496
231,0,places,59136,59392,256,0.16015625,0.5799999833106995,190,48,0.9842105263157894,0.7083333333333334,0.8697674418604651,0.8292682926829268,0.121,0.03300000000000003,0.017,0.015,0.587,8392,0.98,0.6966666666666667,0.0,0.0,0.587,0.048,0.017,0.49
232,0,places,59392,59648,256,0.15625,0.5799999833106995,186,49,0.9946236559139785,0.7142857142857143,0.8564814814814815,0.875,0.11599999999999999,0.020000000000000018,0.018,0.016,0.605,8397,0.99,0.7,0.0,0.0,0.605,0.05,0.011,0.512
233,0,places,59648,59904,256,0.16015625,0.5799999833106995,188,51,0.9787234042553191,0.7254901960784313,0.8558139534883721,0.9024390243902439,0.12,0.03400000000000003,0.017,0.015,0.598,8408,0.9833333333333333,0.7066666666666667,0.0,0.0,0.598,0.056,0.013,0.521
234,0,places,59904,60000,96,0.17708333333333334,0.5799999833106995,71,21,0.9859154929577465,0.7619047619047619,0.8860759493670886,0.9411764705882353,0.14100000000000001,0.03200000000000003,0.016,0.015,0.586,8419,0.9833333333333333,0.7,0.0,0.0,0.586,0.058,0.01,0.506
235,1,textures_all,60000,60256,256,0.078125,0.5799999833106995,210,23,0.9619047619047619,0.21739130434782608,0.8559322033898306,0.25,0.06499999999999995,0.029000000000000026,0.017,0.016,0.066,8423,0.97,0.66,0.0,0.0,0.564,0.066,0.013,0.495
236,1,textures_all,60256,60512,256,0.05859375,0.5799999833106995,218,20,0.9678899082568807,0.25,0.8755186721991701,0.3333333333333333,0.07499999999999996,0.02400000000000002,0.017,0.016,0.076,8436,0.9666666666666667,0.6366666666666667,0.0,0.0,0.547,0.076,0.013,0.485
237,1,textures_all,60512,60768,256,0.07421875,0.5799999833106995,207,26,0.9758454106280193,0.38461538461538464,0.8523206751054853,0.5263157894736842,0.07399999999999995,0.041000000000000036,0.023,0.022,0.094,8446,0.9666666666666667,0.6033333333333334,0.0,0.0,0.533,0.094,0.014,0.478
238,1,textures_all,60768,61024,256,0.125,0.5799999833106995,191,36,0.9528795811518325,0.5,0.8125,0.5625,0.08299999999999996,0.03300000000000003,0.03,0.029,0.13,8466,0.96,0.5866666666666667,0.0,0.0,0.517,0.13,0.014,0.463
239,1,textures_all,61024,61280,256,0.08203125,0.5799999833106995,193,37,0.9896373056994818,0.43243243243243246,0.8127659574468085,0.7619047619047619,0.11599999999999999,0.040000000000000036,0.044,0.043,0.187,8509,0.9766666666666667,0.5633333333333334,0.0,0.0,0.474,0.187,0.016,0.423
240,1,textures_all,61280,61536,256,0.078125,0.5799999833106995,200,30,0.975,0.36666666666666664,0.826271186440678,0.55,0.136,0.03700000000000003,0.054,0.053,0.25,8562,0.9766666666666667,0.5266666666666666,0.0,0.0,0.405,0.25,0.019,0.382
241,1,textures_all,61536,61792,256,0.13671875,0.5799999833106995,185,49,0.9783783783783784,0.5510204081632653,0.8190045248868778,0.7714285714285715,0.132,0.04500000000000004,0.07,0.069,0.309,8615,0.98,0.49666666666666665,0.0,0.0,0.351,0.309,0.019,0.328
242,1,textures_all,61792,62048,256,0.06640625,0.5799999833106995,190,44,1.0,0.36363636363636365,0.7949790794979079,0.9411764705882353,0.16900000000000004,0.04400000000000004,0.09,0.089,0.394,8685,0.9933333333333333,0.45,0.0,0.0,0.281,0.394,0.019,0.255
243,1,textures_all,62048,62304,256,0.06640625,0.5799999833106995,190,43,1.0,0.3488372093023256,0.7949790794979079,0.8823529411764706,0.16200000000000003,0.031000000000000028,0.1,0.099,0.458,8769,1.0,0.39666666666666667,0.0,0.0,0.2,0.458,0.016,0.18
244,1,textures_all,62304,62560,256,0.12109375,0.5799999833106995,177,51,0.9717514124293786,0.47058823529411764,0.7644444444444445,0.7741935483870968,0.14100000000000001,0.031000000000000028,0.1,0.1,0.507,8849,0.9833333333333333,0.44,0.0,0.0,0.129,0.507,0.013,0.107
245,1,textures_all,62560,62816,256,0.09375,0.5799999833106995,185,39,1.0,0.5641025641025641,0.7974137931034483,0.9166666666666666,0.123,0.03200000000000003,0.11,0.11,0.531,8908,0.9866666666666667,0.44333333333333336,0.0,0.0,0.13,0.531,0.013,0.11
246,1,textures_all,62816,63072,256,0.125,0.5799999833106995,169,57,0.9881656804733728,0.47368421052631576,0.7455357142857143,0.84375,0.11699999999999999,0.04600000000000004,0.104,0.104,0.54,8982,0.9933333333333333,0.46,0.0,0.0,0.121,0.54,0.015,0.103
247,1,textures_all,63072,63328,256,0.09765625,0.5799999833106995,187,46,0.983957219251337,0.43478260869565216,0.7965367965367965,0.8,0.14900000000000002,0.030000000000000027,0.106,0.106,0.542,9063,0.9833333333333333,0.44666666666666666,0.0,0.0,0.098,0.542,0.016,0.081
248,1,textures_all,63328,63584,256,0.109375,0.5899999737739563,171,51,0.9941520467836257,0.49019607843137253,0.7456140350877193,0.8928571428571429,0.118,0.029000000000000026,0.099,0.098,0.532,9117,0.99,0.4633333333333333,0.0,0.0,0.083,0.532,0.018,0.071
249,1,textures_all,63584,63840,256,0.09375,0.5899999737739563,189,44,0.9947089947089947,0.5,0.8103448275862069,0.9166666666666666,0.14,0.030000000000000027,0.111,0.11,0.56,9184,0.9966666666666667,0.4766666666666667,0.0,0.0,0.062,0.56,0.018,0.057
250,1,textures_all,63840,64096,256,0.11328125,0.5899999737739563,171,50,0.9941520467836257,0.52,0.748898678414097,0.896551724137931,0.09599999999999997,0.03600000000000003,0.123,0.122,0.573,9228,0.9966666666666667,0.49,0.0,0.0,0.059,0.573,0.015,0.058
251,1,textures_all,64096,64352,256,0.09765625,0.5899999737739563,177,51,1.0,0.45098039215686275,0.7662337662337663,0.92,0.126,0.025000000000000022,0.137,0.136,0.594,9272,0.9966666666666667,0.48,0.0,0.0,0.052,0.594,0.009,0.044
252,1,textures_all,64352,64608,256,0.11328125,0.5899999737739563,167,56,0.9940119760479041,0.48214285714285715,0.7312775330396476,0.9310344827586207,0.11399999999999999,0.040000000000000036,0.128,0.127,0.601,9319,0.9966666666666667,0.48,0.0,0.0,0.047,0.601,0.007,0.039
253,1,textures_all,64608,64864,256,0.10546875,0.5899999737739563,171,57,0.9941520467836257,0.40350877192982454,0.74235807860262,0.8518518518518519,0.11399999999999999,0.03400000000000003,0.128,0.127,0.607,9376,0.9966666666666667,0.47333333333333333,0.0,0.0,0.046,0.607,0.004,0.042
254,1,textures_all,64864,65120,256,0.12109375,0.5899999737739563,181,50,0.9834254143646409,0.54,0.7911111111111111,0.8709677419354839,0.128,0.02300000000000002,0.126,0.125,0.602,9432,0.99,0.47,0.0,0.0,0.038,0.602,0.002,0.04
255,1,textures_all,65120,65376,256,0.109375,0.5899999737739563,176,55,0.9943181818181818,0.4727272727272727,0.7675438596491229,0.9285714285714286,0.09699999999999998,0.018000000000000016,0.126,0.126,0.613,9472,0.9866666666666667,0.47333333333333333,0.0,0.0,0.041,0.613,0.005,0.046
256,1,textures_all,65376,65632,256,0.08984375,0.5899999737739563,175,54,0.9942857142857143,0.4074074074074074,0.7467811158798283,0.9565217391304348,0.10799999999999998,0.027000000000000024,0.123,0.123,0.615,9516,0.9933333333333333,0.4533333333333333,0.0,0.0,0.048,0.615,0.015,0.048
257,1,textures_all,65632,65888,256,0.12109375,0.5899999737739563,174,55,1.0,0.5272727272727272,0.7733333333333333,0.9354838709677419,0.10499999999999998,0.028000000000000025,0.129,0.129,0.618,9540,0.9966666666666667,0.47333333333333333,0.0,0.0,0.05,0.618,0.014,0.05
258,1,textures_all,65888,66144,256,0.1015625,0.5899999737739563,182,45,0.9835164835164835,0.4666666666666667,0.7782608695652173,0.8076923076923077,0.138,0.03500000000000003,0.129,0.129,0.635,9580,0.99,0.47333333333333333,0.0,0.0,0.053,0.635,0.015,0.051
259,1,textures_all,66144,66400,256,0.09375,0.5899999737739563,183,49,1.0,0.4489795918367347,0.7887931034482759,0.9166666666666666,0.10899999999999999,0.031000000000000028,0.116,0.116,0.609,9614,0.99,0.4766666666666667,0.0,0.0,0.052,0.609,0.016,0.052
260,1,textures_all,66400,66656,256,0.10546875,0.5899999737739563,186,47,0.9946236559139785,0.5319148936170213,0.8078602620087336,0.9259259259259259,0.125,0.03200000000000003,0.119,0.119,0.609,9657,0.9966666666666667,0.47333333333333333,0.0,0.0,0.051,0.609,0.021,0.049
261,1,textures_all,66656,66912,256,0.09375,0.5899999737739563,181,46,1.0,0.45652173913043476,0.7801724137931034,0.875,0.10099999999999998,0.029000000000000026,0.122,0.122,0.605,9698,0.9966666666666667,0.47,0.0,0.0,0.045,0.605,0.024,0.041
262,1,textures_all,66912,67168,256,0.1015625,0.5899999737739563,180,52,0.9944444444444445,0.46153846153846156,0.7782608695652173,0.9230769230769231,0.10899999999999999,0.031000000000000028,0.12,0.119,0.603,9728,0.9966666666666667,0.4766666666666667,0.0,0.0,0.043,0.603,0.012,0.042
263,1,textures_all,67168,67424,256,0.109375,0.5899999737739563,183,54,0.9890710382513661,0.48148148148148145,0.793859649122807,0.9285714285714286,0.09599999999999997,0.02100000000000002,0.112,0.112,0.597,9749,0.99,0.4766666666666667,0.0,0.0,0.047,0.597,0.012,0.046
264,1,textures_all,67424,67680,256,0.09765625,0.5899999737739563,188,43,0.9893617021276596,0.5348837209302325,0.8051948051948052,0.92,0.11299999999999999,0.02400000000000002,0.111,0.111,0.607,9781,0.99,0.4766666666666667,0.0,0.0,0.04,0.607,0.013,0.039
265,1,textures_all,67680,67936,256,0.09765625,0.5899999737739563,193,46,1.0,0.5217391304347826,0.8354978354978355,0.96,0.08999999999999997,0.029000000000000026,0.111,0.111,0.607,9806,0.9933333333333333,0.4866666666666667,0.0,0.0,0.039,0.607,0.01,0.038
266,1,textures_all,67936,68192,256,0.08203125,0.5899999737739563,191,44,0.9947643979057592,0.45454545454545453,0.8085106382978723,0.9523809523809523,0.12,0.028000000000000025,0.097,0.097,0.597,9845,0.9966666666666667,0.48,0.0,0.0,0.031,0.597,0.019,0.034
267,1,textures_all,68192,68448,256,0.12109375,0.5899999737739563,168,49,1.0,0.5714285714285714,0.7466666666666667,0.9032258064516129,0.11099999999999999,0.03700000000000003,0.102,0.102,0.591,9877,1.0,0.49666666666666665,0.0,0.0,0.028,0.591,0.022,0.029
268,1,textures_all,68448,68704,256,0.08984375,0.5899999737739563,189,46,1.0,0.45652173913043476,0.8111587982832618,0.9130434782608695,0.10499999999999998,0.030000000000000027,0.106,0.106,0.582,9905,1.0,0.51,0.0,0.0,0.028,0.582,0.015,0.03
269,1,textures_all,68704,68960,256,0.109375,0.5899999737739563,177,53,1.0,0.49056603773584906,0.7763157894736842,0.9285714285714286,0.09399999999999997,0.02400000000000002,0.112,0.112,0.604,9926,1.0,0.49666666666666665,0.0,0.0,0.029,0.604,0.017,0.029
270,1,textures_all,68960,69216,256,0.10546875,0.5899999737739563,182,54,1.0,0.5,0.7947598253275109,1.0,0.10599999999999998,0.030000000000000027,0.114,0.114,0.601,9953,1.0,0.5033333333333333,0.0,0.0,0.023,0.601,0.02,0.024
271,1,textures_all,69216,69472,256,0.1015625,0.5899999737739563,177,50,1.0,0.52,0.7695652173913043,1.0,0.10899999999999999,0.03600000000000003,0.109,0.109,0.587,9992,1.0,0.5033333333333333,0.0,0.0,0.028,0.587,0.022,0.028
272,1,textures_all,69472,69728,256,0.12109375,0.5899999737739563,178,58,0.9943820224719101,0.5172413793103449,0.7866666666666666,0.967741935483871,0.122,0.02300000000000002,0.126,0.126,0.608,10028,0.9966666666666667,0.5133333333333333,0.0,0.0,0.036,0.608,0.022,0.033
273,1,textures_all,69728,69984,256,0.05859375,0.5899999737739563,198,43,1.0,0.3488372093023256,0.8215767634854771,1.0,0.12,0.03700000000000003,0.115,0.116,0.612,10061,1.0,0.4766666666666667,0.0,0.0,0.04,0.612,0.022,0.037
274,1,textures_all,69984,70240,256,0.15234375,0.5899999737739563,181,55,0.988950276243094,0.6363636363636364,0.8248847926267281,0.8974358974358975,0.10799999999999998,0.018000000000000016,0.104,0.105,0.602,10099,0.9933333333333333,0.5166666666666667,0.0,0.0,0.038,0.602,0.026,0.032
275,1,textures_all,70240,70496,256,0.08203125,0.5899999737739563,184,53,0.9945652173913043,0.3584905660377358,0.7787234042553192,0.9047619047619048,0.10099999999999998,0.020000000000000018,0.106,0.106,0.61,10122,0.9933333333333333,0.48333333333333334,0.0,0.0,0.04,0.61,0.023,0.034
276,1,textures_all,70496,70752,256,0.08984375,0.5899999737739563,188,36,1.0,0.5277777777777778,0.8068669527896996,0.8260869565217391,0.10999999999999999,0.03600000000000003,0.096,0.096,0.591,10154,1.0,0.4866666666666667,0.0,0.0,0.038,0.591,0.019,0.034
277,1,textures_all,70752,71008,256,0.078125,0.5899999737739563,192,39,1.0,0.48717948717948717,0.8135593220338984,0.95,0.06799999999999995,0.02200000000000002,0.103,0.103,0.601,10170,1.0,0.48,0.0,0.0,0.033,0.601,0.019,0.03
278,1,textures_all,71008,71264,256,0.12109375,0.5899999737739563,175,53,1.0,0.5471698113207547,0.7777777777777778,0.9354838709677419,0.09799999999999998,0.029000000000000026,0.111,0.111,0.607,10189,1.0,0.5,0.0,0.0,0.034,0.607,0.013,0.033
279,1,textures_all,71264,71520,256,0.1171875,0.5899999737739563,172,50,1.0,0.54,0.7610619469026548,0.9,0.124,0.02400000000000002,0.12,0.121,0.622,10214,1.0,0.5233333333333333,0.0,0.0,0.035,0.622,0.014,0.035
280,1,textures_all,71520,71776,256,0.1171875,0.5899999737739563,175,51,0.9885714285714285,0.5490196078431373,0.7654867256637168,0.9333333333333333,0.13,0.03200000000000003,0.128,0.129,0.656,10240,0.9933333333333333,0.5066666666666667,0.0,0.0,0.036,0.656,0.023,0.037
281,1,textures_all,71776,72032,256,0.09765625,0.5899999737739563,183,43,0.994535519125683,0.5348837209302325,0.7878787878787878,0.92,0.127,0.03400000000000003,0.125,0.126,0.65,10269,0.9933333333333333,0.52,0.0,0.0,0.035,0.65,0.024,0.034
282,1,textures_all,72032,72288,256,0.08984375,0.5899999737739563,200,36,0.995,0.6111111111111112,0.8540772532188842,0.9565217391304348,0.10699999999999998,0.029000000000000026,0.133,0.134,0.662,10288,0.9933333333333333,0.54,0.0,0.0,0.037,0.662,0.022,0.035
283,1,textures_all,72288,72544,256,0.0859375,0.5899999737739563,182,47,1.0,0.46808510638297873,0.7777777777777778,1.0,0.09799999999999998,0.04400000000000004,0.145,0.146,0.65,10300,0.9966666666666667,0.54,0.0,0.0,0.039,0.65,0.019,0.039
284,1,textures_all,72544,72800,256,0.11328125,0.5899999737739563,176,56,0.9886363636363636,0.44642857142857145,0.7665198237885462,0.8620689655172413,0.11199999999999999,0.027000000000000024,0.136,0.137,0.638,10321,0.9933333333333333,0.5166666666666667,0.0,0.0,0.035,0.638,0.027,0.034
285,1,textures_all,72800,73056,256,0.109375,0.5899999737739563,177,59,0.9943502824858758,0.4576271186440678,0.7719298245614035,0.9642857142857143,0.11299999999999999,0.025000000000000022,0.124,0.124,0.623,10347,0.99,0.5133333333333333,0.0,0.0,0.038,0.623,0.03,0.036
286,1,textures_all,73056,73312,256,0.1015625,0.5899999737739563,176,48,1.0,0.5208333333333334,0.7652173913043478,0.9615384615384616,0.128,0.028000000000000025,0.114,0.114,0.623,10374,0.9966666666666667,0.5,0.0,0.0,0.034,0.623,0.032,0.03
287,1,textures_all,73312,73568,256,0.09375,0.5899999737739563,181,49,1.0,0.46938775510204084,0.7801724137931034,0.9583333333333334,0.10999999999999999,0.02400000000000002,0.12,0.12,0.623,10392,1.0,0.4866666666666667,0.0,0.0,0.027,0.623,0.024,0.026
288,1,textures_all,73568,73824,256,0.0625,0.5899999737739563,197,43,1.0,0.37209302325581395,0.8208333333333333,1.0,0.11099999999999999,0.026000000000000023,0.128,0.128,0.625,10409,1.0,0.45666666666666667,0.0,0.0,0.028,0.625,0.026,0.025
289,1,textures_all,73824,74080,256,0.125,0.5899999737739563,174,61,1.0,0.5245901639344263,0.7767857142857143,1.0,0.09999999999999998,0.03200000000000003,0.114,0.114,0.602,10427,1.0,0.4666666666666667,0.0,0.0,0.028,0.602,0.025,0.026
290,1,textures_all,74080,74336,256,0.0859375,0.5899999737739563,184,52,0.9945652173913043,0.38461538461538464,0.782051282051282,0.9090909090909091,0.14600000000000002,0.031000000000000028,0.111,0.111,0.596,10463,0.9966666666666667,0.4533333333333333,0.0,0.0,0.03,0.596,0.014,0.028
291,1,textures_all,74336,74592,256,0.0859375,0.5899999737739563,182,47,1.0,0.46808510638297873,0.7777777777777778,1.0,0.10599999999999998,0.03700000000000003,0.107,0.107,0.594,10486,0.9966666666666667,0.46,0.0,0.0,0.03,0.594,0.011,0.026
292,1,textures_all,74592,74848,256,0.0859375,0.5899999737739563,184,43,1.0,0.4883720930232558,0.7863247863247863,0.9545454545454546,0.09399999999999997,0.02400000000000002,0.105,0.105,0.589,10500,1.0,0.46,0.0,0.0,0.035,0.589,0.012,0.032
293,1,textures_all,74848,75104,256,0.1171875,0.5899999737739563,168,59,1.0,0.4745762711864407,0.7433628318584071,0.9333333333333333,0.08199999999999996,0.03200000000000003,0.094,0.093,0.584,10516,1.0,0.45,0.0,0.0,0.036,0.584,0.013,0.032
294,1,textures_all,75104,75360,256,0.09375,0.5899999737739563,188,51,1.0,0.47058823529411764,0.8103448275862069,1.0,0.122,0.02300000000000002,0.083,0.082,0.577,10539,1.0,0.47333333333333333,0.0,0.0,0.034,0.577,0.03,0.029
295,1,textures_all,75360,75616,256,0.13671875,0.5899999737739563,180,55,0.9888888888888889,0.5818181818181818,0.8054298642533937,0.9142857142857143,0.11299999999999999,0.02300000000000002,0.081,0.08,0.589,10560,0.9933333333333333,0.4866666666666667,0.0,0.0,0.033,0.589,0.031,0.03
296,1,textures_all,75616,75872,256,0.08984375,0.5899999737739563,192,40,1.0,0.55,0.8240343347639485,0.9565217391304348,0.11199999999999999,0.04200000000000004,0.086,0.085,0.609,10580,0.9966666666666667,0.5066666666666667,0.0,0.0,0.034,0.609,0.028,0.031
297,1,textures_all,75872,76128,256,0.125,0.5899999737739563,173,59,0.9942196531791907,0.5084745762711864,0.7678571428571429,0.9375,0.09499999999999997,0.026000000000000023,0.094,0.093,0.623,10593,0.9966666666666667,0.51,0.0,0.0,0.044,0.623,0.029,0.041
298,1,textures_all,76128,76384,256,0.06640625,0.5899999737739563,182,49,1.0,0.32653061224489793,0.7615062761506276,0.9411764705882353,0.122,0.031000000000000028,0.08,0.08,0.605,10622,0.9966666666666667,0.49,0.0,0.0,0.046,0.605,0.03,0.043
299,1,textures_all,76384,76640,256,0.10546875,0.5899999737739563,176,54,0.9943181818181818,0.48148148148148145,0.7641921397379913,0.9629629629629629,0.10399999999999998,0.03200000000000003,0.076,0.076,0.576,10648,0.9966666666666667,0.4866666666666667,0.0,0.0,0.043,0.576,0.028,0.038
300,1,textures_all,76640,76896,256,0.125,0.5899999737739563,183,48,0.9836065573770492,0.5416666666666666,0.8035714285714286,0.8125,0.11199999999999999,0.02100000000000002,0.081,0.081,0.571,10669,0.9866666666666667,0.49,0.0,0.0,0.043,0.571,0.017,0.04
301,1,textures_all,76896,77152,256,0.1015625,0.5899999737739563,183,47,0.9836065573770492,0.46808510638297873,0.782608695652174,0.8461538461538461,0.10299999999999998,0.03200000000000003,0.084,0.084,0.553,10691,0.9833333333333333,0.48,0.0,0.0,0.043,0.553,0.014,0.04
302,1,textures_all,77152,77408,256,0.10546875,0.5899999737739563,173,53,1.0,0.49056603773584906,0.7554585152838428,0.9629629629629629,0.121,0.03400000000000003,0.088,0.088,0.554,10725,1.0,0.47,0.0,0.0,0.048,0.554,0.016,0.044
303,1,textures_all,77408,77664,256,0.125,0.5899999737739563,170,53,0.9882352941176471,0.5094339622641509,0.75,0.84375,0.14400000000000002,0.031000000000000028,0.092,0.092,0.554,10751,0.9933333333333333,0.47333333333333333,0.0,0.0,0.035,0.554,0.01,0.036
304,1,textures_all,77664,77920,256,0.14453125,0.5899999737739563,168,63,1.0,0.5555555555555556,0.7671232876712328,0.9459459459459459,0.128,0.03500000000000003,0.101,0.101,0.56,10783,0.9933333333333333,0.5066666666666667,0.0,0.0,0.041,0.56,0.01,0.036
305,1,textures_all,77920,78176,256,0.14453125,0.5899999737739563,176,55,1.0,0.6181818181818182,0.8036529680365296,0.918918918918919,0.15400000000000003,0.03500000000000003,0.108,0.108,0.579,10811,1.0,0.54,0.0,0.0,0.042,0.579,0.016,0.04
306,1,textures_all,78176,78432,256,0.0859375,0.5899999737739563,178,50,1.0,0.42,0.7606837606837606,0.9545454545454546,0.119,0.026000000000000023,0.112,0.112,0.594,10833,1.0,0.5133333333333333,0.0,0.0,0.048,0.594,0.012,0.048
307,1,textures_all,78432,78688,256,0.09375,0.5899999737739563,173,51,0.9942196531791907,0.43137254901960786,0.7413793103448276,0.9166666666666666,0.09299999999999997,0.02300000000000002,0.106,0.106,0.587,10841,0.9966666666666667,0.5133333333333333,0.0,0.0,0.043,0.587,0.017,0.046
308,1,textures_all,78688,78944,256,0.078125,0.5899999737739563,184,45,0.9945652173913043,0.4,0.7754237288135594,0.9,0.128,0.029000000000000026,0.123,0.123,0.608,10863,0.9933333333333333,0.5,0.0,0.0,0.049,0.608,0.017,0.049
309,1,textures_all,78944,79200,256,0.09765625,0.5899999737739563,188,44,1.0,0.5681818181818182,0.8138528138528138,1.0,0.09599999999999997,0.026000000000000023,0.128,0.128,0.607,10880,0.9966666666666667,0.5066666666666667,0.0,0.0,0.047,0.607,0.016,0.049
310,1,textures_all,79200,79456,256,0.16015625,0.5899999737739563,184,58,0.9836956521739131,0.6379310344827587,0.8418604651162791,0.9024390243902439,0.09699999999999998,0.026000000000000023,0.137,0.137,0.618,10892,0.99,0.5133333333333333,0.0,0.0,0.048,0.618,0.018,0.051
311,1,textures_all,79456,79712,256,0.078125,0.5899999737739563,189,45,0.9947089947089947,0.4222222222222222,0.7966101694915254,0.95,0.125,0.020000000000000018,0.138,0.138,0.628,10908,0.99,0.49,0.0,0.0,0.045,0.628,0.018,0.046
312,1,textures_all,79712,79968,256,0.09375,0.5899999737739563,168,58,0.9940476190476191,0.3620689655172414,0.7198275862068966,0.875,0.11199999999999999,0.026000000000000023,0.137,0.137,0.62,10926,0.9933333333333333,0.47,0.0,0.0,0.043,0.62,0.016,0.043
313,1,textures_all,79968,80224,256,0.078125,0.5899999737739563,192,43,0.9947916666666666,0.37209302325581395,0.809322033898305,0.8,0.137,0.04300000000000004,0.125,0.125,0.608,10953,0.9933333333333333,0.46,0.0,0.0,0.043,0.608,0.016,0.041
314,1,textures_all,80224,80480,256,0.11328125,0.5899999737739563,188,48,0.9840425531914894,0.5416666666666666,0.8149779735682819,0.896551724137931,0.10399999999999998,0.03700000000000003,0.116,0.116,0.59,10961,0.99,0.48333333333333334,0.0,0.0,0.042,0.59,0.016,0.045
315,1,textures_all,80480,80736,256,0.09375,0.5899999737739563,178,53,1.0,0.41509433962264153,0.7672413793103449,0.9166666666666666,0.11599999999999999,0.039000000000000035,0.119,0.119,0.603,10973,0.99,0.4633333333333333,0.0,0.0,0.043,0.603,0.019,0.044
316,1,textures_all,80736,80992,256,0.11328125,0.5899999737739563,173,50,1.0,0.54,0.762114537444934,0.9310344827586207,0.122,0.025000000000000022,0.115,0.115,0.602,10985,1.0,0.44333333333333336,0.0,0.0,0.038,0.602,0.025,0.039
317,1,textures_all,80992,81248,256,0.078125,0.5899999737739563,178,47,1.0,0.40425531914893614,0.7542372881355932,0.95,0.10099999999999998,0.029000000000000026,0.105,0.105,0.575,11001,1.0,0.44,0.0,0.0,0.04,0.575,0.022,0.039
318,1,textures_all,81248,81504,256,0.0859375,0.5899999737739563,180,51,1.0,0.43137254901960786,0.7692307692307693,1.0,0.08399999999999996,0.025000000000000022,0.098,0.098,0.589,11014,1.0,0.45666666666666667,0.0,0.0,0.041,0.589,0.025,0.042
319,1,textures_all,81504,81760,256,0.109375,0.5899999737739563,183,51,0.994535519125683,0.47058823529411764,0.7982456140350878,0.8571428571428571,0.10899999999999999,0.027000000000000024,0.102,0.102,0.6,11027,0.9966666666666667,0.4666666666666667,0.0,0.0,0.045,0.6,0.012,0.043
320,1,textures_all,81760,82016,256,0.0703125,0.5899999737739563,186,39,0.9946236559139785,0.4358974358974359,0.7773109243697479,0.9444444444444444,0.11299999999999999,0.029000000000000026,0.108,0.108,0.588,11041,0.9933333333333333,0.45666666666666667,0.0,0.0,0.046,0.588,0.02,0.046
321,1,textures_all,82016,82272,256,0.10546875,0.5899999737739563,185,48,0.9945945945945946,0.4791666666666667,0.8034934497816594,0.8518518518518519,0.11099999999999999,0.026000000000000023,0.105,0.105,0.579,11058,0.9933333333333333,0.4633333333333333,0.0,0.0,0.044,0.579,0.031,0.046
322,1,textures_all,82272,82528,256,0.08984375,0.5899999737739563,170,56,1.0,0.4107142857142857,0.7296137339055794,1.0,0.10099999999999998,0.03400000000000003,0.104,0.105,0.579,11075,1.0,0.44333333333333336,0.0,0.0,0.044,0.579,0.028,0.047
323,1,textures_all,82528,82784,256,0.12890625,0.5899999737739563,158,62,1.0,0.5161290322580645,0.7085201793721974,0.9696969696969697,0.125,0.028000000000000025,0.11,0.111,0.57,11094,1.0,0.46,0.0,0.0,0.038,0.57,0.031,0.045
324,1,textures_all,82784,83040,256,0.1328125,0.5899999737739563,167,58,0.9940119760479041,0.5689655172413793,0.7477477477477478,0.9705882352941176,0.137,0.02300000000000002,0.106,0.107,0.556,11119,0.9966666666666667,0.48333333333333334,0.0,0.0,0.035,0.556,0.04,0.041
325,1,textures_all,83040,83296,256,0.125,0.5899999737739563,176,60,1.0,0.5,0.7857142857142857,0.9375,0.11299999999999999,0.026000000000000023,0.103,0.104,0.558,11137,0.9966666666666667,0.49,0.0,0.0,0.041,0.558,0.042,0.043
326,1,textures_all,83296,83552,256,0.08984375,0.5799999833106995,184,46,0.9891304347826086,0.43478260869565216,0.7811158798283262,0.8695652173913043,0.123,0.031000000000000028,0.102,0.103,0.569,11152,0.9933333333333333,0.4866666666666667,0.0,0.0,0.04,0.569,0.036,0.039
327,1,textures_all,83552,83808,256,0.08984375,0.5899999737739563,180,48,0.9944444444444445,0.4166666666666667,0.7682403433476395,0.8695652173913043,0.09599999999999997,0.028000000000000025,0.098,0.098,0.578,11164,0.9933333333333333,0.4866666666666667,0.0,0.0,0.032,0.578,0.03,0.028
328,1,textures_all,83808,84064,256,0.09765625,0.5899999737739563,183,44,1.0,0.5227272727272727,0.7922077922077922,0.92,0.09199999999999997,0.027000000000000024,0.096,0.096,0.582,11177,0.9966666666666667,0.51,0.0,0.0,0.037,0.582,0.032,0.033
329,1,textures_all,84064,84320,256,0.11328125,0.5799999833106995,177,55,1.0,0.509090909090909,0.7797356828193832,0.9655172413793104,0.10099999999999998,0.02400000000000002,0.09,0.091,0.582,11193,1.0,0.4866666666666667,0.0,0.0,0.042,0.582,0.034,0.038
330,1,textures_all,84320,84576,256,0.078125,0.5899999737739563,184,44,0.9891304347826086,0.3409090909090909,0.7711864406779662,0.75,0.125,0.03500000000000003,0.088,0.089,0.569,11209,0.9933333333333333,0.46,0.0,0.0,0.043,0.569,0.026,0.037
331,1,textures_all,84576,84832,256,0.1171875,0.5899999737739563,182,41,1.0,0.6097560975609756,0.8053097345132744,0.8333333333333334,0.10599999999999998,0.026000000000000023,0.09,0.091,0.553,11227,0.9966666666666667,0.4633333333333333,0.0,0.0,0.035,0.553,0.038,0.032
332,1,textures_all,84832,85088,256,0.08984375,0.5899999737739563,188,44,0.9946808510638298,0.4772727272727273,0.8025751072961373,0.9130434782608695,0.07799999999999996,0.027000000000000024,0.093,0.094,0.55,11247,0.9966666666666667,0.4766666666666667,0.0,0.0,0.032,0.55,0.04,0.029
333,1,textures_all,85088,85344,256,0.08203125,0.5899999737739563,175,58,1.0,0.3620689655172414,0.7446808510638298,1.0,0.13,0.030000000000000027,0.095,0.096,0.556,11270,0.9966666666666667,0.4666666666666667,0.0,0.0,0.037,0.556,0.038,0.035
334,1,textures_all,85344,85600,256,0.0625,0.5899999737739563,192,42,0.9947916666666666,0.30952380952380953,0.7958333333333333,0.8125,0.11699999999999999,0.025000000000000022,0.093,0.094,0.546,11293,0.9966666666666667,0.44,0.0,0.0,0.04,0.546,0.038,0.035
335,1,textures_all,85600,85856,256,0.12890625,0.5899999737739563,173,63,1.0,0.5079365079365079,0.7757847533632287,0.9696969696969697,0.11299999999999999,0.031000000000000028,0.085,0.085,0.559,11308,0.9966666666666667,0.43666666666666665,0.0,0.0,0.043,0.559,0.033,0.036
336,1,textures_all,85856,86112,256,0.0859375,0.5899999737739563,190,38,0.9947368421052631,0.5526315789473685,0.8076923076923077,0.9545454545454546,0.133,0.040000000000000036,0.082,0.083,0.53,11334,0.9966666666666667,0.4633333333333333,0.0,0.0,0.037,0.53,0.036,0.028
337,1,textures_all,86112,86368,256,0.10546875,0.5899999737739563,182,46,0.989010989010989,0.5434782608695652,0.7860262008733624,0.9259259259259259,0.09499999999999997,0.031000000000000028,0.082,0.082,0.541,11349,0.99,0.4533333333333333,0.0,0.0,0.039,0.541,0.027,0.031
338,1,textures_all,86368,86624,256,0.140625,0.5899999737739563,173,65,0.9942196531791907,0.5384615384615384,0.7818181818181819,0.9722222222222222,0.10299999999999998,0.031000000000000028,0.083,0.083,0.539,11359,0.99,0.4766666666666667,0.0,0.0,0.034,0.539,0.023,0.033
339,1,textures_all,86624,86880,256,0.09375,0.5899999737739563,188,41,1.0,0.5365853658536586,0.8103448275862069,0.9166666666666666,0.14700000000000002,0.03500000000000003,0.087,0.087,0.562,11377,0.9966666666666667,0.5033333333333333,0.0,0.0,0.041,0.562,0.032,0.037
340,1,textures_all,86880,87136,256,0.1171875,0.5899999737739563,178,55,1.0,0.509090909090909,0.7876106194690266,0.9333333333333333,0.09699999999999998,0.029000000000000026,0.091,0.091,0.585,11386,1.0,0.5266666666666666,0.0,0.0,0.041,0.585,0.032,0.037
341,1,textures_all,87136,87392,256,0.09765625,0.5899999737739563,181,49,1.0,0.46938775510204084,0.7835497835497836,0.92,0.10299999999999998,0.03600000000000003,0.084,0.085,0.584,11398,1.0,0.5266666666666666,0.0,0.0,0.043,0.584,0.028,0.038
342,1,textures_all,87392,87648,256,0.10546875,0.5899999737739563,175,57,0.9942857142857143,0.45614035087719296,0.759825327510917,0.9629629629629629,0.10799999999999998,0.031000000000000028,0.09,0.09,0.597,11406,0.9966666666666667,0.5,0.0,0.0,0.052,0.597,0.027,0.048
343,1,textures_all,87648,87904,256,0.14453125,0.5899999737739563,174,56,0.9885057471264368,0.6071428571428571,0.7853881278538812,0.918918918918919,0.14800000000000002,0.027000000000000024,0.088,0.089,0.598,11415,0.99,0.5133333333333333,0.0,0.0,0.049,0.598,0.018,0.045
344,1,textures_all,87904,88160,256,0.11328125,0.5899999737739563,175,49,1.0,0.5714285714285714,0.7709251101321586,0.9655172413793104,0.122,0.03400000000000003,0.081,0.081,0.597,11431,0.9966666666666667,0.5266666666666666,0.0,0.0,0.049,0.597,0.011,0.045
345,1,textures_all,88160,88416,256,0.07421875,0.5899999737739563,179,38,0.994413407821229,0.42105263157894735,0.7510548523206751,0.8421052631578947,0.11399999999999999,0.027000000000000024,0.088,0.088,0.592,11451,0.9966666666666667,0.51,0.0,0.0,0.049,0.592,0.002,0.041
346,1,textures_all,88416,88672,256,0.06640625,0.5899999737739563,189,41,1.0,0.4146341463414634,0.7907949790794979,1.0,0.09199999999999997,0.020000000000000018,0.079,0.079,0.564,11461,1.0,0.49666666666666665,0.0,0.0,0.047,0.564,0.003,0.036
347,1,textures_all,88672,88928,256,0.12109375,0.5899999737739563,177,56,0.9887005649717514,0.5178571428571429,0.7777777777777778,0.9354838709677419,0.10099999999999998,0.03200000000000003,0.076,0.076,0.563,11473,0.9933333333333333,0.5033333333333333,0.0,0.0,0.049,0.563,0.007,0.038
348,1,textures_all,88928,89184,256,0.1171875,0.5899999737739563,176,57,0.9943181818181818,0.47368421052631576,0.7743362831858407,0.9,0.10699999999999998,0.028000000000000025,0.084,0.084,0.566,11483,0.99,0.51,0.0,0.0,0.036,0.566,0.006,0.026
349,1,textures_all,89184,89440,256,0.109375,0.5899999737739563,174,53,0.9942528735632183,0.4716981132075472,0.7587719298245614,0.8928571428571429,0.133,0.026000000000000023,0.078,0.078,0.59,11506,0.9933333333333333,0.4866666666666667,0.0,0.0,0.033,0.59,0.007,0.023
350,1,textures_all,89440,89696,256,0.109375,0.5899999737739563,177,52,1.0,0.5384615384615384,0.7763157894736842,1.0,0.121,0.030000000000000027,0.086,0.086,0.576,11526,0.9966666666666667,0.48,0.0,0.0,0.032,0.576,0.009,0.022
351,1,textures_all,89696,89952,256,0.0859375,0.5899999737739563,181,43,1.0,0.46511627906976744,0.7735042735042735,0.9090909090909091,0.121,0.03400000000000003,0.082,0.082,0.563,11540,1.0,0.4866666666666667,0.0,0.0,0.037,0.563,0.02,0.026
352,1,textures_all,89952,90208,256,0.0859375,0.5899999737739563,182,45,1.0,0.4888888888888889,0.7777777777777778,1.0,0.10599999999999998,0.02200000000000002,0.088,0.088,0.585,11550,1.0,0.49333333333333335,0.0,0.0,0.042,0.585,0.025,0.033
353,1,textures_all,90208,90464,256,0.1015625,0.5899999737739563,174,47,0.9885057471264368,0.46808510638297873,0.7478260869565218,0.8461538461538461,0.09099999999999997,0.028000000000000025,0.093,0.093,0.591,11563,0.9933333333333333,0.4866666666666667,0.0,0.0,0.04,0.591,0.024,0.03
354,1,textures_all,90464,90720,256,0.1015625,0.5899999737739563,183,53,0.994535519125683,0.4528301886792453,0.7913043478260869,0.9230769230769231,0.09099999999999997,0.03200000000000003,0.089,0.089,0.589,11573,0.9966666666666667,0.48,0.0,0.0,0.042,0.589,0.028,0.031
355,1,textures_all,90720,90976,256,0.08984375,0.5899999737739563,178,48,0.9887640449438202,0.4375,0.7553648068669528,0.9130434782608695,0.11199999999999999,0.026000000000000023,0.096,0.096,0.597,11592,0.9933333333333333,0.47,0.0,0.0,0.048,0.597,0.027,0.035
356,1,textures_all,90976,91232,256,0.078125,0.5899999737739563,181,49,0.994475138121547,0.3673469387755102,0.7627118644067796,0.9,0.10899999999999999,0.028000000000000025,0.103,0.103,0.611,11601,0.9933333333333333,0.44333333333333336,0.0,0.0,0.05,0.611,0.025,0.039
357,1,textures_all,91232,91488,256,0.09765625,0.5899999737739563,178,54,1.0,0.4444444444444444,0.7705627705627706,0.96,0.11299999999999999,0.03600000000000003,0.096,0.096,0.595,11620,1.0,0.44,0.0,0.0,0.044,0.595,0.021,0.035
358,1,textures_all,91488,91744,256,0.0859375,0.5899999737739563,187,44,1.0,0.45454545454545453,0.7991452991452992,0.9090909090909091,0.125,0.03500000000000003,0.106,0.106,0.59,11631,1.0,0.43666666666666665,0.0,0.0,0.043,0.59,0.008,0.032
359,1,textures_all,91744,92000,256,0.109375,0.5899999737739563,174,50,1.0,0.5,0.7631578947368421,0.8928571428571429,0.11299999999999999,0.029000000000000026,0.108,0.108,0.574,11644,1.0,0.44333333333333336,0.0,0.0,0.036,0.574,0.012,0.031
360,1,textures_all,92000,92256,256,0.125,0.5899999737739563,167,61,0.9940119760479041,0.4918032786885246,0.7410714285714286,0.9375,0.129,0.027000000000000024,0.111,0.11,0.579,11662,0.9966666666666667,0.46,0.0,0.0,0.041,0.579,0.008,0.039
361,1,textures_all,92256,92512,256,0.08984375,0.5899999737739563,185,43,1.0,0.5116279069767442,0.7939914163090128,0.9565217391304348,0.12,0.038000000000000034,0.107,0.106,0.577,11676,0.9966666666666667,0.46,0.0,0.0,0.036,0.577,0.011,0.033
362,1,textures_all,92512,92768,256,0.109375,0.5899999737739563,188,42,0.9946808510638298,0.6190476190476191,0.8201754385964912,0.9285714285714286,0.10499999999999998,0.03200000000000003,0.104,0.103,0.577,11686,0.9966666666666667,0.49666666666666665,0.0,0.0,0.04,0.577,0.016,0.039
363,1,textures_all,92768,93024,256,0.09765625,0.5899999737739563,177,50,0.9887005649717514,0.46,0.7575757575757576,0.92,0.09599999999999997,0.02400000000000002,0.108,0.107,0.592,11699,0.99,0.5033333333333333,0.0,0.0,0.046,0.592,0.018,0.043
364,1,textures_all,93024,93280,256,0.0703125,0.5899999737739563,191,43,1.0,0.4186046511627907,0.8025210084033614,1.0,0.10999999999999999,0.019000000000000017,0.096,0.095,0.602,11720,1.0,0.5,0.0,0.0,0.042,0.602,0.018,0.042
365,1,textures_all,93280,93536,256,0.109375,0.5899999737739563,175,49,0.9942857142857143,0.5510204081632653,0.7631578947368421,0.9642857142857143,0.10299999999999998,0.029000000000000026,0.104,0.103,0.611,11735,0.9966666666666667,0.51,0.0,0.0,0.048,0.611,0.013,0.045
366,1,textures_all,93536,93792,256,0.11328125,0.5899999737739563,179,46,1.0,0.6086956521739131,0.788546255506608,0.9655172413793104,0.10799999999999998,0.031000000000000028,0.101,0.101,0.602,11747,0.9966666666666667,0.52,0.0,0.0,0.053,0.602,0.007,0.048
367,1,textures_all,93792,94048,256,0.09375,0.5899999737739563,184,46,0.9945652173913043,0.5,0.7887931034482759,0.9583333333333334,0.09299999999999997,0.02400000000000002,0.104,0.104,0.612,11753,0.9966666666666667,0.52,0.0,0.0,0.062,0.612,0.009,0.055
368,1,textures_all,94048,94304,256,0.11328125,0.5899999737739563,185,45,0.9945945945945946,0.5555555555555556,0.8105726872246696,0.8620689655172413,0.11299999999999999,0.026000000000000023,0.106,0.106,0.622,11767,0.9966666666666667,0.52,0.0,0.0,0.062,0.622,0.007,0.056
369,1,textures_all,94304,94560,256,0.109375,0.5899999737739563,175,48,1.0,0.5833333333333334,0.7675438596491229,1.0,0.10599999999999998,0.03700000000000003,0.106,0.106,0.614,11785,1.0,0.5366666666666666,0.0,0.0,0.066,0.614,0.005,0.061
370,1,textures_all,94560,94816,256,0.09765625,0.5899999737739563,181,50,1.0,0.46,0.7835497835497836,0.92,0.134,0.027000000000000024,0.122,0.122,0.636,11800,1.0,0.5333333333333333,0.0,0.0,0.061,0.636,0.007,0.055
371,1,textures_all,94816,95072,256,0.08984375,0.5899999737739563,183,43,1.0,0.5348837209302325,0.7854077253218884,1.0,0.122,0.02200000000000002,0.133,0.133,0.646,11816,1.0,0.5366666666666666,0.0,0.0,0.053,0.646,0.011,0.047
372,1,textures_all,95072,95328,256,0.10546875,0.5899999737739563,178,58,0.9943820224719101,0.4482758620689655,0.7729257641921398,0.9629629629629629,0.09899999999999998,0.031000000000000028,0.133,0.133,0.651,11826,0.9966666666666667,0.52,0.0,0.0,0.05,0.651,0.012,0.047
373,1,textures_all,95328,95584,256,0.0703125,0.5899999737739563,195,38,1.0,0.4473684210526316,0.819327731092437,0.9444444444444444,0.134,0.03300000000000003,0.135,0.134,0.63,11843,1.0,0.5,0.0,0.0,0.056,0.63,0.016,0.052
374,1,textures_all,95584,95840,256,0.1015625,0.5899999737739563,179,48,0.994413407821229,0.5208333333333334,0.7739130434782608,0.9615384615384616,0.09599999999999997,0.031000000000000028,0.147,0.146,0.617,11855,0.9966666666666667,0.49333333333333335,0.0,0.0,0.056,0.617,0.016,0.054
375,1,textures_all,95840,96096,256,0.078125,0.5899999737739563,176,51,1.0,0.39215686274509803,0.7457627118644068,1.0,0.11299999999999999,0.028000000000000025,0.141,0.14,0.626,11872,0.9966666666666667,0.4766666666666667,0.0,0.0,0.048,0.626,0.013,0.046
376,1,textures_all,96096,96352,256,0.09765625,0.5899999737739563,175,50,1.0,0.5,0.7575757575757576,1.0,0.121,0.03700000000000003,0.123,0.122,0.599,11886,1.0,0.47333333333333333,0.0,0.0,0.039,0.599,0.018,0.037
377,1,textures_all,96352,96608,256,0.10546875,0.5899999737739563,184,52,0.9945652173913043,0.5,0.7991266375545851,0.9629629629629629,0.11199999999999999,0.029000000000000026,0.122,0.121,0.608,11892,0.9966666666666667,0.4666666666666667,0.0,0.0,0.04,0.608,0.025,0.039
378,1,textures_all,96608,96864,256,0.05078125,0.5899999737739563,188,40,1.0,0.325,0.7736625514403292,1.0,0.10699999999999998,0.031000000000000028,0.116,0.115,0.589,11903,0.9966666666666667,0.45,0.0,0.0,0.048,0.589,0.02,0.044
379,1,textures_all,96864,97120,256,0.0859375,0.5899999737739563,194,38,0.9948453608247423,0.5526315789473685,0.8247863247863247,0.9545454545454546,0.11399999999999999,0.03200000000000003,0.121,0.12,0.602,11913,0.9966666666666667,0.4633333333333333,0.0,0.0,0.048,0.602,0.017,0.046
380,1,textures_all,97120,97376,256,0.08984375,0.5899999737739563,183,43,1.0,0.5348837209302325,0.7854077253218884,1.0,0.10599999999999998,0.03200000000000003,0.122,0.122,0.61,11922,1.0,0.4766666666666667,0.0,0.0,0.041,0.61,0.029,0.04
381,1,textures_all,97376,97632,256,0.11328125,0.5899999737739563,194,44,0.9948453608247423,0.6363636363636364,0.8502202643171806,0.9655172413793104,0.10699999999999998,0.027000000000000024,0.109,0.109,0.607,11932,0.9966666666666667,0.5066666666666667,0.0,0.0,0.038,0.607,0.024,0.037
382,1,textures_all,97632,97888,256,0.13671875,0.5899999737739563,178,56,0.9943820224719101,0.6071428571428571,0.8009049773755657,0.9714285714285714,0.10499999999999998,0.031000000000000028,0.111,0.111,0.62,11942,0.9933333333333333,0.53,0.0,0.0,0.037,0.62,0.023,0.032
383,1,textures_all,97888,98144,256,0.08984375,0.5899999737739563,174,47,1.0,0.44680851063829785,0.7467811158798283,0.9130434782608695,0.09499999999999997,0.025000000000000022,0.114,0.114,0.611,11953,0.9966666666666667,0.52,0.0,0.0,0.038,0.611,0.016,0.033
384,1,textures_all,98144,98400,256,0.09765625,0.5899999737739563,173,60,1.0,0.4166666666666667,0.7489177489177489,1.0,0.08999999999999997,0.02300000000000002,0.127,0.126,0.615,11958,1.0,0.5233333333333333,0.0,0.0,0.033,0.615,0.02,0.029
385,1,textures_all,98400,98656,256,0.11328125,0.5899999737739563,172,58,1.0,0.5,0.7577092511013216,1.0,0.11499999999999999,0.027000000000000024,0.118,0.118,0.627,11969,1.0,0.52,0.0,0.0,0.037,0.627,0.023,0.033
386,1,textures_all,98656,98912,256,0.09375,0.5899999737739563,184,47,1.0,0.48936170212765956,0.7931034482758621,0.9583333333333334,0.14200000000000002,0.03200000000000003,0.13,0.129,0.604,11984,1.0,0.5,0.0,0.0,0.038,0.604,0.018,0.028
387,1,textures_all,98912,99168,256,0.08984375,0.5899999737739563,186,44,1.0,0.5,0.7982832618025751,0.9565217391304348,0.127,0.027000000000000024,0.147,0.147,0.599,12003,1.0,0.49,0.0,0.0,0.04,0.599,0.011,0.034
388,1,textures_all,99168,99424,256,0.1015625,0.5899999737739563,183,49,0.994535519125683,0.5102040816326531,0.7913043478260869,0.9615384615384616,0.09699999999999998,0.03400000000000003,0.147,0.147,0.61,12012,0.9966666666666667,0.47333333333333333,0.0,0.0,0.038,0.61,0.015,0.035
389,1,textures_all,99424,99680,256,0.1171875,0.5899999737739563,171,61,0.9941520467836257,0.45901639344262296,0.7522123893805309,0.9333333333333333,0.122,0.027000000000000024,0.136,0.136,0.617,12022,0.9933333333333333,0.4766666666666667,0.0,0.0,0.043,0.617,0.016,0.04
390,1,textures_all,99680,99936,256,0.10546875,0.5899999737739563,182,44,1.0,0.5909090909090909,0.7947598253275109,0.9629629629629629,0.128,0.028000000000000025,0.126,0.126,0.595,12033,1.0,0.51,0.0,0.0,0.055,0.595,0.015,0.053
391,1,textures_all,99936,100192,256,0.09765625,0.5899999737739563,188,39,1.0,0.5897435897435898,0.8138528138528138,0.92,0.11399999999999999,0.03500000000000003,0.151,0.151,0.627,12045,1.0,0.5133333333333333,0.0,0.0,0.058,0.627,0.017,0.052
392,1,textures_all,100192,100448,256,0.11328125,0.5899999737739563,177,49,1.0,0.5714285714285714,0.7797356828193832,0.9655172413793104,0.09799999999999998,0.027000000000000024,0.155,0.155,0.624,12056,1.0,0.5333333333333333,0.0,0.0,0.056,0.624,0.006,0.052
393,1,textures_all,100448,100704,256,0.125,0.5899999737739563,165,57,1.0,0.5614035087719298,0.7366071428571429,1.0,0.11399999999999999,0.03500000000000003,0.147,0.147,0.637,12065,1.0,0.5433333333333333,0.0,0.0,0.053,0.637,0.007,0.044
394,1,textures_all,100704,100960,256,0.109375,0.5899999737739563,172,51,1.0,0.5098039215686274,0.7543859649122807,0.9285714285714286,0.122,0.026000000000000023,0.127,0.126,0.632,12082,1.0,0.54,0.0,0.0,0.054,0.632,0.008,0.045
395,1,textures_all,100960,101216,256,0.109375,0.5899999737739563,175,64,0.9885714285714285,0.40625,0.7587719298245614,0.9285714285714286,0.11399999999999999,0.025000000000000022,0.136,0.136,0.631,12088,0.9933333333333333,0.5266666666666666,0.0,0.0,0.056,0.631,0.005,0.048
396,1,textures_all,101216,101472,256,0.09765625,0.5899999737739563,182,46,0.9945054945054945,0.4782608695652174,0.7835497835497836,0.88,0.136,0.03200000000000003,0.15,0.15,0.626,12101,0.9933333333333333,0.51,0.0,0.0,0.052,0.626,0.004,0.044
397,1,textures_all,101472,101728,256,0.109375,0.5899999737739563,188,46,1.0,0.6086956521739131,0.8245614035087719,1.0,0.10799999999999998,0.025000000000000022,0.131,0.131,0.611,12114,0.9966666666666667,0.5033333333333333,0.0,0.0,0.046,0.611,0.019,0.042
398,1,textures_all,101728,101984,256,0.09375,0.5899999737739563,181,47,0.994475138121547,0.48936170212765956,0.7758620689655172,0.9583333333333334,0.11599999999999999,0.031000000000000028,0.128,0.128,0.595,12129,0.9966666666666667,0.49666666666666665,0.0,0.0,0.046,0.595,0.017,0.043
399,1,textures_all,101984,102240,256,0.0703125,0.5899999737739563,188,43,1.0,0.4186046511627907,0.7899159663865546,1.0,0.11099999999999999,0.039000000000000035,0.118,0.118,0.581,12138,1.0,0.4866666666666667,0.0,0.0,0.047,0.581,0.017,0.044
400,1,textures_all,102240,102496,256,0.1171875,0.5899999737739563,179,50,0.9832402234636871,0.54,0.7787610619469026,0.9,0.10599999999999998,0.028000000000000025,0.128,0.128,0.591,12149,0.99,0.49,0.0,0.0,0.041,0.591,0.01,0.04
401,1,textures_all,102496,102752,256,0.1328125,0.5899999737739563,183,55,0.9890710382513661,0.5818181818181818,0.8153153153153153,0.9411764705882353,0.123,0.03300000000000003,0.14,0.14,0.601,12164,0.9866666666666667,0.5233333333333333,0.0,0.0,0.04,0.601,0.013,0.04
402,1,textures_all,102752,103008,256,0.1171875,0.5899999737739563,178,55,1.0,0.5272727272727272,0.7876106194690266,0.9666666666666667,0.11299999999999999,0.02400000000000002,0.135,0.135,0.605,12180,0.9966666666666667,0.5233333333333333,0.0,0.0,0.039,0.605,0.026,0.04
403,1,textures_all,103008,103264,256,0.125,0.5899999737739563,165,61,1.0,0.5081967213114754,0.7366071428571429,0.96875,0.15300000000000002,0.040000000000000036,0.128,0.128,0.611,12193,1.0,0.5166666666666667,0.0,0.0,0.047,0.611,0.009,0.049
404,1,textures_all,103264,103520,256,0.08984375,0.5899999737739563,193,41,0.9844559585492227,0.4878048780487805,0.8154506437768241,0.8695652173913043,0.11699999999999999,0.030000000000000027,0.133,0.133,0.61,12201,0.99,0.51,0.0,0.0,0.044,0.61,0.007,0.046
405,1,textures_all,103520,103776,256,0.0859375,0.5899999737739563,185,43,0.9945945945945946,0.4418604651162791,0.7863247863247863,0.8636363636363636,0.09399999999999997,0.027000000000000024,0.136,0.136,0.623,12209,0.9866666666666667,0.52,0.0,0.0,0.047,0.623,0.009,0.049
406,1,textures_all,103776,104032,256,0.05078125,0.5899999737739563,186,39,0.9946236559139785,0.28205128205128205,0.7613168724279835,0.8461538461538461,0.09999999999999998,0.027000000000000024,0.131,0.131,0.624,12213,0.9933333333333333,0.48333333333333334,0.0,0.0,0.049,0.624,0.01,0.049
407,1,textures_all,104032,104288,256,0.08203125,0.5899999737739563,190,39,1.0,0.48717948717948717,0.8085106382978723,0.9047619047619048,0.08999999999999997,0.025000000000000022,0.12,0.12,0.626,12219,1.0,0.4633333333333333,0.0,0.0,0.05,0.626,0.009,0.053
408,1,textures_all,104288,104544,256,0.1015625,0.5899999737739563,181,59,1.0,0.423728813559322,0.7869565217391304,0.9615384615384616,0.10399999999999998,0.030000000000000027,0.108,0.108,0.605,12229,1.0,0.45,0.0,0.0,0.048,0.605,0.002,0.051
409,1,textures_all,104544,104800,256,0.13671875,0.5899999737739563,175,56,1.0,0.6071428571428571,0.7918552036199095,0.9714285714285714,0.123,0.03500000000000003,0.101,0.101,0.596,12238,1.0,0.47,0.0,0.0,0.039,0.596,0.002,0.041
410,1,textures_all,104800,105056,256,0.08984375,0.5899999737739563,197,37,1.0,0.5945945945945946,0.8454935622317596,0.9565217391304348,0.131,0.029000000000000026,0.088,0.088,0.592,12247,1.0,0.4766666666666667,0.0,0.0,0.037,0.592,0.014,0.038
411,1,textures_all,105056,105312,256,0.12109375,0.5899999737739563,183,51,0.9836065573770492,0.5490196078431373,0.8,0.9032258064516129,0.07999999999999996,0.02100000000000002,0.087,0.087,0.6,12254,0.99,0.49333333333333335,0.0,0.0,0.042,0.6,0.017,0.043
412,1,textures_all,105312,105568,256,0.10546875,0.5899999737739563,174,48,1.0,0.5208333333333334,0.759825327510917,0.9259259259259259,0.09699999999999998,0.026000000000000023,0.103,0.103,0.614,12262,0.9933333333333333,0.5166666666666667,0.0,0.0,0.04,0.614,0.019,0.037
413,1,textures_all,105568,105824,256,0.09765625,0.5899999737739563,184,55,0.9945652173913043,0.4,0.7922077922077922,0.88,0.09799999999999998,0.03500000000000003,0.105,0.105,0.612,12276,0.9966666666666667,0.51,0.0,0.0,0.035,0.612,0.02,0.03
414,1,textures_all,105824,106080,256,0.1015625,0.5899999737739563,165,55,0.9939393939393939,0.43636363636363634,0.7130434782608696,0.9230769230769231,0.121,0.026000000000000023,0.099,0.099,0.599,12281,0.9966666666666667,0.5166666666666667,0.0,0.0,0.037,0.599,0.016,0.034
415,1,textures_all,106080,106336,256,0.09765625,0.5899999737739563,183,53,1.0,0.4339622641509434,0.7922077922077922,0.92,0.12,0.03200000000000003,0.099,0.099,0.603,12287,1.0,0.48333333333333334,0.0,0.0,0.032,0.603,0.019,0.031
416,1,textures_all,106336,106592,256,0.09375,0.5899999737739563,182,51,1.0,0.43137254901960786,0.7844827586206896,0.9166666666666666,0.15800000000000003,0.02200000000000002,0.111,0.111,0.581,12306,1.0,0.45666666666666667,0.0,0.0,0.031,0.581,0.004,0.029
417,1,textures_all,106592,106848,256,0.0703125,0.5899999737739563,186,48,1.0,0.3541666666666667,0.7815126050420168,0.9444444444444444,0.11499999999999999,0.03500000000000003,0.115,0.115,0.58,12319,1.0,0.4266666666666667,0.0,0.0,0.03,0.58,0.003,0.027
418,1,textures_all,106848,107104,256,0.1015625,0.5899999737739563,189,47,0.9947089947089947,0.5106382978723404,0.8173913043478261,0.9230769230769231,0.11499999999999999,0.03600000000000003,0.108,0.108,0.57,12329,0.9966666666666667,0.43,0.0,0.0,0.036,0.57,0.002,0.036
419,1,textures_all,107104,107360,256,0.11328125,0.5899999737739563,180,53,1.0,0.5094339622641509,0.7929515418502202,0.9310344827586207,0.11199999999999999,0.028000000000000025,0.102,0.102,0.585,12340,1.0,0.44333333333333336,0.0,0.0,0.041,0.585,0.002,0.042
420,1,textures_all,107360,107616,256,0.10546875,0.5899999737739563,189,41,0.9947089947089947,0.6097560975609756,0.8209606986899564,0.9259259259259259,0.14500000000000002,0.028000000000000025,0.113,0.114,0.612,12358,0.9966666666666667,0.4666666666666667,0.0,0.0,0.042,0.612,0.004,0.041
421,1,textures_all,107616,107872,256,0.06640625,0.5899999737739563,197,32,0.9949238578680203,0.5,0.8200836820083682,0.9411764705882353,0.09599999999999997,0.02300000000000002,0.112,0.113,0.611,12372,0.9966666666666667,0.4866666666666667,0.0,0.0,0.045,0.611,0.006,0.044
422,1,textures_all,107872,108128,256,0.0703125,0.5899999737739563,195,40,1.0,0.4,0.819327731092437,0.8888888888888888,0.08499999999999996,0.027000000000000024,0.121,0.122,0.615,12381,1.0,0.48333333333333334,0.0,0.0,0.05,0.615,0.009,0.051
423,1,textures_all,108128,108384,256,0.08203125,0.5899999737739563,187,45,1.0,0.4666666666666667,0.7957446808510639,1.0,0.10299999999999998,0.03300000000000003,0.123,0.124,0.609,12393,1.0,0.48333333333333334,0.0,0.0,0.049,0.609,0.01,0.05
424,1,textures_all,108384,108640,256,0.09375,0.5899999737739563,180,53,0.9944444444444445,0.41509433962264153,0.771551724137931,0.9166666666666666,0.12,0.02400000000000002,0.116,0.116,0.589,12403,0.9966666666666667,0.48333333333333334,0.0,0.0,0.046,0.589,0.012,0.046
425,1,textures_all,108640,108896,256,0.11328125,0.5899999737739563,182,52,1.0,0.5384615384615384,0.801762114537445,0.9655172413793104,0.11599999999999999,0.027000000000000024,0.121,0.121,0.588,12415,0.9966666666666667,0.49,0.0,0.0,0.042,0.588,0.012,0.045
426,1,textures_all,108896,109152,256,0.125,0.5899999737739563,181,55,1.0,0.5818181818181818,0.8080357142857143,1.0,0.127,0.03600000000000003,0.115,0.115,0.565,12425,1.0,0.49333333333333335,0.0,0.0,0.033,0.565,0.013,0.037
427,1,textures_all,109152,109408,256,0.12890625,0.5899999737739563,177,54,0.9943502824858758,0.5740740740740741,0.7892376681614349,0.9393939393939394,0.132,0.030000000000000027,0.12,0.12,0.557,12435,0.9966666666666667,0.5,0.0,0.0,0.034,0.557,0.018,0.038
428,1,textures_all,109408,109664,256,0.07421875,0.5899999737739563,183,34,0.994535519125683,0.47058823529411764,0.7679324894514767,0.8421052631578947,0.11699999999999999,0.038000000000000034,0.125,0.125,0.568,12440,0.9966666666666667,0.51,0.0,0.0,0.035,0.568,0.015,0.037
429,1,textures_all,109664,109920,256,0.125,0.5899999737739563,176,59,0.9943181818181818,0.4915254237288136,0.78125,0.90625,0.10599999999999998,0.031000000000000028,0.118,0.118,0.588,12447,0.9933333333333333,0.5133333333333333,0.0,0.0,0.03,0.588,0.012,0.031
430,1,textures_all,109920,110176,256,0.11328125,0.5899999737739563,175,56,1.0,0.5178571428571429,0.7709251101321586,1.0,0.135,0.030000000000000027,0.109,0.109,0.588,12460,1.0,0.5266666666666666,0.0,0.0,0.045,0.588,0.014,0.045
431,1,textures_all,110176,110432,256,0.078125,0.5899999737739563,184,46,0.9891304347826086,0.391304347826087,0.7711864406779662,0.9,0.11399999999999999,0.03200000000000003,0.106,0.107,0.601,12472,0.9933333333333333,0.5033333333333333,0.0,0.0,0.04,0.601,0.012,0.04
432,1,textures_all,110432,110688,256,0.10546875,0.5899999737739563,172,49,1.0,0.5306122448979592,0.7510917030567685,0.9629629629629629,0.10499999999999998,0.038000000000000034,0.108,0.109,0.601,12479,0.9933333333333333,0.5,0.0,0.0,0.044,0.601,0.01,0.042
433,1,textures_all,110688,110944,256,0.0859375,0.5899999737739563,190,41,1.0,0.4878048780487805,0.811965811965812,0.9090909090909091,0.11099999999999999,0.03200000000000003,0.104,0.104,0.595,12490,1.0,0.5,0.0,0.0,0.048,0.595,0.008,0.047
434,1,textures_all,110944,111200,256,0.125,0.5899999737739563,175,51,1.0,0.6078431372549019,0.78125,0.96875,0.10599999999999998,0.03200000000000003,0.101,0.1,0.603,12499,1.0,0.51,0.0,0.0,0.05,0.603,0.006,0.046
435,1,textures_all,111200,111456,256,0.109375,0.5899999737739563,177,49,1.0,0.5306122448979592,0.7763157894736842,0.9285714285714286,0.11499999999999999,0.03600000000000003,0.1,0.099,0.606,12505,1.0,0.52,0.0,0.0,0.047,0.606,0.007,0.045
436,1,textures_all,111456,111712,256,0.1171875,0.5899999737739563,182,48,0.9945054945054945,0.5833333333333334,0.8008849557522124,0.9333333333333333,0.10599999999999998,0.030000000000000027,0.103,0.102,0.616,12514,0.9966666666666667,0.5233333333333333,0.0,0.0,0.037,0.616,0.006,0.035
437,1,textures_all,111712,111968,256,0.109375,0.5899999737739563,182,51,0.9945054945054945,0.49019607843137253,0.793859649122807,0.8928571428571429,0.10099999999999998,0.026000000000000023,0.087,0.086,0.61,12525,0.9933333333333333,0.5366666666666666,0.0,0.0,0.041,0.61,0.009,0.04
438,1,textures_all,111968,112224,256,0.1171875,0.5899999737739563,174,65,1.0,0.46153846153846156,0.7699115044247787,1.0,0.09399999999999997,0.02300000000000002,0.09,0.089,0.612,12536,0.9966666666666667,0.53,0.0,0.0,0.041,0.612,0.008,0.039
439,1,textures_all,112224,112480,256,0.08984375,0.5899999737739563,182,48,1.0,0.4583333333333333,0.7811158798283262,0.9565217391304348,0.14600000000000002,0.029000000000000026,0.088,0.088,0.614,12546,1.0,0.5166666666666667,0.0,0.0,0.038,0.614,0.01,0.034
440,1,textures_all,112480,112736,256,0.1015625,0.5899999737739563,181,45,0.994475138121547,0.5333333333333333,0.782608695652174,0.9230769230769231,0.11499999999999999,0.027000000000000024,0.085,0.085,0.585,12555,0.9966666666666667,0.5033333333333333,0.0,0.0,0.044,0.585,0.01,0.042
441,1,textures_all,112736,112992,256,0.12890625,0.5899999737739563,165,56,0.9939393939393939,0.5535714285714286,0.7354260089686099,0.9393939393939394,0.10099999999999998,0.03300000000000003,0.086,0.086,0.574,12565,0.9966666666666667,0.5066666666666667,0.0,0.0,0.044,0.574,0.009,0.04
442,1,textures_all,112992,113248,256,0.109375,0.5899999737739563,185,49,1.0,0.5306122448979592,0.8114035087719298,0.9285714285714286,0.125,0.03400000000000003,0.083,0.083,0.584,12576,0.9966666666666667,0.5,0.0,0.0,0.038,0.584,0.022,0.037
443,1,textures_all,113248,113504,256,0.08984375,0.5899999737739563,178,46,1.0,0.4782608695652174,0.7639484978540773,0.9565217391304348,0.124,0.030000000000000027,0.106,0.105,0.599,12582,1.0,0.49666666666666665,0.0,0.0,0.045,0.599,0.021,0.04
444,1,textures_all,113504,113760,256,0.10546875,0.5899999737739563,182,47,0.9945054945054945,0.5531914893617021,0.7903930131004366,0.9629629629629629,0.10899999999999999,0.025000000000000022,0.122,0.121,0.602,12592,0.9966666666666667,0.5133333333333333,0.0,0.0,0.059,0.602,0.02,0.056
445,1,textures_all,113760,114016,256,0.12890625,0.5899999737739563,179,56,1.0,0.5714285714285714,0.8026905829596412,0.9696969696969697,0.10899999999999999,0.03400000000000003,0.134,0.133,0.613,12604,0.9966666666666667,0.5366666666666666,0.0,0.0,0.06,0.613,0.02,0.057
446,1,textures_all,114016,114272,256,0.08984375,0.5899999737739563,184,49,0.9891304347826086,0.42857142857142855,0.7811158798283262,0.9130434782608695,0.13,0.02400000000000002,0.14,0.139,0.616,12611,0.9933333333333333,0.5233333333333333,0.0,0.0,0.05,0.616,0.014,0.048
447,1,textures_all,114272,114528,256,0.1015625,0.5899999737739563,166,54,1.0,0.48148148148148145,0.7217391304347827,1.0,0.10199999999999998,0.027000000000000024,0.132,0.131,0.617,12624,1.0,0.5066666666666667,0.0,0.0,0.058,0.617,0.015,0.055
448,1,textures_all,114528,114784,256,0.125,0.5899999737739563,176,51,0.9886363636363636,0.5686274509803921,0.7767857142857143,0.90625,0.118,0.028000000000000025,0.129,0.129,0.614,12632,0.9933333333333333,0.5166666666666667,0.0,0.0,0.06,0.614,0.002,0.056
449,1,textures_all,114784,115040,256,0.08203125,0.5899999737739563,195,41,0.9948717948717949,0.4878048780487805,0.825531914893617,0.9523809523809523,0.129,0.03500000000000003,0.124,0.124,0.605,12644,0.9933333333333333,0.5133333333333333,0.0,0.0,0.055,0.605,0.001,0.052
450,1,textures_all,115040,115296,256,0.11328125,0.5899999737739563,175,53,0.9942857142857143,0.5094339622641509,0.7665198237885462,0.9310344827586207,0.10099999999999998,0.03300000000000003,0.119,0.119,0.612,12650,0.9933333333333333,0.5066666666666667,0.0,0.0,0.043,0.612,0.001,0.041
451,1,textures_all,115296,115552,256,0.125,0.5899999737739563,183,52,0.994535519125683,0.5576923076923077,0.8125,0.90625,0.11199999999999999,0.028000000000000025,0.12,0.12,0.623,12658,0.9933333333333333,0.5066666666666667,0.0,0.0,0.042,0.623,0.002,0.036
452,1,textures_all,115552,115640,88,0.10227272727272728,0.5899999737739563,63,16,1.0,0.5625,0.7974683544303798,1.0,0.136,0.03700000000000003,0.126,0.126,0.603,12667,0.9933333333333333,0.51,0.0,0.0,0.047,0.603,0.002,0.042
453,2,inaturalist,115640,115896,256,0.1640625,0.5899999737739563,158,56,0.9936708860759493,0.5714285714285714,0.7336448598130841,0.7619047619047619,0.04500000000000004,0.03500000000000003,0.122,0.122,0.021,12676,0.9933333333333333,0.54,0.0,0.0,0.044,0.587,0.021,0.041
454,2,inaturalist,115896,116152,256,0.140625,0.5899999737739563,171,59,0.9941520467836257,0.5423728813559322,0.7727272727272727,0.8888888888888888,0.17300000000000004,0.04600000000000004,0.104,0.103,0.122,12747,0.9933333333333333,0.5433333333333333,0.0,0.0,0.044,0.522,0.122,0.044
455,2,inaturalist,116152,116408,256,0.1875,0.5899999737739563,161,71,1.0,0.676056338028169,0.7740384615384616,1.0,0.267,0.06699999999999995,0.057,0.056,0.302,12898,1.0,0.5733333333333334,0.0,0.0,0.047,0.392,0.302,0.045
456,2,inaturalist,116408,116664,256,0.20703125,0.5899999737739563,176,70,1.0,0.7571428571428571,0.8669950738916257,1.0,0.31699999999999995,0.04700000000000004,0.021,0.02,0.533,13090,1.0,0.6266666666666667,0.0,0.0,0.033,0.207,0.533,0.03
457,2,inaturalist,116664,116920,256,0.12109375,0.5799999833106995,203,44,1.0,0.7045454545454546,0.9022222222222223,1.0,0.21199999999999997,0.038000000000000034,0.008,0.008,0.668,13212,1.0,0.6533333333333333,0.0,0.0,0.021,0.105,0.668,0.029
458,2,inaturalist,116920,117176,256,0.13671875,0.5799999833106995,192,53,1.0,0.660377358490566,0.8687782805429864,1.0,0.08199999999999996,0.02400000000000002,0.006,0.006,0.705,13264,1.0,0.67,0.0,0.0,0.017,0.071,0.705,0.027
459,2,inaturalist,117176,117432,256,0.2265625,0.5799999833106995,183,67,1.0,0.8507462686567164,0.9242424242424242,0.9827586206896551,0.10199999999999998,0.031000000000000028,0.005,0.005,0.727,13322,1.0,0.7366666666666667,0.0,0.0,0.012,0.062,0.727,0.023
460,2,inaturalist,117432,117688,256,0.1875,0.5799999833106995,191,53,1.0,0.9056603773584906,0.9182692307692307,1.0,0.11099999999999999,0.03300000000000003,0.005,0.005,0.742,13361,1.0,0.78,0.0,0.0,0.015,0.051,0.742,0.027
461,2,inaturalist,117688,117944,256,0.17578125,0.5799999833106995,196,55,1.0,0.8181818181818182,0.9289099526066351,1.0,0.08999999999999997,0.016000000000000014,0.005,0.005,0.755,13404,1.0,0.7833333333333333,0.0,0.0,0.014,0.049,0.755,0.026
462,2,inaturalist,117944,118200,256,0.14453125,0.5799999833106995,203,47,1.0,0.7872340425531915,0.9269406392694064,1.0,0.10699999999999998,0.02200000000000002,0.005,0.005,0.775,13443,1.0,0.8,0.0,0.0,0.011,0.045,0.775,0.022
463,2,inaturalist,118200,118456,256,0.15625,0.5799999833106995,205,46,0.9951219512195122,0.8478260869565217,0.9444444444444444,0.975,0.07699999999999996,0.028000000000000025,0.004,0.004,0.776,13477,0.9966666666666667,0.83,0.0,0.0,0.013,0.048,0.776,0.02
464,2,inaturalist,118456,118712,256,0.1640625,0.5799999833106995,198,46,1.0,0.9130434782608695,0.9252336448598131,1.0,0.08899999999999997,0.029000000000000026,0.004,0.004,0.787,13510,1.0,0.86,0.0,0.0,0.013,0.046,0.787,0.019
465,2,inaturalist,118712,118968,256,0.16015625,0.5799999833106995,202,49,1.0,0.8367346938775511,0.9395348837209302,1.0,0.07899999999999996,0.019000000000000017,0.004,0.004,0.794,13529,1.0,0.85,0.0,0.0,0.014,0.048,0.794,0.019
466,2,inaturalist,118968,119224,256,0.1484375,0.5799999833106995,206,44,1.0,0.8636363636363636,0.944954128440367,1.0,0.08399999999999996,0.02300000000000002,0.004,0.004,0.799,13547,1.0,0.84,0.0,0.0,0.014,0.048,0.799,0.02
467,2,inaturalist,119224,119480,256,0.15234375,0.5699999928474426,200,45,1.0,0.8666666666666667,0.9216589861751152,1.0,0.08399999999999996,0.025000000000000022,0.003,0.003,0.782,13566,1.0,0.8533333333333334,0.0,0.0,0.012,0.056,0.782,0.018
468,2,inaturalist,119480,119736,256,0.16015625,0.5699999928474426,201,48,1.0,0.8333333333333334,0.9348837209302325,0.975609756097561,0.07799999999999996,0.018000000000000016,0.003,0.003,0.771,13587,1.0,0.85,0.0,0.0,0.018,0.051,0.771,0.023
469,2,inaturalist,119736,119992,256,0.1953125,0.5699999928474426,194,48,0.9948453608247423,0.9791666666666666,0.9368932038834952,0.94,0.09199999999999997,0.02400000000000002,0.004,0.004,0.768,13607,0.9966666666666667,0.8766666666666667,0.0,0.0,0.017,0.048,0.768,0.025
470,2,inaturalist,119992,120248,256,0.15625,0.5699999928474426,214,41,1.0,0.975609756097561,0.9907407407407407,1.0,0.10399999999999998,0.027000000000000024,0.004,0.004,0.778,13633,1.0,0.9,0.0,0.0,0.015,0.037,0.778,0.025
471,2,inaturalist,120248,120504,256,0.1796875,0.5699999928474426,201,49,1.0,0.9387755102040817,0.9571428571428572,1.0,0.07699999999999996,0.02400000000000002,0.003,0.003,0.769,13646,1.0,0.9033333333333333,0.0,0.0,0.017,0.035,0.769,0.026
472,2,inaturalist,120504,120760,256,0.1796875,0.5699999928474426,197,52,1.0,0.8846153846153846,0.9380952380952381,1.0,0.08799999999999997,0.029000000000000026,0.003,0.003,0.778,13655,1.0,0.91,0.0,0.0,0.017,0.036,0.778,0.025
473,2,inaturalist,120760,121016,256,0.16015625,0.5699999928474426,209,43,1.0,0.9302325581395349,0.9720930232558139,0.975609756097561,0.09199999999999997,0.026000000000000023,0.003,0.003,0.784,13677,1.0,0.9166666666666666,0.0,0.0,0.016,0.035,0.784,0.027
474,2,inaturalist,121016,121272,256,0.16796875,0.5699999928474426,203,51,1.0,0.8431372549019608,0.9530516431924883,1.0,0.06599999999999995,0.02100000000000002,0.003,0.003,0.792,13690,1.0,0.9133333333333333,0.0,0.0,0.013,0.026,0.792,0.025
475,2,inaturalist,121272,121528,256,0.19140625,0.5699999928474426,191,54,1.0,0.9074074074074074,0.9227053140096618,1.0,0.08999999999999997,0.02300000000000002,0.004,0.004,0.787,13712,1.0,0.91,0.0,0.0,0.013,0.031,0.787,0.018
476,2,inaturalist,121528,121784,256,0.1875,0.5699999928474426,196,53,1.0,0.9056603773584906,0.9423076923076923,1.0,0.07999999999999996,0.025000000000000022,0.004,0.004,0.791,13722,1.0,0.9,0.0,0.0,0.01,0.031,0.791,0.018
477,2,inaturalist,121784,122040,256,0.12890625,0.5699999928474426,207,41,1.0,0.8048780487804879,0.9282511210762332,1.0,0.07299999999999995,0.02200000000000002,0.004,0.004,0.79,13732,1.0,0.8833333333333333,0.0,0.0,0.009,0.037,0.79,0.015
478,2,inaturalist,122040,122296,256,0.1484375,0.5600000023841858,210,40,1.0,0.95,0.963302752293578,1.0,0.06499999999999995,0.02400000000000002,0.004,0.004,0.785,13742,1.0,0.8833333333333333,0.0,0.0,0.009,0.035,0.785,0.013
479,2,inaturalist,122296,122552,256,0.18359375,0.5600000023841858,196,52,1.0,0.9038461538461539,0.937799043062201,1.0,0.06799999999999995,0.01100000000000001,0.004,0.004,0.788,13753,1.0,0.89,0.0,0.0,0.011,0.04,0.788,0.015
480,2,inaturalist,122552,122808,256,0.140625,0.5600000023841858,214,41,0.9953271028037384,0.8536585365853658,0.9681818181818181,0.9722222222222222,0.07799999999999996,0.02300000000000002,0.004,0.004,0.786,13765,0.9966666666666667,0.8866666666666667,0.0,0.0,0.009,0.041,0.786,0.013
481,2,inaturalist,122808,123064,256,0.1640625,0.5600000023841858,207,43,1.0,0.9534883720930233,0.9672897196261683,0.9761904761904762,0.07199999999999995,0.02100000000000002,0.003,0.003,0.795,13769,0.9966666666666667,0.8966666666666666,0.0,0.0,0.008,0.041,0.795,0.013
482,2,inaturalist,123064,123320,256,0.1796875,0.5600000023841858,201,53,1.0,0.8679245283018868,0.9571428571428572,1.0,0.06499999999999995,0.013000000000000012,0.003,0.003,0.795,13784,1.0,0.89,0.0,0.0,0.009,0.042,0.795,0.016
483,2,inaturalist,123320,123576,256,0.16015625,0.5600000023841858,210,43,1.0,0.9534883720930233,0.9767441860465116,1.0,0.08899999999999997,0.016000000000000014,0.002,0.002,0.794,13791,1.0,0.8966666666666666,0.0,0.0,0.007,0.042,0.794,0.013
484,2,inaturalist,123576,123832,256,0.15625,0.5600000023841858,198,47,1.0,0.851063829787234,0.9166666666666666,1.0,0.06399999999999995,0.02300000000000002,0.003,0.003,0.791,13801,1.0,0.8966666666666666,0.0,0.0,0.008,0.044,0.791,0.013
485,2,inaturalist,123832,124088,256,0.1796875,0.5600000023841858,204,48,0.9950980392156863,0.9375,0.9666666666666667,0.9782608695652174,0.062000000000000055,0.02200000000000002,0.003,0.003,0.8,13806,0.9966666666666667,0.9033333333333333,0.0,0.0,0.008,0.04,0.8,0.016
486,2,inaturalist,124088,124344,256,0.15234375,0.5600000023841858,210,41,0.9952380952380953,0.926829268292683,0.9631336405529954,0.9743589743589743,0.06799999999999995,0.019000000000000017,0.003,0.003,0.798,13816,0.9966666666666667,0.9066666666666666,0.0,0.0,0.01,0.035,0.798,0.016
487,2,inaturalist,124344,124600,256,0.11328125,0.550000011920929,222,33,1.0,0.8787878787878788,0.9779735682819384,1.0,0.06599999999999995,0.030000000000000027,0.003,0.003,0.81,13821,1.0,0.9066666666666666,0.0,0.0,0.009,0.034,0.81,0.018
488,2,inaturalist,124600,124856,256,0.18359375,0.550000011920929,197,50,0.9949238578680203,0.92,0.937799043062201,0.9787234042553191,0.05900000000000005,0.020000000000000018,0.003,0.003,0.815,13828,0.9966666666666667,0.9066666666666666,0.0,0.0,0.007,0.035,0.815,0.018
489,2,inaturalist,124856,125112,256,0.15234375,0.550000011920929,211,39,1.0,0.9743589743589743,0.9723502304147466,0.9743589743589743,0.07499999999999996,0.025000000000000022,0.003,0.003,0.806,13839,1.0,0.92,0.0,0.0,0.008,0.033,0.806,0.015
490,2,inaturalist,125112,125368,256,0.17578125,0.550000011920929,202,45,0.995049504950495,0.9777777777777777,0.95260663507109,0.9777777777777777,0.07499999999999996,0.031000000000000028,0.003,0.003,0.813,13846,0.9966666666666667,0.9266666666666666,0.0,0.0,0.009,0.034,0.813,0.017
491,2,inaturalist,125368,125624,256,0.12890625,0.550000011920929,218,35,1.0,0.9428571428571428,0.9775784753363229,1.0,0.07099999999999995,0.026000000000000023,0.003,0.003,0.809,13851,0.9966666666666667,0.9366666666666666,0.0,0.0,0.011,0.031,0.809,0.018
492,2,inaturalist,125624,125880,256,0.2109375,0.550000011920929,195,56,1.0,0.9642857142857143,0.9653465346534653,1.0,0.05900000000000005,0.02300000000000002,0.002,0.002,0.825,13855,1.0,0.9433333333333334,0.0,0.0,0.011,0.031,0.825,0.019
493,2,inaturalist,125880,126136,256,0.125,0.550000011920929,216,36,1.0,0.8888888888888888,0.9642857142857143,1.0,0.07899999999999996,0.020000000000000018,0.003,0.003,0.813,13861,1.0,0.94,0.0,0.0,0.015,0.03,0.813,0.022
494,2,inaturalist,126136,126392,256,0.14453125,0.550000011920929,212,40,1.0,0.925,0.9680365296803652,1.0,0.05600000000000005,0.02400000000000002,0.002,0.002,0.819,13868,1.0,0.9433333333333334,0.0,0.0,0.015,0.028,0.819,0.021
495,2,inaturalist,126392,126648,256,0.1328125,0.550000011920929,216,36,1.0,0.9444444444444444,0.972972972972973,1.0,0.06699999999999995,0.02100000000000002,0.003,0.003,0.827,13872,1.0,0.95,0.0,0.0,0.015,0.018,0.827,0.023
496,2,inaturalist,126648,126904,256,0.17578125,0.550000011920929,200,50,0.995,0.86,0.943127962085308,0.9555555555555556,0.05400000000000005,0.02200000000000002,0.003,0.003,0.824,13876,0.9966666666666667,0.93,0.0,0.0,0.016,0.019,0.824,0.022
497,2,inaturalist,126904,127160,256,0.17578125,0.550000011920929,197,49,1.0,0.9183673469387755,0.933649289099526,1.0,0.08499999999999996,0.017000000000000015,0.003,0.003,0.807,13881,0.9966666666666667,0.92,0.0,0.0,0.018,0.018,0.807,0.025
498,2,inaturalist,127160,127416,256,0.171875,0.5399999618530273,208,46,0.9951923076923077,0.9347826086956522,0.9764150943396226,0.9772727272727273,0.07699999999999996,0.020000000000000018,0.004,0.004,0.786,13890,0.9966666666666667,0.92,0.0,0.0,0.019,0.021,0.786,0.023
499,2,inaturalist,127416,127672,256,0.15234375,0.5399999618530273,208,42,1.0,0.9047619047619048,0.9585253456221198,0.9743589743589743,0.07899999999999996,0.03200000000000003,0.004,0.004,0.787,13894,0.9966666666666667,0.91,0.0,0.0,0.017,0.027,0.787,0.02
500,2,inaturalist,127672,127928,256,0.21875,0.5399999618530273,190,64,1.0,0.875,0.95,1.0,0.07299999999999995,0.020000000000000018,0.004,0.004,0.774,13901,1.0,0.9033333333333333,0.0,0.0,0.018,0.028,0.774,0.022
501,2,inaturalist,127928,128184,256,0.15234375,0.5399999618530273,203,45,1.0,0.8666666666666667,0.9354838709677419,1.0,0.11199999999999999,0.026000000000000023,0.004,0.004,0.761,13915,1.0,0.8933333333333333,0.0,0.0,0.016,0.027,0.761,0.017
502,2,inaturalist,128184,128440,256,0.125,0.5399999618530273,210,40,1.0,0.8,0.9375,1.0,0.08099999999999996,0.02400000000000002,0.004,0.004,0.76,13918,1.0,0.8833333333333333,0.0,0.0,0.016,0.028,0.76,0.018
503,2,inaturalist,128440,128696,256,0.1875,0.5399999618530273,203,52,0.9950738916256158,0.9038461538461539,0.9711538461538461,0.9791666666666666,0.07699999999999996,0.016000000000000014,0.004,0.004,0.769,13926,0.9966666666666667,0.8866666666666667,0.0,0.0,0.015,0.032,0.769,0.017
504,2,inaturalist,128696,128952,256,0.17578125,0.5399999618530273,204,47,1.0,0.9574468085106383,0.966824644549763,1.0,0.08399999999999996,0.029000000000000026,0.004,0.004,0.783,13929,0.9966666666666667,0.8866666666666667,0.0,0.0,0.015,0.029,0.783,0.017
505,2,inaturalist,128952,129208,256,0.12890625,0.5399999618530273,220,35,1.0,0.9428571428571428,0.9865470852017937,1.0,0.07099999999999995,0.029000000000000026,0.004,0.004,0.776,13934,1.0,0.89,0.0,0.0,0.017,0.031,0.776,0.02
506,2,inaturalist,129208,129464,256,0.15625,0.5399999618530273,212,41,1.0,0.975609756097561,0.9814814814814815,1.0,0.06299999999999994,0.029000000000000026,0.004,0.004,0.781,13935,1.0,0.9033333333333333,0.0,0.0,0.015,0.028,0.781,0.02
507,2,inaturalist,129464,129720,256,0.140625,0.5399999618530273,213,38,1.0,0.9210526315789473,0.9681818181818181,0.9722222222222222,0.08099999999999996,0.031000000000000028,0.005,0.005,0.801,13937,1.0,0.91,0.0,0.0,0.012,0.026,0.801,0.018
508,2,inaturalist,129720,129976,256,0.1796875,0.5299999713897705,203,50,0.9950738916256158,0.9,0.9619047619047619,0.9782608695652174,0.06999999999999995,0.027000000000000024,0.005,0.005,0.794,13943,0.9966666666666667,0.9133333333333333,0.0,0.0,0.018,0.025,0.794,0.023
509,2,inaturalist,129976,130232,256,0.15234375,0.5299999713897705,210,43,1.0,0.9069767441860465,0.967741935483871,1.0,0.09099999999999997,0.028000000000000025,0.004,0.004,0.804,13946,1.0,0.9266666666666666,0.0,0.0,0.015,0.026,0.804,0.023
510,2,inaturalist,130232,130488,256,0.140625,0.5299999713897705,210,39,1.0,0.9230769230769231,0.9545454545454546,1.0,0.06899999999999995,0.02200000000000002,0.005,0.005,0.789,13951,1.0,0.9266666666666666,0.0,0.0,0.015,0.019,0.789,0.025
511,2,inaturalist,130488,130744,256,0.1796875,0.5299999713897705,204,47,0.9901960784313726,0.9361702127659575,0.9619047619047619,0.9565217391304348,0.07599999999999996,0.02200000000000002,0.005,0.005,0.776,13955,0.9933333333333333,0.93,0.0,0.0,0.015,0.02,0.776,0.023
512,2,inaturalist,130744,131000,256,0.22265625,0.5299999713897705,188,62,1.0,0.9193548387096774,0.9447236180904522,1.0,0.08799999999999997,0.02400000000000002,0.004,0.004,0.766,13961,0.9966666666666667,0.9233333333333333,0.0,0.0,0.013,0.016,0.766,0.023
513,2,inaturalist,131000,131256,256,0.1796875,0.5299999713897705,204,50,0.9950980392156863,0.9,0.9666666666666667,0.9782608695652174,0.09399999999999997,0.026000000000000023,0.003,0.003,0.777,13966,0.9966666666666667,0.9166666666666666,0.0,0.0,0.013,0.023,0.777,0.02
514,2,inaturalist,131256,131512,256,0.16015625,0.5299999713897705,207,44,1.0,0.9318181818181818,0.9627906976744186,1.0,0.07099999999999995,0.025000000000000022,0.004,0.004,0.784,13969,1.0,0.9233333333333333,0.0,0.0,0.016,0.023,0.784,0.021
515,2,inaturalist,131512,131768,256,0.15625,0.5299999713897705,208,45,1.0,0.8888888888888888,0.9629629629629629,1.0,0.07899999999999996,0.02400000000000002,0.004,0.004,0.792,13973,1.0,0.92,0.0,0.0,0.016,0.026,0.792,0.025
516,2,inaturalist,131768,132024,256,0.1484375,0.5299999713897705,209,42,1.0,0.8809523809523809,0.9587155963302753,0.9736842105263158,0.08199999999999996,0.020000000000000018,0.004,0.004,0.791,13975,1.0,0.9133333333333333,0.0,0.0,0.014,0.024,0.791,0.02
517,2,inaturalist,132024,132280,256,0.17578125,0.5299999713897705,209,44,0.9952153110047847,0.9772727272727273,0.985781990521327,0.9555555555555556,0.07099999999999995,0.02300000000000002,0.003,0.003,0.797,13982,0.9966666666666667,0.92,0.0,0.0,0.012,0.026,0.797,0.019
518,2,inaturalist,132280,132536,256,0.1484375,0.5299999713897705,211,40,0.995260663507109,0.925,0.963302752293578,0.9736842105263158,0.07099999999999995,0.016000000000000014,0.003,0.003,0.797,13989,0.9966666666666667,0.9166666666666666,0.0,0.0,0.01,0.026,0.797,0.017
519,2,inaturalist,132536,132792,256,0.171875,0.5299999713897705,204,48,1.0,0.9166666666666666,0.9622641509433962,1.0,0.06000000000000005,0.018000000000000016,0.003,0.003,0.81,13993,0.9966666666666667,0.9133333333333333,0.0,0.0,0.013,0.028,0.81,0.021
520,2,inaturalist,132792,133048,256,0.17578125,0.5199999809265137,204,48,1.0,0.9375,0.966824644549763,1.0,0.07999999999999996,0.02400000000000002,0.003,0.003,0.809,13997,1.0,0.92,0.0,0.0,0.015,0.025,0.809,0.024
521,2,inaturalist,133048,133304,256,0.203125,0.5199999809265137,199,55,1.0,0.9272727272727272,0.9754901960784313,0.9807692307692307,0.08899999999999997,0.019000000000000017,0.004,0.004,0.815,13999,1.0,0.93,0.0,0.0,0.017,0.026,0.815,0.022
522,2,inaturalist,133304,133560,256,0.14453125,0.5199999809265137,215,38,0.9953488372093023,0.9473684210526315,0.9771689497716894,0.972972972972973,0.08099999999999996,0.025000000000000022,0.004,0.004,0.804,14002,0.9966666666666667,0.9333333333333333,0.0,0.0,0.016,0.028,0.804,0.021
523,2,inaturalist,133560,133816,256,0.1640625,0.5199999809265137,209,43,0.9952153110047847,0.9534883720930233,0.9719626168224299,0.9761904761904762,0.06499999999999995,0.025000000000000022,0.004,0.004,0.803,14003,0.9933333333333333,0.9366666666666666,0.0,0.0,0.016,0.032,0.803,0.023
524,2,inaturalist,133816,134072,256,0.16015625,0.5199999809265137,208,44,0.9951923076923077,0.9090909090909091,0.9627906976744186,0.975609756097561,0.07399999999999995,0.028000000000000025,0.004,0.004,0.801,14006,0.9933333333333333,0.9333333333333333,0.0,0.0,0.017,0.034,0.801,0.028
525,2,inaturalist,134072,134328,256,0.171875,0.5199999809265137,204,47,1.0,0.9361702127659575,0.9622641509433962,1.0,0.06899999999999995,0.02400000000000002,0.004,0.004,0.814,14013,0.9966666666666667,0.9333333333333333,0.0,0.0,0.018,0.033,0.814,0.027
526,2,inaturalist,134328,134584,256,0.1640625,0.5199999809265137,204,45,1.0,0.9333333333333333,0.9532710280373832,1.0,0.07899999999999996,0.018000000000000016,0.004,0.004,0.808,14013,1.0,0.9333333333333333,0.0,0.0,0.015,0.033,0.808,0.023
527,2,inaturalist,134584,134840,256,0.15625,0.5199999809265137,205,43,0.9951219512195122,0.9069767441860465,0.9444444444444444,0.975,0.07299999999999995,0.02100000000000002,0.004,0.004,0.785,14019,0.9966666666666667,0.93,0.0,0.0,0.017,0.031,0.785,0.025
528,2,inaturalist,134840,135096,256,0.19921875,0.5199999809265137,200,54,0.995,0.9259259259259259,0.9707317073170731,0.9803921568627451,0.07799999999999996,0.018000000000000016,0.004,0.004,0.79,14021,0.9966666666666667,0.93,0.0,0.0,0.015,0.031,0.79,0.023
529,2,inaturalist,135096,135352,256,0.171875,0.5199999809265137,202,49,1.0,0.8979591836734694,0.9528301886792453,1.0,0.08799999999999997,0.02300000000000002,0.003,0.003,0.783,14026,1.0,0.92,0.0,0.0,0.012,0.032,0.783,0.019
530,2,inaturalist,135352,135608,256,0.15234375,0.5199999809265137,212,40,1.0,0.975,0.9769585253456221,1.0,0.06699999999999995,0.020000000000000018,0.004,0.004,0.793,14029,1.0,0.9266666666666666,0.0,0.0,0.013,0.032,0.793,0.017
531,2,inaturalist,135608,135864,256,0.1484375,0.5199999809265137,214,41,0.9953271028037384,0.9024390243902439,0.9770642201834863,0.9736842105263158,0.06399999999999995,0.025000000000000022,0.003,0.003,0.802,14033,0.9966666666666667,0.9266666666666666,0.0,0.0,0.012,0.029,0.802,0.015
532,2,inaturalist,135864,136120,256,0.12890625,0.5099999904632568,214,38,1.0,0.868421052631579,0.9596412556053812,1.0,0.05600000000000005,0.018000000000000016,0.003,0.003,0.819,14034,1.0,0.9133333333333333,0.0,0.0,0.014,0.032,0.819,0.02
533,2,inaturalist,136120,136376,256,0.1328125,0.5099999904632568,217,37,1.0,0.918918918918919,0.9774774774774775,1.0,0.06899999999999995,0.025000000000000022,0.002,0.002,0.808,14035,1.0,0.9166666666666666,0.0,0.0,0.012,0.03,0.808,0.019
534,2,inaturalist,136376,136632,256,0.1875,0.5099999904632568,204,50,0.9950980392156863,0.94,0.9759615384615384,0.9791666666666666,0.06799999999999995,0.018000000000000016,0.002,0.002,0.812,14036,0.9966666666666667,0.92,0.0,0.0,0.01,0.03,0.812,0.015
535,2,inaturalist,136632,136888,256,0.18359375,0.5099999904632568,204,50,1.0,0.94,0.9760765550239234,1.0,0.07999999999999996,0.019000000000000017,0.004,0.004,0.806,14043,1.0,0.9266666666666666,0.0,0.0,0.012,0.033,0.806,0.016
536,2,inaturalist,136888,137144,256,0.21484375,0.5099999904632568,193,58,1.0,0.9482758620689655,0.9601990049751243,1.0,0.08499999999999996,0.02200000000000002,0.004,0.004,0.803,14050,1.0,0.9266666666666666,0.0,0.0,0.012,0.026,0.803,0.016
537,2,inaturalist,137144,137400,256,0.16015625,0.5099999904632568,212,43,1.0,0.9302325581395349,0.986046511627907,0.975609756097561,0.08599999999999997,0.019000000000000017,0.004,0.004,0.806,14058,1.0,0.93,0.0,0.0,0.011,0.028,0.806,0.016
538,2,inaturalist,137400,137656,256,0.1796875,0.5099999904632568,204,50,1.0,0.92,0.9714285714285714,1.0,0.06799999999999995,0.02200000000000002,0.004,0.004,0.806,14062,1.0,0.9333333333333333,0.0,0.0,0.01,0.026,0.806,0.014
539,2,inaturalist,137656,137912,256,0.16796875,0.5099999904632568,205,48,1.0,0.8958333333333334,0.9624413145539906,1.0,0.06599999999999995,0.014000000000000012,0.004,0.004,0.798,14063,1.0,0.93,0.0,0.0,0.008,0.024,0.798,0.011
540,2,inaturalist,137912,138168,256,0.1484375,0.5099999904632568,207,41,0.9951690821256038,0.9024390243902439,0.944954128440367,0.9736842105263158,0.07299999999999995,0.027000000000000024,0.004,0.004,0.81,14066,0.9966666666666667,0.9233333333333333,0.0,0.0,0.009,0.024,0.81,0.011
541,2,inaturalist,138168,138424,256,0.15625,0.5099999904632568,207,45,1.0,0.8888888888888888,0.9583333333333334,1.0,0.05800000000000005,0.020000000000000018,0.004,0.004,0.81,14068,0.9966666666666667,0.9166666666666666,0.0,0.0,0.01,0.023,0.81,0.013
542,2,inaturalist,138424,138680,256,0.15625,0.5099999904632568,208,43,1.0,0.9302325581395349,0.9629629629629629,1.0,0.07499999999999996,0.027000000000000024,0.004,0.004,0.821,14070,1.0,0.9166666666666666,0.0,0.0,0.01,0.023,0.821,0.013
543,2,inaturalist,138680,138936,256,0.1484375,0.5099999904632568,213,39,0.9953051643192489,0.9487179487179487,0.9724770642201835,0.9736842105263158,0.07599999999999996,0.028000000000000025,0.004,0.004,0.815,14072,0.9966666666666667,0.9133333333333333,0.0,0.0,0.01,0.024,0.815,0.012
544,2,inaturalist,138936,139192,256,0.12890625,0.5099999904632568,213,38,1.0,0.868421052631579,0.9551569506726457,1.0,0.06699999999999995,0.029000000000000026,0.003,0.003,0.801,14075,1.0,0.9066666666666666,0.0,0.0,0.009,0.017,0.801,0.013
545,2,inaturalist,139192,139448,256,0.1875,0.5099999904632568,194,54,1.0,0.8703703703703703,0.9326923076923077,0.9791666666666666,0.06699999999999995,0.018000000000000016,0.003,0.003,0.794,14077,1.0,0.9,0.0,0.0,0.011,0.016,0.794,0.014
546,2,inaturalist,139448,139704,256,0.19140625,0.5099999904632568,202,52,1.0,0.9423076923076923,0.9758454106280193,1.0,0.08899999999999997,0.026000000000000023,0.003,0.003,0.792,14084,1.0,0.9066666666666666,0.0,0.0,0.015,0.021,0.792,0.017
547,2,inaturalist,139704,139960,256,0.15234375,0.5099999904632568,212,41,1.0,0.9512195121951219,0.9769585253456221,1.0,0.07299999999999995,0.028000000000000025,0.003,0.003,0.79,14087,1.0,0.9133333333333333,0.0,0.0,0.014,0.014,0.79,0.017
548,2,inaturalist,139960,140216,256,0.12890625,0.5099999904632568,216,38,1.0,0.868421052631579,0.968609865470852,1.0,0.07099999999999995,0.02200000000000002,0.002,0.002,0.79,14089,1.0,0.91,0.0,0.0,0.008,0.021,0.79,0.013
549,2,inaturalist,140216,140472,256,0.1484375,0.5099999904632568,213,40,1.0,0.95,0.9770642201834863,1.0,0.06799999999999995,0.02100000000000002,0.002,0.002,0.787,14092,1.0,0.9133333333333333,0.0,0.0,0.01,0.016,0.787,0.014
550,2,inaturalist,140472,140728,256,0.171875,0.5099999904632568,206,48,1.0,0.9166666666666666,0.9716981132075472,1.0,0.06999999999999995,0.02400000000000002,0.002,0.002,0.787,14093,1.0,0.9133333333333333,0.0,0.0,0.009,0.023,0.787,0.014
551,2,inaturalist,140728,140984,256,0.1796875,0.5099999904632568,201,48,0.9950248756218906,0.9166666666666666,0.9523809523809523,0.9565217391304348,0.07499999999999996,0.020000000000000018,0.003,0.003,0.787,14097,0.9966666666666667,0.92,0.0,0.0,0.005,0.025,0.787,0.011
552,2,inaturalist,140984,141240,256,0.19140625,0.5099999904632568,193,52,1.0,0.9423076923076923,0.9323671497584541,1.0,0.07099999999999995,0.019000000000000017,0.004,0.004,0.791,14101,0.9966666666666667,0.9233333333333333,0.0,0.0,0.007,0.024,0.791,0.013
553,2,inaturalist,141240,141496,256,0.1484375,0.5099999904632568,211,42,0.995260663507109,0.8809523809523809,0.963302752293578,0.9736842105263158,0.09399999999999997,0.02400000000000002,0.004,0.004,0.8,14107,0.9966666666666667,0.9166666666666666,0.0,0.0,0.008,0.031,0.8,0.013
554,2,inaturalist,141496,141752,256,0.1875,0.5099999904632568,196,55,1.0,0.8545454545454545,0.9423076923076923,0.9791666666666666,0.06899999999999995,0.019000000000000017,0.004,0.004,0.805,14107,1.0,0.91,0.0,0.0,0.009,0.03,0.805,0.015
555,2,inaturalist,141752,142008,256,0.1796875,0.5099999904632568,204,49,1.0,0.9387755102040817,0.9714285714285714,1.0,0.07299999999999995,0.018000000000000016,0.004,0.004,0.812,14109,1.0,0.91,0.0,0.0,0.013,0.032,0.812,0.019
556,2,inaturalist,142008,142264,256,0.18359375,0.5099999904632568,197,47,0.9949238578680203,0.9574468085106383,0.937799043062201,0.9574468085106383,0.07799999999999996,0.016000000000000014,0.006,0.006,0.786,14113,0.9966666666666667,0.9133333333333333,0.0,0.0,0.017,0.035,0.786,0.024
557,2,inaturalist,142264,142520,256,0.1796875,0.5099999904632568,201,50,0.9900497512437811,0.88,0.9476190476190476,0.9565217391304348,0.07799999999999996,0.030000000000000027,0.004,0.004,0.791,14114,0.9933333333333333,0.91,0.0,0.0,0.015,0.033,0.791,0.022
558,2,inaturalist,142520,142776,256,0.171875,0.5099999904632568,203,47,1.0,0.9361702127659575,0.9575471698113207,1.0,0.07799999999999996,0.02300000000000002,0.004,0.004,0.796,14116,0.9966666666666667,0.91,0.0,0.0,0.017,0.033,0.796,0.025
559,2,inaturalist,142776,143032,256,0.14453125,0.5099999904632568,216,38,1.0,0.9736842105263158,0.9863013698630136,1.0,0.08699999999999997,0.02300000000000002,0.004,0.004,0.785,14120,1.0,0.9233333333333333,0.0,0.0,0.016,0.032,0.785,0.024
560,2,inaturalist,143032,143288,256,0.16015625,0.5099999904632568,205,43,1.0,0.9302325581395349,0.9534883720930233,0.975609756097561,0.07199999999999995,0.020000000000000018,0.005,0.005,0.796,14123,1.0,0.92,0.0,0.0,0.018,0.032,0.796,0.024
561,2,inaturalist,143288,143544,256,0.1640625,0.5099999904632568,209,43,1.0,0.9767441860465116,0.9766355140186916,1.0,0.06799999999999995,0.02200000000000002,0.004,0.004,0.8,14128,1.0,0.94,0.0,0.0,0.015,0.03,0.8,0.023
562,2,inaturalist,143544,143800,256,0.16015625,0.5099999904632568,208,43,1.0,0.9534883720930233,0.9674418604651163,1.0,0.06299999999999994,0.02100000000000002,0.004,0.004,0.791,14128,1.0,0.9433333333333334,0.0,0.0,0.015,0.03,0.791,0.021
563,2,inaturalist,143800,144056,256,0.21484375,0.5099999904632568,189,62,1.0,0.8870967741935484,0.9402985074626866,1.0,0.07299999999999995,0.02100000000000002,0.004,0.004,0.792,14130,1.0,0.9366666666666666,0.0,0.0,0.012,0.029,0.792,0.02
564,2,inaturalist,144056,144312,256,0.17578125,0.5099999904632568,201,47,1.0,0.9361702127659575,0.95260663507109,0.9777777777777777,0.09699999999999998,0.030000000000000027,0.004,0.004,0.804,14130,1.0,0.9366666666666666,0.0,0.0,0.009,0.026,0.804,0.015
565,2,inaturalist,144312,144568,256,0.15234375,0.5099999904632568,214,41,0.9953271028037384,0.926829268292683,0.9815668202764977,0.9743589743589743,0.07499999999999996,0.020000000000000018,0.004,0.004,0.803,14132,0.9966666666666667,0.9366666666666666,0.0,0.0,0.009,0.028,0.803,0.014
566,2,inaturalist,144568,144824,256,0.13671875,0.5099999904632568,212,39,1.0,0.8974358974358975,0.9592760180995475,1.0,0.07199999999999995,0.019000000000000017,0.004,0.004,0.8,14134,0.9966666666666667,0.93,0.0,0.0,0.01,0.029,0.8,0.014
567,2,inaturalist,144824,145080,256,0.1484375,0.5099999904632568,208,46,0.9951923076923077,0.8043478260869565,0.9495412844036697,0.9736842105263158,0.05600000000000005,0.015000000000000013,0.004,0.004,0.803,14136,0.9966666666666667,0.9066666666666666,0.0,0.0,0.01,0.03,0.803,0.015
568,2,inaturalist,145080,145336,256,0.17578125,0.5099999904632568,203,48,0.9950738916256158,0.8958333333333334,0.957345971563981,0.9555555555555556,0.07799999999999996,0.018000000000000016,0.003,0.003,0.787,14138,0.9933333333333333,0.8933333333333333,0.0,0.0,0.011,0.031,0.787,0.016
569,2,inaturalist,145336,145592,256,0.10546875,0.5099999904632568,219,32,1.0,0.84375,0.9563318777292577,1.0,0.06999999999999995,0.02400000000000002,0.003,0.003,0.779,14141,1.0,0.88,0.0,0.0,0.012,0.029,0.779,0.017
570,2,inaturalist,145592,145848,256,0.171875,0.5099999904632568,202,48,1.0,0.9166666666666666,0.9528301886792453,1.0,0.05300000000000005,0.02100000000000002,0.003,0.003,0.785,14143,1.0,0.89,0.0,0.0,0.012,0.031,0.785,0.018
571,2,inaturalist,145848,146104,256,0.12890625,0.5099999904632568,217,36,1.0,0.9166666666666666,0.9730941704035875,1.0,0.08599999999999997,0.027000000000000024,0.003,0.003,0.787,14149,1.0,0.8866666666666667,0.0,0.0,0.012,0.032,0.787,0.02
572,2,inaturalist,146104,146360,256,0.1953125,0.5099999904632568,200,51,1.0,0.9607843137254902,0.970873786407767,0.98,0.06699999999999995,0.028000000000000025,0.002,0.002,0.786,14149,1.0,0.8933333333333333,0.0,0.0,0.01,0.032,0.786,0.019
573,2,inaturalist,146360,146616,256,0.16796875,0.5099999904632568,208,42,0.9903846153846154,0.9761904761904762,0.9671361502347418,0.9534883720930233,0.09599999999999997,0.027000000000000024,0.002,0.002,0.796,14153,0.9933333333333333,0.91,0.0,0.0,0.012,0.03,0.796,0.024
574,2,inaturalist,146616,146872,256,0.140625,0.5099999904632568,209,39,1.0,0.8717948717948718,0.95,0.9444444444444444,0.07699999999999996,0.019000000000000017,0.004,0.004,0.796,14156,0.9966666666666667,0.9133333333333333,0.0,0.0,0.013,0.03,0.796,0.025
575,2,inaturalist,146872,147128,256,0.17578125,0.5099999904632568,203,49,1.0,0.9183673469387755,0.9620853080568721,1.0,0.06799999999999995,0.02100000000000002,0.003,0.003,0.797,14158,1.0,0.92,0.0,0.0,0.013,0.029,0.797,0.023
576,2,inaturalist,147128,147384,256,0.17578125,0.5099999904632568,206,46,1.0,0.9565217391304348,0.976303317535545,0.9777777777777777,0.06899999999999995,0.02100000000000002,0.003,0.003,0.789,14160,1.0,0.9366666666666666,0.0,0.0,0.011,0.026,0.789,0.023
577,2,inaturalist,147384,147640,256,0.15625,0.5099999904632568,209,41,1.0,0.926829268292683,0.9675925925925926,0.95,0.07399999999999995,0.017000000000000015,0.003,0.003,0.784,14163,1.0,0.9366666666666666,0.0,0.0,0.012,0.025,0.784,0.024
578,2,inaturalist,147640,147896,256,0.1640625,0.5099999904632568,208,45,1.0,0.9333333333333333,0.9719626168224299,1.0,0.07799999999999996,0.026000000000000023,0.003,0.003,0.797,14165,1.0,0.9333333333333333,0.0,0.0,0.013,0.025,0.797,0.027
579,2,inaturalist,147896,148152,256,0.1640625,0.5099999904632568,208,46,1.0,0.9130434782608695,0.9719626168224299,1.0,0.07799999999999996,0.025000000000000022,0.004,0.004,0.797,14167,1.0,0.9266666666666666,0.0,0.0,0.017,0.029,0.797,0.026
580,2,inaturalist,148152,148408,256,0.16796875,0.5099999904632568,202,49,0.995049504950495,0.8571428571428571,0.9436619718309859,0.9767441860465116,0.09399999999999997,0.02200000000000002,0.004,0.004,0.786,14171,0.9966666666666667,0.9133333333333333,0.0,0.0,0.019,0.031,0.786,0.026
581,2,inaturalist,148408,148664,256,0.19140625,0.5099999904632568,198,55,1.0,0.8909090909090909,0.9565217391304348,1.0,0.08599999999999997,0.027000000000000024,0.004,0.004,0.781,14174,0.9966666666666667,0.91,0.0,0.0,0.023,0.033,0.781,0.03
582,2,inaturalist,148664,148920,256,0.1953125,0.5099999904632568,196,54,1.0,0.9074074074074074,0.9514563106796117,0.98,0.07599999999999996,0.014000000000000012,0.004,0.004,0.768,14178,1.0,0.9066666666666666,0.0,0.0,0.024,0.033,0.768,0.032
583,2,inaturalist,148920,149176,256,0.1640625,0.5099999904632568,207,45,1.0,0.9333333333333333,0.9672897196261683,1.0,0.08299999999999996,0.018000000000000016,0.004,0.004,0.774,14179,1.0,0.9033333333333333,0.0,0.0,0.023,0.035,0.774,0.027
584,2,inaturalist,149176,149432,256,0.15234375,0.5099999904632568,211,42,1.0,0.9285714285714286,0.9723502304147466,1.0,0.07699999999999996,0.02200000000000002,0.004,0.004,0.773,14181,1.0,0.9066666666666666,0.0,0.0,0.024,0.035,0.773,0.026
585,2,inaturalist,149432,149688,256,0.1796875,0.5099999904632568,202,50,1.0,0.92,0.9619047619047619,1.0,0.07499999999999996,0.028000000000000025,0.004,0.004,0.77,14183,1.0,0.9033333333333333,0.0,0.0,0.021,0.035,0.77,0.025
586,2,inaturalist,149688,149944,256,0.16796875,0.5099999904632568,207,45,1.0,0.9333333333333333,0.971830985915493,0.9767441860465116,0.08899999999999997,0.02100000000000002,0.004,0.004,0.788,14186,1.0,0.9133333333333333,0.0,0.0,0.021,0.034,0.788,0.029
587,2,inaturalist,149944,150200,256,0.171875,0.5099999904632568,207,46,1.0,0.9565217391304348,0.9764150943396226,1.0,0.07399999999999995,0.02300000000000002,0.004,0.004,0.8,14187,1.0,0.9333333333333333,0.0,0.0,0.02,0.032,0.8,0.027
588,2,inaturalist,150200,150456,256,0.17578125,0.5099999904632568,206,47,1.0,0.9361702127659575,0.976303317535545,0.9777777777777777,0.08399999999999996,0.02100000000000002,0.004,0.004,0.816,14188,1.0,0.9266666666666666,0.0,0.0,0.02,0.03,0.816,0.028
589,2,inaturalist,150456,150712,256,0.13671875,0.5099999904632568,215,37,1.0,0.918918918918919,0.9728506787330317,0.9714285714285714,0.07999999999999996,0.016000000000000014,0.004,0.004,0.816,14189,1.0,0.94,0.0,0.0,0.019,0.028,0.816,0.023
590,2,inaturalist,150712,150968,256,0.18359375,0.5099999904632568,205,49,1.0,0.9591836734693877,0.9808612440191388,1.0,0.05800000000000005,0.02100000000000002,0.004,0.004,0.82,14191,1.0,0.9366666666666666,0.0,0.0,0.016,0.027,0.82,0.02
591,2,inaturalist,150968,151224,256,0.1328125,0.5099999904632568,211,40,1.0,0.825,0.9504504504504504,0.9705882352941176,0.07299999999999995,0.015000000000000013,0.003,0.003,0.817,14195,1.0,0.9233333333333333,0.0,0.0,0.012,0.028,0.817,0.017
592,2,inaturalist,151224,151480,256,0.1953125,0.5099999904632568,197,56,0.9949238578680203,0.875,0.9514563106796117,0.98,0.07299999999999995,0.020000000000000018,0.003,0.003,0.805,14198,0.9966666666666667,0.91,0.0,0.0,0.012,0.027,0.805,0.015
593,2,inaturalist,151480,151736,256,0.19921875,0.5099999904632568,198,55,1.0,0.9272727272727272,0.9658536585365853,1.0,0.07399999999999995,0.02300000000000002,0.002,0.002,0.803,14200,1.0,0.9133333333333333,0.0,0.0,0.011,0.026,0.803,0.016
594,2,inaturalist,151736,151992,256,0.171875,0.5099999904632568,207,48,1.0,0.9166666666666666,0.9764150943396226,1.0,0.08899999999999997,0.016000000000000014,0.002,0.002,0.79,14206,1.0,0.9066666666666666,0.0,0.0,0.009,0.026,0.79,0.013
595,2,inaturalist,151992,152248,256,0.1796875,0.5099999904632568,204,48,1.0,0.9583333333333334,0.9714285714285714,1.0,0.06699999999999995,0.016000000000000014,0.002,0.002,0.793,14208,1.0,0.9133333333333333,0.0,0.0,0.011,0.027,0.793,0.015
596,2,inaturalist,152248,152504,256,0.140625,0.5099999904632568,209,39,0.9952153110047847,0.8974358974358975,0.9454545454545454,0.9722222222222222,0.08299999999999996,0.019000000000000017,0.003,0.003,0.803,14209,0.9966666666666667,0.9066666666666666,0.0,0.0,0.013,0.028,0.803,0.018
597,2,inaturalist,152504,152760,256,0.20703125,0.5099999904632568,194,56,0.9948453608247423,0.9285714285714286,0.9507389162561576,0.9811320754716981,0.05600000000000005,0.019000000000000017,0.003,0.003,0.811,14211,0.9933333333333333,0.9166666666666666,0.0,0.0,0.01,0.027,0.811,0.018
598,2,inaturalist,152760,153016,256,0.171875,0.5099999904632568,208,44,1.0,0.9772727272727273,0.9811320754716981,0.9772727272727273,0.07699999999999996,0.02100000000000002,0.002,0.002,0.807,14211,0.9966666666666667,0.9366666666666666,0.0,0.0,0.01,0.026,0.807,0.017
599,2,inaturalist,153016,153272,256,0.23828125,0.5099999904632568,186,62,1.0,0.9838709677419355,0.9538461538461539,1.0,0.061000000000000054,0.015000000000000013,0.003,0.003,0.816,14212,1.0,0.9433333333333334,0.0,0.0,0.013,0.027,0.816,0.018
600,2,inaturalist,153272,153528,256,0.16015625,0.5099999904632568,212,41,1.0,1.0,0.986046511627907,1.0,0.08899999999999997,0.02100000000000002,0.003,0.003,0.816,14215,1.0,0.96,0.0,0.0,0.012,0.024,0.816,0.019
601,2,inaturalist,153528,153784,256,0.16015625,0.5099999904632568,207,43,1.0,0.9534883720930233,0.9627906976744186,1.0,0.07399999999999995,0.03400000000000003,0.003,0.003,0.824,14216,1.0,0.9566666666666667,0.0,0.0,0.014,0.028,0.824,0.018
602,2,inaturalist,153784,154040,256,0.1484375,0.5099999904632568,206,45,1.0,0.8444444444444444,0.944954128440367,1.0,0.06599999999999995,0.016000000000000014,0.002,0.002,0.821,14216,1.0,0.9466666666666667,0.0,0.0,0.015,0.029,0.821,0.021
603,2,inaturalist,154040,154296,256,0.1328125,0.5099999904632568,210,38,1.0,0.8947368421052632,0.9459459459459459,1.0,0.06999999999999995,0.025000000000000022,0.002,0.002,0.816,14218,1.0,0.9466666666666667,0.0,0.0,0.015,0.031,0.816,0.02
604,2,inaturalist,154296,154552,256,0.16796875,0.5099999904632568,211,42,0.990521327014218,0.9761904761904762,0.9812206572769953,0.9534883720930233,0.05700000000000005,0.018000000000000016,0.002,0.002,0.823,14221,0.9933333333333333,0.95,0.0,0.0,0.014,0.031,0.823,0.019
605,2,inaturalist,154552,154808,256,0.16796875,0.5099999904632568,206,45,0.9951456310679612,0.9111111111111111,0.9624413145539906,0.9534883720930233,0.07799999999999996,0.02300000000000002,0.002,0.002,0.812,14223,0.9933333333333333,0.9366666666666666,0.0,0.0,0.017,0.029,0.812,0.023
606,2,inaturalist,154808,155064,256,0.1875,0.5099999904632568,202,51,1.0,0.9411764705882353,0.9711538461538461,1.0,0.06299999999999994,0.02400000000000002,0.003,0.003,0.811,14225,0.9966666666666667,0.93,0.0,0.0,0.013,0.029,0.811,0.023
607,2,inaturalist,155064,155320,256,0.12890625,0.5099999904632568,212,37,1.0,0.8648648648648649,0.9506726457399103,0.9696969696969697,0.08799999999999997,0.027000000000000024,0.003,0.003,0.814,14226,1.0,0.9166666666666666,0.0,0.0,0.013,0.031,0.814,0.028
608,2,inaturalist,155320,155576,256,0.15625,0.5099999904632568,209,43,1.0,0.9302325581395349,0.9675925925925926,1.0,0.06699999999999995,0.030000000000000027,0.003,0.003,0.809,14228,1.0,0.91,0.0,0.0,0.013,0.031,0.809,0.027
609,2,inaturalist,155576,155832,256,0.1875,0.5099999904632568,198,52,1.0,0.8846153846153846,0.9519230769230769,0.9583333333333334,0.08699999999999997,0.018000000000000016,0.004,0.004,0.797,14230,1.0,0.9166666666666666,0.0,0.0,0.014,0.034,0.797,0.027
610,2,inaturalist,155832,156088,256,0.16015625,0.5099999904632568,209,45,1.0,0.9111111111111111,0.9720930232558139,1.0,0.07699999999999996,0.019000000000000017,0.005,0.005,0.791,14235,1.0,0.9133333333333333,0.0,0.0,0.015,0.035,0.791,0.029
611,2,inaturalist,156088,156344,256,0.15234375,0.5099999904632568,212,40,1.0,0.95,0.9769585253456221,0.9743589743589743,0.07099999999999995,0.02400000000000002,0.004,0.004,0.788,14235,1.0,0.9166666666666666,0.0,0.0,0.016,0.03,0.788,0.028
612,2,inaturalist,156344,156600,256,0.171875,0.5099999904632568,206,48,1.0,0.9166666666666666,0.9716981132075472,1.0,0.07499999999999996,0.018000000000000016,0.005,0.005,0.793,14236,1.0,0.9133333333333333,0.0,0.0,0.018,0.032,0.793,0.027
613,2,inaturalist,156600,156856,256,0.15625,0.5099999904632568,212,43,1.0,0.9302325581395349,0.9814814814814815,1.0,0.07899999999999996,0.017000000000000015,0.005,0.005,0.784,14236,1.0,0.91,0.0,0.0,0.017,0.033,0.784,0.027
614,2,inaturalist,156856,157112,256,0.12890625,0.5099999904632568,212,36,1.0,0.9166666666666666,0.9506726457399103,1.0,0.06899999999999995,0.026000000000000023,0.005,0.005,0.787,14239,1.0,0.9166666666666666,0.0,0.0,0.017,0.032,0.787,0.027
615,2,inaturalist,157112,157368,256,0.16015625,0.5099999904632568,211,45,1.0,0.9111111111111111,0.9813953488372092,1.0,0.07099999999999995,0.027000000000000024,0.005,0.005,0.785,14240,1.0,0.9166666666666666,0.0,0.0,0.019,0.034,0.785,0.026
616,2,inaturalist,157368,157624,256,0.1796875,0.5099999904632568,202,51,1.0,0.9019607843137255,0.9619047619047619,1.0,0.08299999999999996,0.02200000000000002,0.005,0.005,0.786,14242,1.0,0.9166666666666666,0.0,0.0,0.02,0.033,0.786,0.025
617,2,inaturalist,157624,157880,256,0.12890625,0.5099999904632568,216,37,1.0,0.8648648648648649,0.968609865470852,0.9696969696969697,0.09299999999999997,0.028000000000000025,0.003,0.003,0.789,14243,1.0,0.9133333333333333,0.0,0.0,0.018,0.031,0.789,0.023
618,2,inaturalist,157880,158136,256,0.1640625,0.5099999904632568,206,47,1.0,0.8936170212765957,0.9626168224299065,1.0,0.06699999999999995,0.017000000000000015,0.003,0.003,0.793,14245,1.0,0.9033333333333333,0.0,0.0,0.016,0.033,0.793,0.02
619,2,inaturalist,158136,158392,256,0.15625,0.5099999904632568,209,40,1.0,0.975,0.9675925925925926,0.975,0.08599999999999997,0.027000000000000024,0.004,0.004,0.812,14248,1.0,0.9133333333333333,0.0,0.0,0.013,0.032,0.812,0.018
620,2,inaturalist,158392,158648,256,0.14453125,0.5099999904632568,211,42,0.995260663507109,0.8571428571428571,0.958904109589041,0.972972972972973,0.05400000000000005,0.02100000000000002,0.004,0.004,0.824,14250,0.9966666666666667,0.9,0.0,0.0,0.013,0.032,0.824,0.017
621,2,inaturalist,158648,158904,256,0.15234375,0.5099999904632568,210,42,1.0,0.9285714285714286,0.967741935483871,1.0,0.06299999999999994,0.019000000000000017,0.003,0.003,0.803,14250,1.0,0.9066666666666666,0.0,0.0,0.012,0.032,0.803,0.02
622,2,inaturalist,158904,159160,256,0.17578125,0.5099999904632568,206,49,1.0,0.9183673469387755,0.976303317535545,1.0,0.06499999999999995,0.02300000000000002,0.003,0.003,0.809,14251,1.0,0.9066666666666666,0.0,0.0,0.012,0.027,0.809,0.019
623,2,inaturalist,159160,159416,256,0.1484375,0.5099999904632568,215,39,1.0,0.9487179487179487,0.9862385321100917,0.9736842105263158,0.07799999999999996,0.025000000000000022,0.003,0.003,0.809,14252,1.0,0.91,0.0,0.0,0.017,0.03,0.809,0.025
624,2,inaturalist,159416,159672,256,0.16796875,0.5099999904632568,202,49,1.0,0.8571428571428571,0.9483568075117371,0.9767441860465116,0.07199999999999995,0.026000000000000023,0.003,0.003,0.8,14254,1.0,0.9066666666666666,0.0,0.0,0.015,0.03,0.8,0.026
625,2,inaturalist,159672,159928,256,0.16015625,0.5099999904632568,208,43,1.0,0.9534883720930233,0.9674418604651163,1.0,0.08599999999999997,0.031000000000000028,0.004,0.004,0.796,14258,1.0,0.9166666666666666,0.0,0.0,0.018,0.032,0.796,0.025
626,2,inaturalist,159928,160184,256,0.15234375,0.5099999904632568,212,39,1.0,0.9743589743589743,0.9769585253456221,0.9743589743589743,0.08299999999999996,0.02100000000000002,0.003,0.003,0.783,14261,1.0,0.9166666666666666,0.0,0.0,0.016,0.032,0.783,0.022
627,2,inaturalist,160184,160440,256,0.1875,0.5099999904632568,203,51,1.0,0.9411764705882353,0.9759615384615384,1.0,0.07999999999999996,0.02200000000000002,0.004,0.004,0.77,14261,1.0,0.9266666666666666,0.0,0.0,0.017,0.03,0.77,0.024
628,2,inaturalist,160440,160696,256,0.19921875,0.5099999904632568,200,55,0.995,0.9090909090909091,0.9707317073170731,0.9803921568627451,0.08399999999999996,0.02400000000000002,0.004,0.004,0.781,14263,0.9966666666666667,0.9266666666666666,0.0,0.0,0.015,0.028,0.781,0.022
629,2,inaturalist,160696,160952,256,0.23046875,0.5099999904632568,192,59,1.0,0.9661016949152542,0.9746192893401016,0.9661016949152542,0.08599999999999997,0.02200000000000002,0.004,0.004,0.793,14263,1.0,0.9333333333333333,0.0,0.0,0.014,0.028,0.793,0.019
630,2,inaturalist,160952,161208,256,0.17578125,0.5099999904632568,205,49,0.9902439024390244,0.8775510204081632,0.9620853080568721,0.9555555555555556,0.07699999999999996,0.019000000000000017,0.004,0.004,0.798,14263,0.9933333333333333,0.9366666666666666,0.0,0.0,0.013,0.027,0.798,0.017
631,2,inaturalist,161208,161464,256,0.16015625,0.5099999904632568,209,42,1.0,0.9523809523809523,0.9720930232558139,0.975609756097561,0.09899999999999998,0.025000000000000022,0.003,0.003,0.811,14263,0.9966666666666667,0.9366666666666666,0.0,0.0,0.016,0.027,0.811,0.019
632,2,inaturalist,161464,161720,256,0.16015625,0.5099999904632568,211,42,1.0,0.9761904761904762,0.9813953488372092,1.0,0.06799999999999995,0.017000000000000015,0.004,0.004,0.817,14264,1.0,0.9366666666666666,0.0,0.0,0.016,0.029,0.817,0.022
633,2,inaturalist,161720,161976,256,0.171875,0.5099999904632568,204,46,1.0,0.9347826086956522,0.9622641509433962,0.9772727272727273,0.07399999999999995,0.029000000000000026,0.002,0.002,0.81,14265,1.0,0.9366666666666666,0.0,0.0,0.013,0.027,0.81,0.02
634,2,inaturalist,161976,162232,256,0.16015625,0.5099999904632568,213,42,0.9906103286384976,0.9285714285714286,0.9813953488372092,0.9512195121951219,0.07199999999999995,0.02300000000000002,0.003,0.003,0.8,14267,0.9933333333333333,0.94,0.0,0.0,0.015,0.028,0.8,0.022
635,2,inaturalist,162232,162488,256,0.14453125,0.5099999904632568,212,37,1.0,0.972972972972973,0.9680365296803652,0.972972972972973,0.06899999999999995,0.019000000000000017,0.004,0.004,0.803,14268,0.9966666666666667,0.94,0.0,0.0,0.016,0.031,0.803,0.021
636,2,inaturalist,162488,162744,256,0.18359375,0.5099999904632568,204,47,0.9950980392156863,0.9787234042553191,0.9712918660287081,0.9787234042553191,0.06899999999999995,0.02100000000000002,0.002,0.002,0.809,14271,0.9966666666666667,0.9433333333333334,0.0,0.0,0.012,0.026,0.809,0.018
637,2,inaturalist,162744,163000,256,0.1875,0.5099999904632568,196,53,1.0,0.9056603773584906,0.9423076923076923,1.0,0.08799999999999997,0.02300000000000002,0.002,0.002,0.802,14275,0.9966666666666667,0.9466666666666667,0.0,0.0,0.007,0.025,0.802,0.013
638,2,inaturalist,163000,163256,256,0.1640625,0.5099999904632568,204,45,1.0,0.9333333333333333,0.9532710280373832,1.0,0.07399999999999995,0.019000000000000017,0.003,0.003,0.807,14276,1.0,0.9466666666666667,0.0,0.0,0.008,0.024,0.807,0.015
639,2,inaturalist,163256,163512,256,0.15234375,0.5099999904632568,211,42,0.995260663507109,0.9047619047619048,0.967741935483871,0.9743589743589743,0.07099999999999995,0.027000000000000024,0.002,0.002,0.806,14277,0.9966666666666667,0.9366666666666666,0.0,0.0,0.009,0.028,0.806,0.015
640,2,inaturalist,163512,163768,256,0.15625,0.5099999904632568,208,44,1.0,0.8863636363636364,0.9629629629629629,0.975,0.06699999999999995,0.02300000000000002,0.004,0.004,0.819,14277,0.9966666666666667,0.9266666666666666,0.0,0.0,0.01,0.029,0.819,0.014
641,2,inaturalist,163768,164024,256,0.1875,0.5099999904632568,201,50,1.0,0.94,0.9663461538461539,0.9791666666666666,0.06899999999999995,0.018000000000000016,0.004,0.004,0.822,14283,1.0,0.9266666666666666,0.0,0.0,0.01,0.028,0.822,0.014
642,2,inaturalist,164024,164280,256,0.17578125,0.5099999904632568,199,52,1.0,0.8653846153846154,0.943127962085308,1.0,0.07399999999999995,0.02400000000000002,0.003,0.003,0.819,14283,1.0,0.91,0.0,0.0,0.012,0.028,0.819,0.014
643,2,inaturalist,164280,164536,256,0.140625,0.5099999904632568,210,39,1.0,0.9230769230769231,0.9545454545454546,1.0,0.08399999999999996,0.028000000000000025,0.003,0.003,0.809,14285,1.0,0.9033333333333333,0.0,0.0,0.012,0.026,0.809,0.017
644,2,inaturalist,164536,164792,256,0.1796875,0.5099999904632568,200,53,1.0,0.8679245283018868,0.9523809523809523,1.0,0.06499999999999995,0.015000000000000013,0.003,0.003,0.803,14287,1.0,0.8966666666666666,0.0,0.0,0.011,0.027,0.803,0.019
645,2,inaturalist,164792,165048,256,0.18359375,0.5099999904632568,205,49,1.0,0.9387755102040817,0.9808612440191388,0.9787234042553191,0.06899999999999995,0.019000000000000017,0.004,0.004,0.79,14290,1.0,0.9,0.0,0.0,0.014,0.028,0.79,0.022
646,2,inaturalist,165048,165304,256,0.16796875,0.5099999904632568,206,45,1.0,0.9555555555555556,0.9671361502347418,1.0,0.07099999999999995,0.017000000000000015,0.003,0.003,0.797,14292,1.0,0.9133333333333333,0.0,0.0,0.015,0.027,0.797,0.023
647,2,inaturalist,165304,165560,256,0.13671875,0.5099999904632568,216,38,1.0,0.9210526315789473,0.9773755656108597,1.0,0.07699999999999996,0.02400000000000002,0.003,0.003,0.809,14293,1.0,0.9166666666666666,0.0,0.0,0.014,0.025,0.809,0.022
648,2,inaturalist,165560,165816,256,0.15625,0.5099999904632568,212,42,1.0,0.9523809523809523,0.9814814814814815,1.0,0.05900000000000005,0.027000000000000024,0.003,0.003,0.811,14293,1.0,0.92,0.0,0.0,0.01,0.026,0.811,0.018
649,2,inaturalist,165816,166072,256,0.15234375,0.5099999904632568,206,46,1.0,0.8478260869565217,0.9493087557603687,1.0,0.06999999999999995,0.02100000000000002,0.003,0.003,0.808,14296,1.0,0.91,0.0,0.0,0.011,0.022,0.808,0.02
650,2,inaturalist,166072,166328,256,0.16796875,0.5099999904632568,208,45,1.0,0.9555555555555556,0.9765258215962441,1.0,0.08499999999999996,0.030000000000000027,0.003,0.003,0.808,14299,1.0,0.9166666666666666,0.0,0.0,0.008,0.02,0.808,0.016
651,2,inaturalist,166328,166584,256,0.1796875,0.5099999904632568,202,50,0.995049504950495,0.9,0.9571428571428572,0.9782608695652174,0.07399999999999995,0.019000000000000017,0.003,0.003,0.804,14302,0.9966666666666667,0.9233333333333333,0.0,0.0,0.006,0.019,0.804,0.014
652,2,inaturalist,166584,166840,256,0.203125,0.5099999904632568,197,56,1.0,0.9285714285714286,0.9656862745098039,1.0,0.08699999999999997,0.027000000000000024,0.003,0.003,0.8,14306,0.9966666666666667,0.92,0.0,0.0,0.006,0.016,0.8,0.014
653,2,inaturalist,166840,167096,256,0.15625,0.5099999904632568,205,47,0.9951219512195122,0.8297872340425532,0.9444444444444444,0.975,0.08299999999999996,0.02300000000000002,0.003,0.003,0.799,14307,0.9966666666666667,0.9033333333333333,0.0,0.0,0.01,0.017,0.799,0.02
654,2,inaturalist,167096,167352,256,0.1484375,0.5099999904632568,205,48,1.0,0.7916666666666666,0.9403669724770642,1.0,0.07399999999999995,0.020000000000000018,0.003,0.003,0.805,14309,1.0,0.88,0.0,0.0,0.011,0.021,0.805,0.02
655,2,inaturalist,167352,167608,256,0.171875,0.5099999904632568,204,52,1.0,0.8461538461538461,0.9622641509433962,1.0,0.08299999999999996,0.026000000000000023,0.003,0.003,0.799,14311,1.0,0.8766666666666667,0.0,0.0,0.012,0.023,0.799,0.022
656,2,inaturalist,167608,167864,256,0.16796875,0.5099999904632568,209,43,1.0,0.9534883720930233,0.9812206572769953,0.9534883720930233,0.07999999999999996,0.030000000000000027,0.003,0.003,0.812,14311,1.0,0.8733333333333333,0.0,0.0,0.012,0.022,0.812,0.02
657,2,inaturalist,167864,168120,256,0.1953125,0.5099999904632568,197,54,1.0,0.9259259259259259,0.9563106796116505,1.0,0.06799999999999995,0.02100000000000002,0.003,0.003,0.797,14311,1.0,0.88,0.0,0.0,0.014,0.023,0.797,0.022
658,2,inaturalist,168120,168376,256,0.1796875,0.5099999904632568,203,49,1.0,0.9183673469387755,0.9666666666666667,0.9782608695652174,0.08499999999999996,0.019000000000000017,0.003,0.003,0.794,14318,1.0,0.88,0.0,0.0,0.01,0.023,0.794,0.019
659,2,inaturalist,168376,168632,256,0.19140625,0.5099999904632568,196,54,1.0,0.9074074074074074,0.9468599033816425,1.0,0.08599999999999997,0.02100000000000002,0.003,0.003,0.79,14321,1.0,0.89,0.0,0.0,0.01,0.027,0.79,0.02
660,2,inaturalist,168632,168888,256,0.171875,0.5099999904632568,206,45,0.9951456310679612,0.9555555555555556,0.9669811320754716,0.9772727272727273,0.08199999999999996,0.026000000000000023,0.003,0.003,0.786,14323,0.9966666666666667,0.9166666666666666,0.0,0.0,0.008,0.027,0.786,0.015
661,2,inaturalist,168888,169144,256,0.140625,0.5099999904632568,207,45,0.9951690821256038,0.7777777777777778,0.9363636363636364,0.9722222222222222,0.06399999999999995,0.019000000000000017,0.003,0.003,0.796,14324,0.9966666666666667,0.8966666666666666,0.0,0.0,0.008,0.025,0.796,0.014
662,2,inaturalist,169144,169400,256,0.1640625,0.5099999904632568,202,51,1.0,0.8235294117647058,0.9439252336448598,1.0,0.07699999999999996,0.02400000000000002,0.003,0.003,0.787,14327,1.0,0.8866666666666667,0.0,0.0,0.011,0.025,0.787,0.017
663,2,inaturalist,169400,169656,256,0.18359375,0.5099999904632568,201,49,1.0,0.9591836734693877,0.9617224880382775,1.0,0.08699999999999997,0.025000000000000022,0.003,0.003,0.778,14331,1.0,0.89,0.0,0.0,0.012,0.03,0.778,0.018
664,2,inaturalist,169656,169912,256,0.15625,0.5099999904632568,212,42,1.0,0.9523809523809523,0.9814814814814815,1.0,0.09499999999999997,0.02200000000000002,0.003,0.003,0.801,14333,1.0,0.8966666666666666,0.0,0.0,0.011,0.03,0.801,0.018
665,2,inaturalist,169912,170168,256,0.1875,0.5099999904632568,201,51,1.0,0.9411764705882353,0.9663461538461539,1.0,0.06899999999999995,0.018000000000000016,0.004,0.004,0.791,14335,1.0,0.9033333333333333,0.0,0.0,0.012,0.031,0.791,0.019
666,2,inaturalist,170168,170424,256,0.16015625,0.5099999904632568,205,44,1.0,0.9318181818181818,0.9534883720930233,1.0,0.07599999999999996,0.018000000000000016,0.004,0.004,0.794,14336,1.0,0.8966666666666666,0.0,0.0,0.014,0.032,0.794,0.02
667,2,inaturalist,170424,170680,256,0.1875,0.5099999904632568,193,53,1.0,0.9056603773584906,0.9278846153846154,1.0,0.09199999999999997,0.025000000000000022,0.004,0.004,0.784,14340,1.0,0.91,0.0,0.0,0.016,0.031,0.784,0.02
668,2,inaturalist,170680,170936,256,0.13671875,0.5099999904632568,212,38,1.0,0.9210526315789473,0.9592760180995475,1.0,0.10199999999999998,0.030000000000000027,0.004,0.004,0.788,14340,1.0,0.93,0.0,0.0,0.017,0.028,0.788,0.02
669,2,inaturalist,170936,171192,256,0.16796875,0.5099999904632568,209,44,0.9904306220095693,0.9318181818181818,0.971830985915493,0.9534883720930233,0.06299999999999994,0.027000000000000024,0.004,0.004,0.802,14342,0.9933333333333333,0.9333333333333333,0.0,0.0,0.017,0.029,0.802,0.019
670,2,inaturalist,171192,171448,256,0.1953125,0.5099999904632568,202,52,1.0,0.9615384615384616,0.9805825242718447,1.0,0.07399999999999995,0.017000000000000015,0.004,0.004,0.803,14343,0.9933333333333333,0.9333333333333333,0.0,0.0,0.017,0.026,0.803,0.02
671,2,inaturalist,171448,171704,256,0.140625,0.5099999904632568,214,40,1.0,0.9,0.9727272727272728,1.0,0.08499999999999996,0.014000000000000012,0.004,0.004,0.808,14346,1.0,0.9266666666666666,0.0,0.0,0.012,0.026,0.808,0.015
672,2,inaturalist,171704,171960,256,0.20703125,0.5099999904632568,199,55,1.0,0.9636363636363636,0.9802955665024631,1.0,0.05800000000000005,0.02200000000000002,0.004,0.004,0.803,14347,1.0,0.9366666666666666,0.0,0.0,0.013,0.026,0.803,0.014
673,2,inaturalist,171960,172216,256,0.16015625,0.5099999904632568,210,43,1.0,0.9534883720930233,0.9767441860465116,1.0,0.08399999999999996,0.028000000000000025,0.004,0.004,0.803,14348,1.0,0.9366666666666666,0.0,0.0,0.012,0.021,0.803,0.014
674,2,inaturalist,172216,172472,256,0.1875,0.5099999904632568,199,52,1.0,0.9230769230769231,0.9567307692307693,1.0,0.07199999999999995,0.026000000000000023,0.003,0.003,0.807,14349,1.0,0.94,0.0,0.0,0.013,0.02,0.807,0.022
675,2,inaturalist,172472,172728,256,0.1953125,0.5099999904632568,197,54,0.9949238578680203,0.9074074074074074,0.9514563106796117,0.98,0.07999999999999996,0.025000000000000022,0.002,0.002,0.802,14350,0.9966666666666667,0.9366666666666666,0.0,0.0,0.012,0.02,0.802,0.022
676,2,inaturalist,172728,172984,256,0.203125,0.5099999904632568,197,54,1.0,0.9629629629629629,0.9656862745098039,1.0,0.07899999999999996,0.017000000000000015,0.002,0.002,0.8,14351,1.0,0.9366666666666666,0.0,0.0,0.011,0.019,0.8,0.018
677,2,inaturalist,172984,173240,256,0.2109375,0.5099999904632568,192,59,1.0,0.9152542372881356,0.9504950495049505,1.0,0.07699999999999996,0.02200000000000002,0.002,0.002,0.803,14352,1.0,0.9366666666666666,0.0,0.0,0.013,0.019,0.803,0.019
678,2,inaturalist,173240,173496,256,0.1484375,0.5099999904632568,212,42,1.0,0.9047619047619048,0.9724770642201835,1.0,0.08699999999999997,0.025000000000000022,0.003,0.003,0.818,14353,1.0,0.9266666666666666,0.0,0.0,0.018,0.026,0.818,0.022
679,2,inaturalist,173496,173752,256,0.15234375,0.5099999904632568,211,42,1.0,0.9285714285714286,0.9723502304147466,1.0,0.07699999999999996,0.02300000000000002,0.004,0.004,0.807,14353,1.0,0.9233333333333333,0.0,0.0,0.016,0.03,0.807,0.022
680,2,inaturalist,173752,174008,256,0.2109375,0.5099999904632568,193,57,1.0,0.9473684210526315,0.9554455445544554,1.0,0.06699999999999995,0.02400000000000002,0.004,0.004,0.803,14353,1.0,0.9266666666666666,0.0,0.0,0.015,0.029,0.803,0.02
681,2,inaturalist,174008,174264,256,0.171875,0.5099999904632568,206,49,1.0,0.8979591836734694,0.9716981132075472,1.0,0.07599999999999996,0.020000000000000018,0.004,0.004,0.807,14353,1.0,0.9266666666666666,0.0,0.0,0.013,0.03,0.807,0.019
682,2,inaturalist,174264,174520,256,0.17578125,0.5099999904632568,203,48,1.0,0.9375,0.9620853080568721,1.0,0.07499999999999996,0.02200000000000002,0.004,0.004,0.805,14355,1.0,0.9233333333333333,0.0,0.0,0.013,0.033,0.805,0.019
683,2,inaturalist,174520,174776,256,0.14453125,0.5099999904632568,205,47,1.0,0.7872340425531915,0.9360730593607306,1.0,0.06599999999999995,0.02300000000000002,0.004,0.004,0.805,14357,1.0,0.9033333333333333,0.0,0.0,0.011,0.033,0.805,0.018
684,2,inaturalist,174776,175032,256,0.1640625,0.5099999904632568,206,45,0.9951456310679612,0.9111111111111111,0.9579439252336449,0.9761904761904762,0.07399999999999995,0.018000000000000016,0.004,0.004,0.805,14359,0.9966666666666667,0.9033333333333333,0.0,0.0,0.009,0.029,0.805,0.017
685,2,inaturalist,175032,175288,256,0.14453125,0.5099999904632568,212,41,1.0,0.9024390243902439,0.9680365296803652,1.0,0.08399999999999996,0.029000000000000026,0.005,0.005,0.809,14361,0.9966666666666667,0.8966666666666666,0.0,0.0,0.009,0.031,0.809,0.017
686,2,inaturalist,175288,175544,256,0.17578125,0.5099999904632568,205,47,1.0,0.9574468085106383,0.9715639810426541,1.0,0.07799999999999996,0.025000000000000022,0.004,0.004,0.806,14369,1.0,0.9066666666666666,0.0,0.0,0.009,0.03,0.806,0.017
687,2,inaturalist,175544,175640,96,0.22916666666666666,0.5099999904632568,69,23,1.0,0.9130434782608695,0.9324324324324325,0.9545454545454546,0.07299999999999995,0.026000000000000023,0.004,0.004,0.801,14371,1.0,0.9,0.0,0.0,0.012,0.031,0.801,0.021
688,3,sun,175640,175896,256,0.15625,0.5099999904632568,226,20,0.9203539823008849,0.8,0.9629629629629629,0.4,0.05300000000000005,0.018000000000000016,0.004,0.004,0.032,14371,0.94,0.8933333333333333,0.0,0.0,0.024,0.032,0.79,0.032
689,3,sun,175896,176152,256,0.20703125,0.5099999904632568,211,29,0.8957345971563981,0.8275862068965517,0.9310344827586207,0.4528301886792453,0.04200000000000004,0.016000000000000014,0.005,0.005,0.046,14373,0.9133333333333333,0.8866666666666667,0.0,0.0,0.032,0.031,0.778,0.046
690,3,sun,176152,176408,256,0.15625,0.5099999904632568,225,20,0.9422222222222222,0.95,0.9814814814814815,0.475,0.06899999999999995,0.026000000000000023,0.006,0.006,0.083,14374,0.9433333333333334,0.8833333333333333,0.0,0.0,0.057,0.032,0.742,0.083
691,3,sun,176408,176664,256,0.17578125,0.5199999809265137,215,35,0.9348837209302325,0.8285714285714286,0.95260663507109,0.6444444444444445,0.06799999999999995,0.02400000000000002,0.007,0.006,0.112,14378,0.9333333333333333,0.8766666666666667,0.0,0.0,0.083,0.033,0.713,0.112
692,3,sun,176664,176920,256,0.140625,0.5199999809265137,218,28,0.9587155963302753,0.7857142857142857,0.95,0.6111111111111112,0.09799999999999998,0.027000000000000024,0.007,0.006,0.174,14379,0.95,0.88,0.0,0.0,0.128,0.036,0.644,0.174
693,3,sun,176920,177176,256,0.18359375,0.5199999809265137,205,41,0.9658536585365853,0.8780487804878049,0.9473684210526315,0.7659574468085106,0.07899999999999996,0.025000000000000022,0.007,0.006,0.226,14379,0.9633333333333334,0.88,0.0,0.0,0.163,0.033,0.593,0.226
694,3,sun,177176,177432,256,0.140625,0.5199999809265137,220,30,0.9590909090909091,0.8666666666666667,0.9590909090909091,0.7222222222222222,0.15500000000000003,0.030000000000000027,0.008,0.007,0.328,14387,0.9633333333333334,0.8766666666666667,0.0,0.0,0.223,0.041,0.494,0.328
695,3,sun,177432,177688,256,0.19921875,0.5199999809265137,192,48,0.9791666666666666,0.8541666666666666,0.9170731707317074,0.803921568627451,0.135,0.03400000000000003,0.011,0.01,0.405,14391,0.97,0.8633333333333333,0.0,0.0,0.285,0.041,0.414,0.405
696,3,sun,177688,177944,256,0.16796875,0.5199999809265137,193,54,0.9896373056994818,0.7222222222222222,0.8967136150234741,0.9069767441860465,0.264,0.02400000000000002,0.015,0.014,0.546,14415,0.9866666666666667,0.8233333333333334,0.0,0.0,0.369,0.045,0.211,0.546
697,3,sun,177944,178200,256,0.21484375,0.5199999809265137,188,56,0.9946808510638298,0.9107142857142857,0.9303482587064676,0.9272727272727272,0.22899999999999998,0.029000000000000026,0.016,0.015,0.679,14428,0.9933333333333333,0.8366666666666667,0.0,0.0,0.467,0.042,0.039,0.679
698,3,sun,178200,178456,256,0.1640625,0.5199999809265137,197,48,1.0,0.875,0.9205607476635514,1.0,0.123,0.029000000000000026,0.018,0.017,0.698,14433,0.9966666666666667,0.8466666666666667,0.0,0.0,0.507,0.04,0.026,0.698
699,3,sun,178456,178712,256,0.15625,0.5199999809265137,194,51,0.9896907216494846,0.6862745098039216,0.8888888888888888,0.875,0.08999999999999997,0.027000000000000024,0.018,0.017,0.703,14438,0.9933333333333333,0.8133333333333334,0.0,0.0,0.523,0.039,0.022,0.703
700,3,sun,178712,178968,256,0.21875,0.5199999809265137,185,58,0.9837837837837838,0.8620689655172413,0.91,0.8928571428571429,0.10799999999999998,0.025000000000000022,0.02,0.018,0.713,14442,0.99,0.8233333333333334,0.0,0.0,0.537,0.043,0.012,0.713
701,3,sun,178968,179224,256,0.18359375,0.5199999809265137,186,56,1.0,0.8214285714285714,0.8899521531100478,0.9787234042553191,0.10599999999999998,0.028000000000000025,0.022,0.02,0.711,14445,0.99,0.82,0.0,0.0,0.555,0.045,0.011,0.711
702,3,sun,179224,179480,256,0.1328125,0.5199999809265137,203,46,0.9950738916256158,0.717391304347826,0.9099099099099099,0.9705882352941176,0.121,0.027000000000000024,0.019,0.017,0.696,14449,0.9966666666666667,0.81,0.0,0.0,0.57,0.039,0.015,0.696
703,3,sun,179480,179736,256,0.1484375,0.5199999809265137,197,47,0.9949238578680203,0.7446808510638298,0.8990825688073395,0.9210526315789473,0.09399999999999997,0.02400000000000002,0.018,0.016,0.683,14453,0.9966666666666667,0.7866666666666666,0.0,0.0,0.568,0.039,0.014,0.683
704,3,sun,179736,179992,256,0.203125,0.5199999809265137,188,55,0.9946808510638298,0.9090909090909091,0.9166666666666666,0.9615384615384616,0.10999999999999999,0.02400000000000002,0.019,0.017,0.678,14457,0.9933333333333333,0.7933333333333333,0.0,0.0,0.556,0.04,0.015,0.678
705,3,sun,179992,180248,256,0.1953125,0.5199999809265137,181,63,1.0,0.746031746031746,0.8786407766990292,0.94,0.119,0.03300000000000003,0.02,0.018,0.675,14461,0.9966666666666667,0.7966666666666666,0.0,0.0,0.549,0.041,0.016,0.675
706,3,sun,180248,180504,256,0.13671875,0.5199999809265137,196,43,1.0,0.813953488372093,0.8868778280542986,1.0,0.133,0.03500000000000003,0.016,0.015,0.67,14472,1.0,0.79,0.0,0.0,0.535,0.038,0.017,0.67
707,3,sun,180504,180760,256,0.1640625,0.5199999809265137,195,46,0.9846153846153847,0.8260869565217391,0.897196261682243,0.9047619047619048,0.10199999999999998,0.030000000000000027,0.014,0.013,0.673,14478,0.99,0.7933333333333333,0.0,0.0,0.532,0.033,0.02,0.673
708,3,sun,180760,181016,256,0.14453125,0.5199999809265137,197,43,0.9949238578680203,0.7906976744186046,0.8949771689497716,0.918918918918919,0.10199999999999998,0.031000000000000028,0.015,0.013,0.683,14482,0.99,0.8066666666666666,0.0,0.0,0.544,0.035,0.017,0.683
709,3,sun,181016,181272,256,0.15234375,0.5199999809265137,190,49,0.9947368421052631,0.7755102040816326,0.8709677419354839,0.9743589743589743,0.09899999999999998,0.028000000000000025,0.015,0.013,0.687,14483,0.9933333333333333,0.81,0.0,0.0,0.556,0.038,0.018,0.687
710,3,sun,181272,181528,256,0.171875,0.5199999809265137,194,53,1.0,0.8301886792452831,0.9150943396226415,1.0,0.09599999999999997,0.03200000000000003,0.018,0.016,0.683,14486,1.0,0.7966666666666666,0.0,0.0,0.55,0.043,0.018,0.683
711,3,sun,181528,181784,256,0.10546875,0.5199999809265137,199,33,0.9949748743718593,0.6666666666666666,0.8646288209606987,0.8148148148148148,0.10499999999999998,0.026000000000000023,0.018,0.016,0.69,14491,0.9966666666666667,0.7833333333333333,0.0,0.0,0.555,0.049,0.018,0.69
712,3,sun,181784,182040,256,0.171875,0.5199999809265137,192,46,0.9947916666666666,0.8913043478260869,0.9009433962264151,0.9318181818181818,0.06999999999999995,0.031000000000000028,0.017,0.016,0.678,14495,0.9933333333333333,0.81,0.0,0.0,0.545,0.047,0.018,0.678
713,3,sun,182040,182296,256,0.1796875,0.5299999713897705,183,54,1.0,0.8333333333333334,0.8714285714285714,0.9782608695652174,0.10799999999999998,0.02300000000000002,0.019,0.017,0.691,14498,0.9966666666666667,0.7966666666666666,0.0,0.0,0.548,0.05,0.018,0.691
714,3,sun,182296,182552,256,0.16796875,0.5299999713897705,196,50,1.0,0.84,0.92018779342723,0.9767441860465116,0.124,0.04200000000000004,0.019,0.017,0.702,14507,1.0,0.8066666666666666,0.0,0.0,0.565,0.051,0.016,0.702
715,3,sun,182552,182808,256,0.17578125,0.5299999713897705,194,49,0.9948453608247423,0.8775510204081632,0.9146919431279621,0.9555555555555556,0.09199999999999997,0.029000000000000026,0.016,0.015,0.713,14513,0.9966666666666667,0.8266666666666667,0.0,0.0,0.561,0.048,0.014,0.713
716,3,sun,182808,183064,256,0.140625,0.5299999713897705,195,47,1.0,0.7659574468085106,0.8863636363636364,1.0,0.11599999999999999,0.03200000000000003,0.018,0.016,0.714,14526,0.9966666666666667,0.8233333333333334,0.0,0.0,0.558,0.041,0.015,0.714
717,3,sun,183064,183320,256,0.15234375,0.5299999713897705,199,45,1.0,0.8,0.9170506912442397,0.9230769230769231,0.09799999999999998,0.03200000000000003,0.021,0.018,0.712,14528,1.0,0.8266666666666667,0.0,0.0,0.561,0.042,0.016,0.712
718,3,sun,183320,183576,256,0.16015625,0.5299999713897705,200,46,1.0,0.8913043478260869,0.9302325581395349,1.0,0.09799999999999998,0.03400000000000003,0.021,0.018,0.718,14533,1.0,0.8366666666666667,0.0,0.0,0.568,0.042,0.016,0.718
719,3,sun,183576,183832,256,0.1796875,0.5299999713897705,191,53,0.9947643979057592,0.8301886792452831,0.9047619047619048,0.9565217391304348,0.10699999999999998,0.025000000000000022,0.02,0.018,0.716,14537,0.9966666666666667,0.83,0.0,0.0,0.569,0.042,0.02,0.716
720,3,sun,183832,184088,256,0.15625,0.5299999713897705,194,49,1.0,0.8163265306122449,0.8981481481481481,1.0,0.11599999999999999,0.039000000000000035,0.021,0.019,0.697,14541,0.9966666666666667,0.83,0.0,0.0,0.544,0.042,0.021,0.697
721,3,sun,184088,184344,256,0.2109375,0.5299999713897705,181,59,1.0,0.8813559322033898,0.8960396039603961,0.9629629629629629,0.09499999999999997,0.026000000000000023,0.021,0.019,0.689,14544,1.0,0.8333333333333334,0.0,0.0,0.541,0.041,0.023,0.689
722,3,sun,184344,184600,256,0.15234375,0.5299999713897705,193,51,0.9948186528497409,0.7254901960784313,0.8847926267281107,0.9487179487179487,0.118,0.02300000000000002,0.019,0.017,0.682,14547,0.9966666666666667,0.8266666666666667,0.0,0.0,0.534,0.037,0.021,0.682
723,3,sun,184600,184856,256,0.14453125,0.5299999713897705,196,48,1.0,0.75,0.8949771689497716,0.972972972972973,0.09999999999999998,0.025000000000000022,0.018,0.016,0.685,14551,0.9966666666666667,0.8233333333333334,0.0,0.0,0.542,0.037,0.026,0.685
724,3,sun,184856,185112,256,0.1640625,0.5299999713897705,186,58,1.0,0.7241379310344828,0.8691588785046729,1.0,0.10699999999999998,0.03200000000000003,0.017,0.015,0.677,14551,1.0,0.7933333333333333,0.0,0.0,0.534,0.033,0.022,0.677
725,3,sun,185112,185368,256,0.1796875,0.5299999713897705,187,61,1.0,0.7213114754098361,0.8904761904761904,0.9565217391304348,0.134,0.03500000000000003,0.015,0.013,0.665,14554,1.0,0.7666666666666667,0.0,0.0,0.513,0.025,0.019,0.665
726,3,sun,185368,185624,256,0.15625,0.5299999713897705,194,49,1.0,0.7959183673469388,0.8981481481481481,0.975,0.121,0.03200000000000003,0.012,0.01,0.653,14559,1.0,0.7566666666666667,0.0,0.0,0.517,0.031,0.018,0.653
727,3,sun,185624,185880,256,0.1640625,0.5299999713897705,192,47,0.984375,0.7872340425531915,0.883177570093458,0.8809523809523809,0.10299999999999998,0.039000000000000035,0.012,0.01,0.669,14560,0.99,0.7433333333333333,0.0,0.0,0.526,0.037,0.017,0.669
728,3,sun,185880,186136,256,0.16015625,0.5299999713897705,191,53,1.0,0.7735849056603774,0.8883720930232558,1.0,0.10299999999999998,0.04300000000000004,0.011,0.01,0.649,14564,0.9933333333333333,0.7566666666666667,0.0,0.0,0.526,0.039,0.019,0.649
729,3,sun,186136,186392,256,0.19140625,0.5299999713897705,188,51,0.9893617021276596,0.8431372549019608,0.8985507246376812,0.8775510204081632,0.12,0.03500000000000003,0.012,0.011,0.66,14569,0.9933333333333333,0.7766666666666666,0.0,0.0,0.54,0.036,0.017,0.66
730,3,sun,186392,186648,256,0.14453125,0.5299999713897705,194,47,0.9948453608247423,0.7659574468085106,0.8812785388127854,0.972972972972973,0.121,0.026000000000000023,0.015,0.014,0.672,14571,0.9966666666666667,0.7866666666666666,0.0,0.0,0.536,0.042,0.019,0.672
731,3,sun,186648,186904,256,0.15234375,0.5299999713897705,194,46,1.0,0.8478260869565217,0.8940092165898618,1.0,0.11599999999999999,0.04400000000000004,0.011,0.011,0.674,14578,0.9966666666666667,0.8,0.0,0.0,0.531,0.041,0.016,0.674
732,3,sun,186904,187160,256,0.19140625,0.5299999713897705,177,57,1.0,0.8596491228070176,0.855072463768116,1.0,0.09099999999999997,0.029000000000000026,0.011,0.011,0.691,14579,1.0,0.8133333333333334,0.0,0.0,0.542,0.04,0.015,0.691
733,3,sun,187160,187416,256,0.15625,0.5399999618530273,190,50,1.0,0.8,0.8796296296296297,1.0,0.121,0.040000000000000036,0.011,0.011,0.691,14587,1.0,0.8166666666666667,0.0,0.0,0.536,0.036,0.015,0.691
734,3,sun,187416,187672,256,0.14453125,0.5399999618530273,197,47,1.0,0.7659574468085106,0.8995433789954338,0.972972972972973,0.122,0.031000000000000028,0.012,0.011,0.697,14591,1.0,0.8166666666666667,0.0,0.0,0.542,0.039,0.018,0.697
735,3,sun,187672,187928,256,0.16796875,0.5399999618530273,198,49,0.9949494949494949,0.8571428571428571,0.9248826291079812,0.9767441860465116,0.10099999999999998,0.030000000000000027,0.014,0.013,0.699,14596,0.9966666666666667,0.8166666666666667,0.0,0.0,0.535,0.042,0.017,0.699
736,3,sun,187928,188184,256,0.20703125,0.5399999618530273,185,62,1.0,0.8548387096774194,0.9113300492610837,1.0,0.10799999999999998,0.027000000000000024,0.012,0.011,0.689,14603,0.9966666666666667,0.8333333333333334,0.0,0.0,0.525,0.038,0.017,0.689
737,3,sun,188184,188440,256,0.20703125,0.5399999618530273,183,62,1.0,0.8548387096774194,0.9014778325123153,1.0,0.129,0.030000000000000027,0.013,0.012,0.692,14605,1.0,0.8366666666666667,0.0,0.0,0.516,0.035,0.023,0.692
738,3,sun,188440,188696,256,0.21484375,0.5399999618530273,185,60,1.0,0.9,0.9203980099502488,0.9818181818181818,0.121,0.028000000000000025,0.014,0.013,0.675,14609,1.0,0.85,0.0,0.0,0.51,0.04,0.018,0.675
739,3,sun,188696,188952,256,0.1875,0.5399999618530273,190,55,1.0,0.8727272727272727,0.9134615384615384,1.0,0.11199999999999999,0.031000000000000028,0.015,0.014,0.696,14610,1.0,0.86,0.0,0.0,0.524,0.039,0.011,0.696
740,3,sun,188952,189208,256,0.15625,0.5399999618530273,187,54,0.9946524064171123,0.7222222222222222,0.8611111111111112,0.975,0.11599999999999999,0.02400000000000002,0.012,0.011,0.698,14615,0.9966666666666667,0.8433333333333334,0.0,0.0,0.533,0.039,0.011,0.698
741,3,sun,189208,189464,256,0.20703125,0.5399999618530273,182,61,0.9945054945054945,0.819672131147541,0.8916256157635468,0.9433962264150944,0.11699999999999999,0.028000000000000025,0.015,0.013,0.703,14619,0.9933333333333333,0.8366666666666667,0.0,0.0,0.553,0.04,0.015,0.703
742,3,sun,189464,189720,256,0.16796875,0.5399999618530273,192,51,0.9947916666666666,0.803921568627451,0.8967136150234741,0.9534883720930233,0.121,0.028000000000000025,0.015,0.013,0.699,14623,0.9933333333333333,0.83,0.0,0.0,0.553,0.037,0.009,0.699
743,3,sun,189720,189976,256,0.203125,0.5399999618530273,183,62,1.0,0.8225806451612904,0.8970588235294118,0.9807692307692307,0.10499999999999998,0.03200000000000003,0.017,0.015,0.696,14629,1.0,0.8133333333333334,0.0,0.0,0.552,0.041,0.012,0.696
744,3,sun,189976,190232,256,0.1796875,0.5399999618530273,196,53,1.0,0.8679245283018868,0.9333333333333333,1.0,0.11499999999999999,0.03500000000000003,0.016,0.014,0.675,14634,1.0,0.8166666666666667,0.0,0.0,0.557,0.037,0.017,0.675
745,3,sun,190232,190488,256,0.18359375,0.5399999618530273,189,54,1.0,0.8333333333333334,0.9043062200956937,0.9574468085106383,0.11299999999999999,0.031000000000000028,0.016,0.014,0.69,14640,1.0,0.8233333333333334,0.0,0.0,0.55,0.042,0.017,0.69
746,3,sun,190488,190744,256,0.13671875,0.5399999618530273,195,47,1.0,0.723404255319149,0.8823529411764706,0.9714285714285714,0.11199999999999999,0.029000000000000026,0.016,0.014,0.686,14645,1.0,0.8133333333333334,0.0,0.0,0.547,0.045,0.018,0.686
747,3,sun,190744,191000,256,0.15234375,0.5399999618530273,194,46,1.0,0.8260869565217391,0.8940092165898618,0.9743589743589743,0.09199999999999997,0.026000000000000023,0.016,0.015,0.685,14646,1.0,0.81,0.0,0.0,0.544,0.045,0.015,0.685
748,3,sun,191000,191256,256,0.15234375,0.5399999618530273,195,49,1.0,0.7755102040816326,0.8986175115207373,0.9743589743589743,0.07599999999999996,0.019000000000000017,0.016,0.015,0.678,14649,1.0,0.81,0.0,0.0,0.539,0.045,0.017,0.678
749,3,sun,191256,191512,256,0.16796875,0.5399999618530273,195,48,0.9948717948717949,0.8333333333333334,0.9107981220657277,0.9302325581395349,0.10699999999999998,0.027000000000000024,0.013,0.012,0.689,14650,0.9966666666666667,0.81,0.0,0.0,0.534,0.04,0.019,0.689
750,3,sun,191512,191768,256,0.1796875,0.5399999618530273,185,58,1.0,0.7931034482758621,0.8809523809523809,1.0,0.09999999999999998,0.026000000000000023,0.013,0.012,0.681,14654,1.0,0.7966666666666666,0.0,0.0,0.518,0.041,0.024,0.681
751,3,sun,191768,192024,256,0.171875,0.5399999618530273,184,55,1.0,0.7818181818181819,0.8679245283018868,0.9772727272727273,0.11399999999999999,0.026000000000000023,0.013,0.012,0.672,14657,1.0,0.7866666666666666,0.0,0.0,0.512,0.039,0.024,0.672
752,3,sun,192024,192280,256,0.109375,0.5399999618530273,197,41,1.0,0.6585365853658537,0.8640350877192983,0.9642857142857143,0.125,0.03300000000000003,0.014,0.013,0.662,14659,1.0,0.7766666666666666,0.0,0.0,0.508,0.034,0.027,0.662
753,3,sun,192280,192536,256,0.171875,0.5399999618530273,189,57,0.9894179894179894,0.7368421052631579,0.8820754716981132,0.9545454545454546,0.11199999999999999,0.030000000000000027,0.014,0.013,0.66,14663,0.9933333333333333,0.77,0.0,0.0,0.497,0.029,0.023,0.66
754,3,sun,192536,192792,256,0.16796875,0.5399999618530273,191,57,0.9895287958115183,0.7017543859649122,0.8873239436619719,0.9302325581395349,0.11699999999999999,0.031000000000000028,0.016,0.014,0.656,14664,0.9866666666666667,0.7466666666666667,0.0,0.0,0.496,0.03,0.023,0.656
755,3,sun,192792,193048,256,0.17578125,0.5399999618530273,187,57,1.0,0.7719298245614035,0.8862559241706162,0.9777777777777777,0.125,0.03400000000000003,0.016,0.014,0.642,14669,1.0,0.7366666666666667,0.0,0.0,0.495,0.031,0.021,0.642
756,3,sun,193048,193304,256,0.16015625,0.5399999618530273,200,51,1.0,0.7843137254901961,0.9302325581395349,0.975609756097561,0.133,0.029000000000000026,0.015,0.013,0.652,14672,1.0,0.7366666666666667,0.0,0.0,0.522,0.032,0.019,0.652
757,3,sun,193304,193560,256,0.1484375,0.5399999618530273,200,45,0.995,0.8222222222222222,0.9128440366972477,0.9736842105263158,0.123,0.040000000000000036,0.013,0.011,0.627,14677,0.9966666666666667,0.7533333333333333,0.0,0.0,0.525,0.039,0.02,0.627
758,3,sun,193560,193816,256,0.1796875,0.5399999618530273,185,60,0.9891891891891892,0.7333333333333333,0.8714285714285714,0.9565217391304348,0.10599999999999998,0.03400000000000003,0.016,0.014,0.637,14677,0.9933333333333333,0.75,0.0,0.0,0.546,0.043,0.015,0.637
759,3,sun,193816,194072,256,0.109375,0.5399999618530273,202,37,1.0,0.7297297297297297,0.8859649122807017,0.9642857142857143,0.119,0.030000000000000027,0.012,0.01,0.63,14683,0.9966666666666667,0.76,0.0,0.0,0.543,0.038,0.015,0.63
760,3,sun,194072,194328,256,0.1640625,0.550000011920929,195,48,0.9846153846153847,0.8125,0.897196261682243,0.9285714285714286,0.08799999999999997,0.030000000000000027,0.012,0.01,0.649,14683,0.99,0.7733333333333333,0.0,0.0,0.54,0.039,0.013,0.649
761,3,sun,194328,194584,256,0.17578125,0.550000011920929,190,56,0.9947368421052631,0.7678571428571429,0.8957345971563981,0.9555555555555556,0.09899999999999998,0.029000000000000026,0.013,0.011,0.661,14683,0.9933333333333333,0.7733333333333333,0.0,0.0,0.548,0.043,0.015,0.661
762,3,sun,194584,194840,256,0.1875,0.550000011920929,194,45,0.9845360824742269,0.9333333333333333,0.9182692307692307,0.875,0.11499999999999999,0.03600000000000003,0.016,0.014,0.666,14683,0.9866666666666667,0.7933333333333333,0.0,0.0,0.532,0.044,0.017,0.666
763,3,sun,194840,195096,256,0.1953125,0.550000011920929,178,64,1.0,0.765625,0.8640776699029126,0.98,0.11199999999999999,0.026000000000000023,0.017,0.015,0.672,14686,0.9966666666666667,0.7833333333333333,0.0,0.0,0.531,0.038,0.018,0.672
764,3,sun,195096,195352,256,0.1484375,0.550000011920929,190,52,1.0,0.7307692307692307,0.8715596330275229,1.0,0.126,0.029000000000000026,0.016,0.014,0.662,14690,1.0,0.79,0.0,0.0,0.512,0.034,0.018,0.662
765,3,sun,195352,195608,256,0.16796875,0.550000011920929,192,51,0.9895833333333334,0.803921568627451,0.892018779342723,0.9534883720930233,0.135,0.028000000000000025,0.017,0.015,0.653,14697,0.9933333333333333,0.7933333333333333,0.0,0.0,0.512,0.035,0.021,0.653
766,3,sun,195608,195864,256,0.140625,0.550000011920929,199,44,0.9949748743718593,0.7727272727272727,0.9,0.9444444444444444,0.11599999999999999,0.030000000000000027,0.016,0.014,0.677,14698,0.9966666666666667,0.7933333333333333,0.0,0.0,0.523,0.036,0.02,0.677
767,3,sun,195864,196120,256,0.16015625,0.550000011920929,192,53,1.0,0.7547169811320755,0.8930232558139535,0.975609756097561,0.10499999999999998,0.03200000000000003,0.015,0.013,0.677,14704,0.9966666666666667,0.7833333333333333,0.0,0.0,0.51,0.034,0.017,0.677
768,3,sun,196120,196376,256,0.1953125,0.5399999618530273,181,61,1.0,0.819672131147541,0.8786407766990292,1.0,0.12,0.03200000000000003,0.013,0.012,0.68,14708,1.0,0.77,0.0,0.0,0.518,0.032,0.015,0.68
769,3,sun,196376,196632,256,0.171875,0.5399999618530273,186,58,1.0,0.7586206896551724,0.8773584905660378,1.0,0.14300000000000002,0.030000000000000027,0.013,0.012,0.662,14714,1.0,0.77,0.0,0.0,0.517,0.039,0.015,0.662
770,3,sun,196632,196888,256,0.18359375,0.5399999618530273,183,58,1.0,0.7758620689655172,0.8755980861244019,0.9574468085106383,0.11599999999999999,0.029000000000000026,0.012,0.011,0.658,14716,1.0,0.78,0.0,0.0,0.512,0.036,0.016,0.658
771,3,sun,196888,197144,256,0.19140625,0.5399999618530273,183,62,0.994535519125683,0.7580645161290323,0.8792270531400966,0.9591836734693877,0.131,0.019000000000000017,0.013,0.012,0.663,14720,0.9966666666666667,0.7733333333333333,0.0,0.0,0.528,0.038,0.013,0.663
772,3,sun,197144,197400,256,0.1875,0.5399999618530273,176,63,1.0,0.746031746031746,0.8461538461538461,0.9791666666666666,0.11399999999999999,0.030000000000000027,0.017,0.016,0.663,14722,0.9966666666666667,0.77,0.0,0.0,0.535,0.044,0.017,0.663
773,3,sun,197400,197656,256,0.1953125,0.5399999618530273,190,56,0.9947368421052631,0.875,0.9174757281553398,0.98,0.14400000000000002,0.027000000000000024,0.015,0.014,0.674,14723,0.9966666666666667,0.78,0.0,0.0,0.548,0.044,0.018,0.674
774,3,sun,197656,197912,256,0.171875,0.5399999618530273,186,57,1.0,0.7719298245614035,0.8773584905660378,1.0,0.132,0.030000000000000027,0.018,0.017,0.674,14723,0.9966666666666667,0.7766666666666666,0.0,0.0,0.548,0.049,0.025,0.674
775,3,sun,197912,198168,256,0.18359375,0.5399999618530273,186,55,0.9946236559139785,0.8,0.8851674641148325,0.9361702127659575,0.135,0.030000000000000027,0.018,0.017,0.68,14726,0.9966666666666667,0.7933333333333333,0.0,0.0,0.54,0.052,0.029,0.68
776,3,sun,198168,198424,256,0.22265625,0.5399999618530273,179,67,0.994413407821229,0.8059701492537313,0.8944723618090452,0.9473684210526315,0.11499999999999999,0.03200000000000003,0.019,0.018,0.701,14730,0.9966666666666667,0.8,0.0,0.0,0.543,0.052,0.024,0.701
777,3,sun,198424,198680,256,0.171875,0.5399999618530273,183,59,0.994535519125683,0.7288135593220338,0.8584905660377359,0.9772727272727273,0.14900000000000002,0.03200000000000003,0.019,0.018,0.697,14734,0.9933333333333333,0.7966666666666666,0.0,0.0,0.551,0.052,0.028,0.697
778,3,sun,198680,198936,256,0.19140625,0.5399999618530273,189,54,0.9841269841269841,0.8333333333333334,0.8985507246376812,0.9183673469387755,0.11099999999999999,0.03600000000000003,0.018,0.017,0.708,14739,0.9866666666666667,0.79,0.0,0.0,0.554,0.047,0.024,0.708
779,3,sun,198936,199192,256,0.16796875,0.5399999618530273,190,56,0.9947368421052631,0.75,0.8873239436619719,0.9767441860465116,0.118,0.026000000000000023,0.02,0.019,0.708,14741,0.99,0.7866666666666666,0.0,0.0,0.539,0.05,0.023,0.708
780,3,sun,199192,199448,256,0.1875,0.5399999618530273,191,55,1.0,0.8363636363636363,0.9182692307692307,0.9583333333333334,0.10399999999999998,0.027000000000000024,0.018,0.017,0.694,14742,0.9966666666666667,0.79,0.0,0.0,0.537,0.047,0.031,0.694
781,3,sun,199448,199704,256,0.1484375,0.5399999618530273,192,56,0.9947916666666666,0.6428571428571429,0.8761467889908257,0.9473684210526315,0.118,0.026000000000000023,0.015,0.014,0.671,14742,0.9966666666666667,0.7566666666666667,0.0,0.0,0.52,0.042,0.031,0.671
782,3,sun,199704,199960,256,0.11328125,0.5399999618530273,199,46,1.0,0.6304347826086957,0.8766519823788547,1.0,0.122,0.03200000000000003,0.015,0.014,0.641,14745,0.9966666666666667,0.74,0.0,0.0,0.499,0.038,0.022,0.641
783,3,sun,199960,200216,256,0.1796875,0.5399999618530273,184,62,1.0,0.7258064516129032,0.8761904761904762,0.9782608695652174,0.11199999999999999,0.029000000000000026,0.015,0.014,0.635,14746,1.0,0.72,0.0,0.0,0.497,0.036,0.026,0.635
784,3,sun,200216,200472,256,0.1328125,0.5399999618530273,194,48,0.9948453608247423,0.6875,0.8693693693693694,0.9705882352941176,0.124,0.02200000000000002,0.013,0.012,0.646,14749,0.9966666666666667,0.7166666666666667,0.0,0.0,0.511,0.033,0.026,0.646
785,3,sun,200472,200728,256,0.19140625,0.5399999618530273,178,62,0.9887640449438202,0.7258064516129032,0.8502415458937198,0.9183673469387755,0.123,0.03200000000000003,0.014,0.014,0.649,14751,0.9933333333333333,0.6966666666666667,0.0,0.0,0.52,0.03,0.024,0.649
786,3,sun,200728,200984,256,0.1484375,0.5399999618530273,203,43,0.9901477832512315,0.8372093023255814,0.9220183486238532,0.9473684210526315,0.132,0.026000000000000023,0.01,0.01,0.649,14754,0.99,0.7066666666666667,0.0,0.0,0.532,0.028,0.02,0.649
787,3,sun,200984,201240,256,0.15234375,0.5399999618530273,189,51,1.0,0.7450980392156863,0.8709677419354839,0.9743589743589743,0.09999999999999998,0.03300000000000003,0.01,0.01,0.645,14754,0.9933333333333333,0.7233333333333334,0.0,0.0,0.511,0.03,0.021,0.645
788,3,sun,201240,201496,256,0.15234375,0.5399999618530273,199,43,0.9949748743718593,0.8837209302325582,0.9124423963133641,0.9743589743589743,0.123,0.03400000000000003,0.013,0.013,0.672,14755,0.9966666666666667,0.7633333333333333,0.0,0.0,0.544,0.038,0.019,0.672
789,3,sun,201496,201752,256,0.125,0.5399999618530273,196,40,1.0,0.8,0.875,1.0,0.10399999999999998,0.038000000000000034,0.016,0.015,0.695,14757,0.9966666666666667,0.7733333333333333,0.0,0.0,0.553,0.038,0.011,0.695
790,3,sun,201752,202008,256,0.2109375,0.5399999618530273,183,62,1.0,0.8387096774193549,0.905940594059406,0.9629629629629629,0.09299999999999997,0.027000000000000024,0.014,0.013,0.695,14758,1.0,0.8,0.0,0.0,0.566,0.034,0.015,0.695
791,3,sun,202008,202264,256,0.15625,0.5399999618530273,199,46,1.0,0.8695652173913043,0.9212962962962963,1.0,0.129,0.028000000000000025,0.018,0.017,0.691,14759,1.0,0.8266666666666667,0.0,0.0,0.554,0.041,0.017,0.691
792,3,sun,202264,202520,256,0.12109375,0.5399999618530273,201,42,1.0,0.7380952380952381,0.8933333333333333,1.0,0.10499999999999998,0.028000000000000025,0.021,0.02,0.691,14764,1.0,0.82,0.0,0.0,0.553,0.047,0.028,0.691
793,3,sun,202520,202776,256,0.17578125,0.5399999618530273,188,58,1.0,0.7758620689655172,0.8909952606635071,1.0,0.09099999999999997,0.031000000000000028,0.018,0.017,0.696,14766,1.0,0.8133333333333334,0.0,0.0,0.551,0.044,0.028,0.696
794,3,sun,202776,203032,256,0.19140625,0.5399999618530273,177,62,0.9943502824858758,0.7741935483870968,0.8502415458937198,0.9795918367346939,0.123,0.030000000000000027,0.018,0.017,0.681,14770,0.9966666666666667,0.8,0.0,0.0,0.537,0.044,0.027,0.681
795,3,sun,203032,203288,256,0.18359375,0.5399999618530273,188,55,1.0,0.8181818181818182,0.8995215311004785,0.9574468085106383,0.128,0.03400000000000003,0.02,0.019,0.669,14772,1.0,0.8,0.0,0.0,0.525,0.052,0.026,0.669
796,3,sun,203288,203544,256,0.13671875,0.5399999618530273,198,48,0.9949494949494949,0.7083333333333334,0.8914027149321267,0.9714285714285714,0.10499999999999998,0.03500000000000003,0.019,0.018,0.675,14774,0.9966666666666667,0.7766666666666666,0.0,0.0,0.527,0.056,0.026,0.675
797,3,sun,203544,203800,256,0.1484375,0.5399999618530273,196,46,1.0,0.782608695652174,0.8990825688073395,0.9473684210526315,0.11599999999999999,0.03200000000000003,0.019,0.018,0.665,14775,0.9966666666666667,0.7633333333333333,0.0,0.0,0.522,0.061,0.023,0.665
798,3,sun,203800,204056,256,0.1484375,0.5399999618530273,188,54,1.0,0.7037037037037037,0.8623853211009175,1.0,0.10599999999999998,0.031000000000000028,0.021,0.02,0.677,14780,1.0,0.7666666666666667,0.0,0.0,0.534,0.062,0.018,0.677
799,3,sun,204056,204312,256,0.12109375,0.5399999618530273,204,43,1.0,0.6976744186046512,0.9066666666666666,0.967741935483871,0.11599999999999999,0.030000000000000027,0.02,0.019,0.678,14781,1.0,0.7566666666666667,0.0,0.0,0.535,0.062,0.014,0.678
800,3,sun,204312,204568,256,0.20703125,0.5399999618530273,182,61,0.9945054945054945,0.8524590163934426,0.8916256157635468,0.9811320754716981,0.10199999999999998,0.026000000000000023,0.02,0.019,0.69,14783,0.9966666666666667,0.76,0.0,0.0,0.543,0.058,0.013,0.69
801,3,sun,204568,204824,256,0.18359375,0.5399999618530273,185,57,0.9945945945945946,0.8070175438596491,0.8803827751196173,0.9787234042553191,0.134,0.02300000000000002,0.018,0.017,0.7,14783,0.9933333333333333,0.76,0.0,0.0,0.535,0.05,0.012,0.7
802,3,sun,204824,205080,256,0.171875,0.5399999618530273,198,53,1.0,0.8301886792452831,0.9339622641509434,1.0,0.10399999999999998,0.03700000000000003,0.018,0.017,0.675,14783,0.9966666666666667,0.78,0.0,0.0,0.532,0.051,0.011,0.675
803,3,sun,205080,205336,256,0.1640625,0.5399999618530273,195,51,0.9948717948717949,0.803921568627451,0.9065420560747663,0.9761904761904762,0.125,0.031000000000000028,0.018,0.016,0.69,14787,0.9966666666666667,0.79,0.0,0.0,0.532,0.048,0.011,0.69
804,3,sun,205336,205592,256,0.15234375,0.5399999618530273,196,47,0.9948979591836735,0.7872340425531915,0.8986175115207373,0.9487179487179487,0.09799999999999998,0.03200000000000003,0.015,0.014,0.702,14787,0.9933333333333333,0.8,0.0,0.0,0.553,0.046,0.01,0.702
805,3,sun,205592,205848,256,0.1484375,0.5399999618530273,196,47,0.9846938775510204,0.723404255319149,0.8853211009174312,0.8947368421052632,0.10199999999999998,0.028000000000000025,0.016,0.015,0.699,14789,0.99,0.8033333333333333,0.0,0.0,0.545,0.046,0.009,0.699
806,3,sun,205848,206104,256,0.16796875,0.5399999618530273,192,55,1.0,0.7818181818181819,0.9014084507042254,1.0,0.09799999999999998,0.027000000000000024,0.017,0.016,0.7,14789,0.9933333333333333,0.79,0.0,0.0,0.538,0.043,0.01,0.7
807,3,sun,206104,206360,256,0.16015625,0.5399999618530273,196,54,1.0,0.7592592592592593,0.9116279069767442,1.0,0.11099999999999999,0.02400000000000002,0.017,0.016,0.672,14790,1.0,0.7766666666666666,0.0,0.0,0.519,0.045,0.011,0.672
808,3,sun,206360,206616,256,0.16015625,0.5399999618530273,187,55,0.9946524064171123,0.7272727272727273,0.8651162790697674,0.975609756097561,0.118,0.03200000000000003,0.016,0.015,0.674,14790,0.9966666666666667,0.77,0.0,0.0,0.521,0.051,0.016,0.674
809,3,sun,206616,206872,256,0.15625,0.5399999618530273,188,55,1.0,0.7090909090909091,0.8703703703703703,0.975,0.126,0.020000000000000018,0.018,0.017,0.67,14792,1.0,0.75,0.0,0.0,0.519,0.054,0.013,0.67
810,3,sun,206872,207128,256,0.13671875,0.5399999618530273,195,46,1.0,0.7391304347826086,0.8823529411764706,0.9714285714285714,0.126,0.027000000000000024,0.022,0.02,0.679,14793,1.0,0.74,0.0,0.0,0.517,0.055,0.016,0.679
811,3,sun,207128,207384,256,0.11328125,0.5399999618530273,198,40,1.0,0.725,0.8722466960352423,1.0,0.10999999999999999,0.03200000000000003,0.02,0.018,0.673,14795,1.0,0.7466666666666667,0.0,0.0,0.515,0.053,0.018,0.673
812,3,sun,207384,207640,256,0.16796875,0.5399999618530273,184,54,1.0,0.7962962962962963,0.863849765258216,1.0,0.09199999999999997,0.027000000000000024,0.019,0.017,0.669,14795,1.0,0.7433333333333333,0.0,0.0,0.516,0.054,0.018,0.669
813,3,sun,207640,207896,256,0.16796875,0.5399999618530273,188,50,1.0,0.86,0.8826291079812206,1.0,0.133,0.03200000000000003,0.02,0.018,0.699,14795,1.0,0.76,0.0,0.0,0.546,0.053,0.014,0.699
814,3,sun,207896,208152,256,0.15625,0.5399999618530273,197,44,1.0,0.8409090909090909,0.9120370370370371,0.925,0.10099999999999998,0.031000000000000028,0.019,0.017,0.695,14797,1.0,0.7766666666666666,0.0,0.0,0.548,0.056,0.015,0.695
815,3,sun,208152,208408,256,0.1953125,0.5399999618530273,187,57,1.0,0.8596491228070176,0.9077669902912622,0.98,0.12,0.03300000000000003,0.021,0.018,0.697,14797,1.0,0.7933333333333333,0.0,0.0,0.547,0.053,0.016,0.697
816,3,sun,208408,208664,256,0.171875,0.5399999618530273,185,54,1.0,0.7962962962962963,0.8726415094339622,0.9772727272727273,0.133,0.03700000000000003,0.018,0.016,0.698,14800,1.0,0.8166666666666667,0.0,0.0,0.544,0.049,0.016,0.698
817,3,sun,208664,208920,256,0.17578125,0.5399999618530273,197,47,0.9949238578680203,0.8936170212765957,0.9289099526066351,0.9333333333333333,0.11299999999999999,0.028000000000000025,0.018,0.016,0.69,14803,0.9966666666666667,0.8366666666666667,0.0,0.0,0.539,0.048,0.014,0.69
818,3,sun,208920,209176,256,0.17578125,0.5399999618530273,195,48,0.9948717948717949,0.875,0.919431279620853,0.9333333333333333,0.118,0.038000000000000034,0.017,0.015,0.703,14805,0.9933333333333333,0.8533333333333334,0.0,0.0,0.549,0.044,0.013,0.703
819,3,sun,209176,209432,256,0.171875,0.5399999618530273,195,52,0.9948717948717949,0.8269230769230769,0.9150943396226415,0.9772727272727273,0.10099999999999998,0.025000000000000022,0.016,0.014,0.719,14808,0.9933333333333333,0.8466666666666667,0.0,0.0,0.567,0.04,0.012,0.719
820,3,sun,209432,209688,256,0.140625,0.5399999618530273,203,43,1.0,0.813953488372093,0.9227272727272727,0.9722222222222222,0.09499999999999997,0.030000000000000027,0.015,0.013,0.697,14811,0.9966666666666667,0.8433333333333334,0.0,0.0,0.559,0.039,0.014,0.697
821,3,sun,209688,209944,256,0.19921875,0.5399999618530273,180,62,1.0,0.8225806451612904,0.8780487804878049,1.0,0.09599999999999997,0.03300000000000003,0.017,0.015,0.696,14817,1.0,0.84,0.0,0.0,0.57,0.04,0.009,0.696
822,3,sun,209944,210200,256,0.140625,0.5399999618530273,196,45,1.0,0.7777777777777778,0.8909090909090909,0.9722222222222222,0.11399999999999999,0.025000000000000022,0.017,0.015,0.704,14820,1.0,0.83,0.0,0.0,0.578,0.041,0.01,0.704
823,3,sun,210200,210456,256,0.16015625,0.5399999618530273,187,48,1.0,0.8125,0.8697674418604651,0.9512195121951219,0.10199999999999998,0.029000000000000026,0.014,0.013,0.69,14824,1.0,0.8233333333333334,0.0,0.0,0.572,0.039,0.012,0.69
824,3,sun,210456,210712,256,0.1640625,0.5399999618530273,188,55,1.0,0.7454545454545455,0.8785046728971962,0.9761904761904762,0.10899999999999999,0.025000000000000022,0.011,0.01,0.681,14828,1.0,0.8033333333333333,0.0,0.0,0.557,0.035,0.016,0.681
825,3,sun,210712,210968,256,0.1875,0.5399999618530273,183,61,1.0,0.7868852459016393,0.8798076923076923,1.0,0.11099999999999999,0.02100000000000002,0.013,0.012,0.686,14831,1.0,0.7933333333333333,0.0,0.0,0.545,0.038,0.02,0.686
826,3,sun,210968,211224,256,0.15625,0.5399999618530273,200,47,1.0,0.8297872340425532,0.9259259259259259,0.975,0.12,0.038000000000000034,0.015,0.014,0.672,14832,1.0,0.7933333333333333,0.0,0.0,0.531,0.044,0.025,0.672
827,3,sun,211224,211480,256,0.1640625,0.5399999618530273,192,54,0.9947916666666666,0.7592592592592593,0.8925233644859814,0.9761904761904762,0.10799999999999998,0.03200000000000003,0.016,0.016,0.674,14835,0.9966666666666667,0.7866666666666666,0.0,0.0,0.531,0.046,0.026,0.674
828,3,sun,211480,211736,256,0.12109375,0.5399999618530273,194,42,1.0,0.6904761904761905,0.8622222222222222,0.9354838709677419,0.123,0.03700000000000003,0.016,0.016,0.673,14840,1.0,0.77,0.0,0.0,0.518,0.046,0.026,0.673
829,3,sun,211736,211992,256,0.1640625,0.5399999618530273,189,47,1.0,0.851063829787234,0.883177570093458,0.9523809523809523,0.09499999999999997,0.028000000000000025,0.016,0.016,0.661,14840,1.0,0.7733333333333333,0.0,0.0,0.519,0.046,0.023,0.661
830,3,sun,211992,212248,256,0.17578125,0.5399999618530273,188,58,1.0,0.7586206896551724,0.8909952606635071,0.9777777777777777,0.11199999999999999,0.031000000000000028,0.02,0.019,0.662,14841,1.0,0.78,0.0,0.0,0.515,0.05,0.022,0.662
831,3,sun,212248,212504,256,0.1328125,0.5399999618530273,196,44,1.0,0.7727272727272727,0.8828828828828829,1.0,0.11499999999999999,0.03700000000000003,0.017,0.016,0.667,14843,1.0,0.78,0.0,0.0,0.53,0.046,0.024,0.667
832,3,sun,212504,212760,256,0.16015625,0.5399999618530273,176,57,1.0,0.7192982456140351,0.8186046511627907,1.0,0.09699999999999998,0.02300000000000002,0.021,0.02,0.662,14843,1.0,0.7566666666666667,0.0,0.0,0.511,0.05,0.025,0.662
833,3,sun,212760,213016,256,0.18359375,0.5399999618530273,180,61,0.9944444444444445,0.7213114754098361,0.8564593301435407,0.9361702127659575,0.133,0.025000000000000022,0.02,0.019,0.653,14844,0.9966666666666667,0.7533333333333333,0.0,0.0,0.5,0.045,0.024,0.653
834,3,sun,213016,213272,256,0.2265625,0.5399999618530273,179,69,0.994413407821229,0.8260869565217391,0.898989898989899,0.9827586206896551,0.122,0.027000000000000024,0.021,0.02,0.656,14845,0.9933333333333333,0.76,0.0,0.0,0.505,0.046,0.024,0.656
835,3,sun,213272,213528,256,0.14453125,0.5399999618530273,193,49,1.0,0.7551020408163265,0.8812785388127854,1.0,0.15400000000000003,0.025000000000000022,0.019,0.017,0.65,14847,0.9966666666666667,0.7633333333333333,0.0,0.0,0.514,0.037,0.023,0.65
836,3,sun,213528,213784,256,0.125,0.5399999618530273,210,39,1.0,0.7948717948717948,0.9375,0.96875,0.11699999999999999,0.03600000000000003,0.02,0.018,0.668,14848,1.0,0.77,0.0,0.0,0.511,0.039,0.026,0.668
837,3,sun,213784,214040,256,0.19921875,0.5399999618530273,185,54,0.9945945945945946,0.9259259259259259,0.8975609756097561,0.9803921568627451,0.09299999999999997,0.03300000000000003,0.017,0.015,0.676,14849,0.9966666666666667,0.7966666666666666,0.0,0.0,0.524,0.039,0.015,0.676
838,3,sun,214040,214296,256,0.140625,0.5399999618530273,201,47,1.0,0.7659574468085106,0.9136363636363637,1.0,0.11299999999999999,0.03200000000000003,0.013,0.011,0.686,14849,0.9966666666666667,0.8133333333333334,0.0,0.0,0.544,0.039,0.018,0.686
839,3,sun,214296,214552,256,0.22265625,0.5399999618530273,180,66,1.0,0.803030303030303,0.9045226130653267,0.9298245614035088,0.09399999999999997,0.02200000000000002,0.013,0.012,0.704,14851,1.0,0.8133333333333334,0.0,0.0,0.557,0.047,0.013,0.704
840,3,sun,214552,214808,256,0.1328125,0.5399999618530273,198,45,1.0,0.7555555555555555,0.8918918918918919,1.0,0.134,0.03300000000000003,0.015,0.014,0.697,14852,1.0,0.8033333333333333,0.0,0.0,0.558,0.054,0.012,0.697
841,3,sun,214808,215064,256,0.1640625,0.5399999618530273,192,53,1.0,0.7735849056603774,0.897196261682243,0.9761904761904762,0.08799999999999997,0.025000000000000022,0.014,0.014,0.704,14855,1.0,0.81,0.0,0.0,0.559,0.058,0.013,0.704
842,3,sun,215064,215320,256,0.171875,0.5399999618530273,196,46,0.9948979591836735,0.8913043478260869,0.9198113207547169,0.9318181818181818,0.09999999999999998,0.02400000000000002,0.018,0.017,0.717,14858,0.9966666666666667,0.8133333333333334,0.0,0.0,0.555,0.059,0.012,0.717
843,3,sun,215320,215576,256,0.171875,0.5399999618530273,191,58,1.0,0.7586206896551724,0.9009433962264151,1.0,0.09299999999999997,0.026000000000000023,0.018,0.017,0.716,14860,0.9966666666666667,0.7933333333333333,0.0,0.0,0.545,0.056,0.011,0.716
844,3,sun,215576,215832,256,0.18359375,0.5399999618530273,190,56,0.9947368421052631,0.8214285714285714,0.9043062200956937,0.9787234042553191,0.11199999999999999,0.026000000000000023,0.016,0.015,0.709,14862,0.9966666666666667,0.7966666666666666,0.0,0.0,0.555,0.06,0.01,0.709
845,3,sun,215832,216088,256,0.16015625,0.5399999618530273,190,54,0.9947368421052631,0.7407407407407407,0.8790697674418605,0.975609756097561,0.11299999999999999,0.02200000000000002,0.016,0.015,0.714,14864,0.9933333333333333,0.8,0.0,0.0,0.559,0.055,0.013,0.714
846,3,sun,216088,216344,256,0.17578125,0.5399999618530273,183,57,1.0,0.7894736842105263,0.8672985781990521,1.0,0.134,0.03200000000000003,0.019,0.018,0.7,14864,0.9966666666666667,0.7933333333333333,0.0,0.0,0.566,0.059,0.018,0.7
847,3,sun,216344,216600,256,0.15625,0.5399999618530273,192,54,1.0,0.7407407407407407,0.8888888888888888,1.0,0.126,0.02400000000000002,0.016,0.015,0.696,14869,1.0,0.7733333333333333,0.0,0.0,0.566,0.054,0.016,0.696
848,3,sun,216600,216856,256,0.171875,0.5399999618530273,189,52,0.9947089947089947,0.8076923076923077,0.8867924528301887,0.9545454545454546,0.11599999999999999,0.026000000000000023,0.018,0.017,0.679,14871,0.9966666666666667,0.7766666666666666,0.0,0.0,0.548,0.055,0.01,0.679
849,3,sun,216856,217112,256,0.18359375,0.5399999618530273,189,53,0.9947089947089947,0.8490566037735849,0.8995215311004785,0.9574468085106383,0.131,0.03700000000000003,0.018,0.017,0.689,14873,0.9933333333333333,0.79,0.0,0.0,0.551,0.053,0.013,0.689
850,3,sun,217112,217368,256,0.1875,0.5399999618530273,182,61,0.9945054945054945,0.7704918032786885,0.8701923076923077,0.9791666666666666,0.10999999999999999,0.029000000000000026,0.017,0.016,0.687,14876,0.9966666666666667,0.7933333333333333,0.0,0.0,0.557,0.054,0.011,0.687
851,3,sun,217368,217624,256,0.1796875,0.5399999618530273,181,63,1.0,0.7301587301587301,0.861904761904762,1.0,0.129,0.026000000000000023,0.018,0.017,0.669,14883,1.0,0.7733333333333333,0.0,0.0,0.544,0.056,0.023,0.669
852,3,sun,217624,217880,256,0.1640625,0.5399999618530273,197,48,0.9949238578680203,0.8125,0.9158878504672897,0.9285714285714286,0.14600000000000002,0.041000000000000036,0.016,0.015,0.655,14888,0.9966666666666667,0.7866666666666666,0.0,0.0,0.528,0.048,0.024,0.655
853,3,sun,217880,218136,256,0.18359375,0.5399999618530273,178,60,0.9887640449438202,0.7333333333333333,0.8421052631578947,0.9361702127659575,0.09799999999999998,0.027000000000000024,0.019,0.018,0.671,14890,0.9933333333333333,0.7733333333333333,0.0,0.0,0.538,0.054,0.023,0.671
854,3,sun,218136,218392,256,0.16796875,0.5399999618530273,189,52,0.9894179894179894,0.7692307692307693,0.8779342723004695,0.9302325581395349,0.122,0.02200000000000002,0.018,0.017,0.663,14893,0.99,0.7733333333333333,0.0,0.0,0.534,0.05,0.02,0.663
855,3,sun,218392,218648,256,0.1484375,0.5399999618530273,195,45,1.0,0.8222222222222222,0.8944954128440367,0.9736842105263158,0.11499999999999999,0.030000000000000027,0.016,0.015,0.684,14896,0.9966666666666667,0.7633333333333333,0.0,0.0,0.54,0.045,0.021,0.684
856,3,sun,218648,218904,256,0.171875,0.5399999618530273,191,56,0.9947643979057592,0.7321428571428571,0.8962264150943396,0.9318181818181818,0.09799999999999998,0.029000000000000026,0.015,0.014,0.671,14897,0.9966666666666667,0.7633333333333333,0.0,0.0,0.525,0.042,0.02,0.671
857,3,sun,218904,219160,256,0.1875,0.5399999618530273,180,61,1.0,0.7704918032786885,0.8653846153846154,0.9791666666666666,0.11599999999999999,0.02400000000000002,0.019,0.018,0.681,14898,0.9966666666666667,0.7666666666666667,0.0,0.0,0.523,0.049,0.012,0.681
858,3,sun,219160,219416,256,0.15234375,0.5399999618530273,188,57,1.0,0.6842105263157895,0.8663594470046083,1.0,0.125,0.026000000000000023,0.019,0.018,0.693,14901,1.0,0.7433333333333333,0.0,0.0,0.525,0.049,0.014,0.693
859,3,sun,219416,219672,256,0.15234375,0.5399999618530273,194,47,0.9948453608247423,0.8085106382978723,0.8894009216589862,0.9743589743589743,0.123,0.03400000000000003,0.017,0.015,0.691,14901,0.9966666666666667,0.7566666666666667,0.0,0.0,0.52,0.045,0.012,0.691
860,3,sun,219672,219928,256,0.16796875,0.5399999618530273,193,51,0.9948186528497409,0.8235294117647058,0.9014084507042254,0.9767441860465116,0.10099999999999998,0.030000000000000027,0.018,0.016,0.7,14903,0.9933333333333333,0.7633333333333333,0.0,0.0,0.531,0.041,0.013,0.7
861,3,sun,219928,220184,256,0.15625,0.5399999618530273,193,48,0.9948186528497409,0.7916666666666666,0.8888888888888888,0.95,0.11499999999999999,0.038000000000000034,0.016,0.014,0.708,14904,0.9966666666666667,0.7633333333333333,0.0,0.0,0.53,0.042,0.013,0.708
862,3,sun,220184,220440,256,0.1484375,0.5399999618530273,199,40,1.0,0.9,0.9128440366972477,0.9473684210526315,0.11199999999999999,0.03700000000000003,0.018,0.016,0.696,14909,1.0,0.79,0.0,0.0,0.542,0.037,0.01,0.696
863,3,sun,220440,220696,256,0.1328125,0.5399999618530273,202,42,1.0,0.8095238095238095,0.9099099099099099,1.0,0.09599999999999997,0.029000000000000026,0.017,0.015,0.717,14909,1.0,0.79,0.0,0.0,0.554,0.033,0.008,0.717
864,3,sun,220696,220952,256,0.18359375,0.5399999618530273,186,57,1.0,0.8245614035087719,0.8899521531100478,1.0,0.09499999999999997,0.026000000000000023,0.016,0.014,0.708,14909,1.0,0.8166666666666667,0.0,0.0,0.563,0.036,0.011,0.708
865,3,sun,220952,221208,256,0.171875,0.5399999618530273,191,52,1.0,0.8269230769230769,0.9009433962264151,0.9772727272727273,0.11199999999999999,0.03400000000000003,0.017,0.016,0.706,14910,1.0,0.83,0.0,0.0,0.567,0.038,0.013,0.706
866,3,sun,221208,221464,256,0.12109375,0.5399999618530273,199,44,1.0,0.6818181818181818,0.8844444444444445,0.967741935483871,0.11099999999999999,0.020000000000000018,0.016,0.015,0.705,14912,1.0,0.8066666666666666,0.0,0.0,0.566,0.035,0.013,0.705
867,3,sun,221464,221720,256,0.1640625,0.5399999618530273,196,47,0.9948979591836735,0.851063829787234,0.9112149532710281,0.9523809523809523,0.09899999999999998,0.027000000000000024,0.016,0.015,0.714,14913,0.9966666666666667,0.8166666666666667,0.0,0.0,0.566,0.038,0.012,0.714
868,3,sun,221720,221976,256,0.2421875,0.5399999618530273,178,68,0.9943820224719101,0.8676470588235294,0.9123711340206185,0.9516129032258065,0.10799999999999998,0.025000000000000022,0.016,0.015,0.723,14914,0.9933333333333333,0.8166666666666667,0.0,0.0,0.582,0.041,0.014,0.723
869,3,sun,221976,222232,256,0.15234375,0.5399999618530273,194,45,1.0,0.8222222222222222,0.8940092165898618,0.9487179487179487,0.128,0.02200000000000002,0.017,0.016,0.71,14917,1.0,0.8166666666666667,0.0,0.0,0.581,0.043,0.013,0.71
870,3,sun,222232,222488,256,0.16796875,0.5399999618530273,193,51,0.9948186528497409,0.8235294117647058,0.9014084507042254,0.9767441860465116,0.09999999999999998,0.02200000000000002,0.017,0.016,0.71,14919,0.9966666666666667,0.8166666666666667,0.0,0.0,0.582,0.04,0.018,0.71
871,3,sun,222488,222744,256,0.171875,0.5399999618530273,186,56,1.0,0.7678571428571429,0.8773584905660378,0.9772727272727273,0.09299999999999997,0.02200000000000002,0.017,0.015,0.714,14920,1.0,0.8066666666666666,0.0,0.0,0.57,0.039,0.015,0.714
872,3,sun,222744,223000,256,0.1640625,0.5399999618530273,195,50,1.0,0.82,0.9112149532710281,0.9761904761904762,0.125,0.03200000000000003,0.02,0.018,0.692,14922,1.0,0.82,0.0,0.0,0.576,0.042,0.015,0.692
873,3,sun,223000,223256,256,0.14453125,0.5399999618530273,191,44,1.0,0.8181818181818182,0.8721461187214612,0.972972972972973,0.125,0.027000000000000024,0.022,0.02,0.676,14925,1.0,0.82,0.0,0.0,0.563,0.044,0.012,0.676
874,3,sun,223256,223512,256,0.16796875,0.5399999618530273,192,48,1.0,0.8541666666666666,0.9014084507042254,0.9534883720930233,0.10499999999999998,0.027000000000000024,0.02,0.019,0.669,14927,1.0,0.82,0.0,0.0,0.556,0.037,0.013,0.669
875,3,sun,223512,223768,256,0.17578125,0.5399999618530273,183,50,1.0,0.86,0.8672985781990521,0.9555555555555556,0.10999999999999999,0.027000000000000024,0.018,0.017,0.657,14934,1.0,0.8233333333333334,0.0,0.0,0.538,0.034,0.011,0.657
876,3,sun,223768,224024,256,0.16015625,0.5399999618530273,198,51,1.0,0.7843137254901961,0.9209302325581395,0.975609756097561,0.11299999999999999,0.031000000000000028,0.016,0.015,0.681,14936,1.0,0.8166666666666667,0.0,0.0,0.559,0.039,0.012,0.681
877,3,sun,224024,224280,256,0.17578125,0.5399999618530273,193,51,0.9948186528497409,0.8627450980392157,0.909952606635071,0.9777777777777777,0.10599999999999998,0.029000000000000026,0.016,0.015,0.658,14942,0.9966666666666667,0.8333333333333334,0.0,0.0,0.544,0.038,0.011,0.658
878,3,sun,224280,224536,256,0.1796875,0.5399999618530273,185,58,0.9945945945945946,0.7758620689655172,0.8761904761904762,0.9782608695652174,0.128,0.030000000000000027,0.02,0.019,0.68,14943,0.9966666666666667,0.8233333333333334,0.0,0.0,0.549,0.043,0.011,0.68
879,3,sun,224536,224792,256,0.2109375,0.5399999618530273,175,64,0.9885714285714285,0.796875,0.8564356435643564,0.9444444444444444,0.119,0.025000000000000022,0.017,0.016,0.703,14947,0.99,0.8166666666666667,0.0,0.0,0.561,0.037,0.01,0.703
880,3,sun,224792,225048,256,0.12109375,0.5399999618530273,209,36,1.0,0.8611111111111112,0.9288888888888889,1.0,0.125,0.02400000000000002,0.016,0.015,0.694,14948,0.9966666666666667,0.8166666666666667,0.0,0.0,0.559,0.038,0.009,0.694
881,3,sun,225048,225304,256,0.15234375,0.5399999618530273,192,50,1.0,0.74,0.8847926267281107,0.9487179487179487,0.07599999999999996,0.029000000000000026,0.015,0.014,0.692,14950,1.0,0.8033333333333333,0.0,0.0,0.554,0.032,0.011,0.692
882,3,sun,225304,225560,256,0.2265625,0.5399999618530273,182,61,0.989010989010989,0.9016393442622951,0.9090909090909091,0.9482758620689655,0.11599999999999999,0.03200000000000003,0.015,0.014,0.69,14952,0.9933333333333333,0.82,0.0,0.0,0.546,0.037,0.012,0.69
883,3,sun,225560,225816,256,0.16015625,0.5399999618530273,196,50,0.9948979591836735,0.78,0.9069767441860465,0.9512195121951219,0.121,0.02200000000000002,0.015,0.014,0.703,14954,0.9933333333333333,0.8133333333333334,0.0,0.0,0.545,0.038,0.01,0.703
884,3,sun,225816,226072,256,0.17578125,0.5399999618530273,189,55,1.0,0.8181818181818182,0.8957345971563981,1.0,0.11099999999999999,0.03500000000000003,0.014,0.013,0.709,14955,1.0,0.82,0.0,0.0,0.536,0.037,0.011,0.709
885,3,sun,226072,226328,256,0.1328125,0.5399999618530273,202,39,1.0,0.8717948717948718,0.9099099099099099,1.0,0.10099999999999998,0.029000000000000026,0.012,0.011,0.7,14956,1.0,0.8266666666666667,0.0,0.0,0.536,0.039,0.012,0.7
886,3,sun,226328,226584,256,0.16796875,0.5399999618530273,189,50,1.0,0.84,0.8873239436619719,0.9767441860465116,0.08799999999999997,0.02400000000000002,0.01,0.009,0.703,14957,1.0,0.8333333333333334,0.0,0.0,0.549,0.032,0.013,0.703
887,3,sun,226584,226840,256,0.1640625,0.5399999618530273,193,53,1.0,0.7924528301886793,0.9018691588785047,1.0,0.10599999999999998,0.028000000000000025,0.013,0.012,0.711,14959,1.0,0.83,0.0,0.0,0.558,0.036,0.014,0.711
888,3,sun,226840,227096,256,0.18359375,0.5399999618530273,190,55,1.0,0.8545454545454545,0.9090909090909091,1.0,0.10399999999999998,0.029000000000000026,0.012,0.011,0.711,14963,1.0,0.8233333333333334,0.0,0.0,0.568,0.039,0.018,0.711
889,3,sun,227096,227352,256,0.125,0.5399999618530273,206,40,0.9951456310679612,0.775,0.9151785714285714,0.96875,0.11199999999999999,0.025000000000000022,0.013,0.012,0.696,14963,0.9966666666666667,0.8266666666666667,0.0,0.0,0.574,0.044,0.024,0.696
890,3,sun,227352,227608,256,0.18359375,0.5399999618530273,186,57,0.9946236559139785,0.7719298245614035,0.8851674641148325,0.9361702127659575,0.08899999999999997,0.029000000000000026,0.015,0.014,0.699,14966,0.9933333333333333,0.8166666666666667,0.0,0.0,0.567,0.046,0.025,0.699
891,3,sun,227608,227864,256,0.14453125,0.5399999618530273,192,45,0.9947916666666666,0.7777777777777778,0.8721461187214612,0.9459459459459459,0.10699999999999998,0.02300000000000002,0.016,0.015,0.701,14966,0.9933333333333333,0.8033333333333333,0.0,0.0,0.574,0.048,0.025,0.701
892,3,sun,227864,228120,256,0.171875,0.5399999618530273,192,56,1.0,0.7857142857142857,0.9056603773584906,1.0,0.08999999999999997,0.026000000000000023,0.017,0.016,0.702,14966,0.9966666666666667,0.7933333333333333,0.0,0.0,0.554,0.048,0.027,0.702
893,3,sun,228120,228376,256,0.1484375,0.5399999618530273,198,41,0.98989898989899,0.8780487804878049,0.8990825688073395,0.9473684210526315,0.11199999999999999,0.029000000000000026,0.019,0.017,0.68,14969,0.9933333333333333,0.8033333333333333,0.0,0.0,0.557,0.055,0.03,0.68
894,3,sun,228376,228632,256,0.140625,0.5399999618530273,194,45,1.0,0.7333333333333333,0.8818181818181818,0.9166666666666666,0.08699999999999997,0.03400000000000003,0.018,0.016,0.677,14971,0.9966666666666667,0.7933333333333333,0.0,0.0,0.554,0.053,0.024,0.677
895,3,sun,228632,228888,256,0.1796875,0.5399999618530273,193,54,1.0,0.8518518518518519,0.919047619047619,1.0,0.09299999999999997,0.027000000000000024,0.017,0.015,0.689,14971,1.0,0.7966666666666666,0.0,0.0,0.554,0.053,0.02,0.689
896,3,sun,228888,229144,256,0.19140625,0.5399999618530273,187,55,1.0,0.8727272727272727,0.9033816425120773,0.9795918367346939,0.11399999999999999,0.02200000000000002,0.016,0.014,0.694,14973,1.0,0.8166666666666667,0.0,0.0,0.564,0.05,0.02,0.694
897,3,sun,229144,229400,256,0.19140625,0.5399999618530273,180,58,0.9944444444444445,0.8275862068965517,0.8647342995169082,0.9795918367346939,0.11099999999999999,0.02200000000000002,0.017,0.015,0.693,14977,0.9966666666666667,0.82,0.0,0.0,0.556,0.045,0.023,0.693
898,3,sun,229400,229656,256,0.16796875,0.5399999618530273,191,53,1.0,0.7924528301886793,0.8967136150234741,0.9767441860465116,0.11199999999999999,0.018000000000000016,0.02,0.018,0.687,14978,0.9966666666666667,0.8233333333333334,0.0,0.0,0.565,0.048,0.021,0.687
899,3,sun,229656,229912,256,0.140625,0.5399999618530273,186,52,0.9946236559139785,0.6730769230769231,0.8409090909090909,0.9722222222222222,0.121,0.026000000000000023,0.021,0.019,0.68,14978,0.9966666666666667,0.7933333333333333,0.0,0.0,0.547,0.048,0.028,0.68
900,3,sun,229912,230168,256,0.12109375,0.5399999618530273,201,40,1.0,0.775,0.8933333333333333,1.0,0.11599999999999999,0.03600000000000003,0.02,0.019,0.685,14980,1.0,0.8,0.0,0.0,0.554,0.045,0.031,0.685
901,3,sun,230168,230424,256,0.15234375,0.5399999618530273,192,50,1.0,0.78,0.8847926267281107,1.0,0.10499999999999998,0.027000000000000024,0.017,0.016,0.683,14981,1.0,0.7833333333333333,0.0,0.0,0.552,0.042,0.033,0.683
902,3,sun,230424,230680,256,0.15625,0.5399999618530273,194,47,1.0,0.8297872340425532,0.8981481481481481,0.975,0.11099999999999999,0.031000000000000028,0.016,0.016,0.669,14981,1.0,0.78,0.0,0.0,0.542,0.033,0.033,0.669
903,3,sun,230680,230936,256,0.1640625,0.5399999618530273,189,57,0.9947089947089947,0.7192982456140351,0.8785046728971962,0.9761904761904762,0.128,0.03300000000000003,0.016,0.016,0.675,14983,0.9966666666666667,0.76,0.0,0.0,0.555,0.037,0.029,0.675
904,3,sun,230936,231192,256,0.171875,0.5399999618530273,198,52,1.0,0.8461538461538461,0.9339622641509434,1.0,0.11499999999999999,0.02400000000000002,0.017,0.016,0.675,14985,0.9966666666666667,0.7666666666666667,0.0,0.0,0.544,0.036,0.028,0.675
905,3,sun,231192,231448,256,0.17578125,0.5399999618530273,187,58,1.0,0.7586206896551724,0.8862559241706162,0.9777777777777777,0.119,0.029000000000000026,0.015,0.014,0.697,14986,1.0,0.7833333333333333,0.0,0.0,0.55,0.038,0.022,0.697
906,3,sun,231448,231704,256,0.21484375,0.5399999618530273,176,66,0.9886363636363636,0.7878787878787878,0.8656716417910447,0.9454545454545454,0.129,0.025000000000000022,0.016,0.015,0.708,14987,0.9933333333333333,0.7833333333333333,0.0,0.0,0.557,0.043,0.021,0.708
907,3,sun,231704,231960,256,0.16015625,0.5399999618530273,189,52,0.9894179894179894,0.7307692307692307,0.8697674418604651,0.926829268292683,0.14100000000000001,0.029000000000000026,0.016,0.015,0.703,14988,0.9933333333333333,0.77,0.0,0.0,0.561,0.05,0.016,0.703
908,3,sun,231960,232216,256,0.20703125,0.5399999618530273,185,61,0.9945945945945946,0.8360655737704918,0.9064039408866995,0.9622641509433962,0.124,0.026000000000000023,0.017,0.016,0.714,14990,0.9933333333333333,0.7866666666666666,0.0,0.0,0.562,0.049,0.017,0.714
909,3,sun,232216,232472,256,0.15234375,0.5399999618530273,195,47,1.0,0.8085106382978723,0.8986175115207373,0.9743589743589743,0.12,0.03400000000000003,0.021,0.02,0.709,14991,1.0,0.7933333333333333,0.0,0.0,0.565,0.056,0.018,0.709
910,3,sun,232472,232728,256,0.1796875,0.5399999618530273,182,58,0.9945054945054945,0.7586206896551724,0.861904761904762,0.9565217391304348,0.07199999999999995,0.027000000000000024,0.024,0.022,0.694,14992,0.9966666666666667,0.7866666666666666,0.0,0.0,0.563,0.058,0.016,0.694
911,3,sun,232728,232984,256,0.17578125,0.5399999618530273,193,53,1.0,0.8490566037735849,0.9146919431279621,1.0,0.125,0.03200000000000003,0.02,0.019,0.682,14994,0.9966666666666667,0.7833333333333333,0.0,0.0,0.564,0.054,0.018,0.682
912,3,sun,232984,233240,256,0.13671875,0.5399999618530273,187,55,1.0,0.6,0.8461538461538461,0.9428571428571428,0.12,0.03500000000000003,0.021,0.02,0.665,14995,1.0,0.7733333333333333,0.0,0.0,0.53,0.049,0.021,0.665
913,3,sun,233240,233496,256,0.109375,0.5399999618530273,209,36,1.0,0.75,0.9166666666666666,0.9642857142857143,0.11199999999999999,0.027000000000000024,0.021,0.02,0.671,14997,1.0,0.7666666666666667,0.0,0.0,0.538,0.049,0.019,0.671
914,3,sun,233496,233752,256,0.10546875,0.5399999618530273,202,39,0.9900990099009901,0.6410256410256411,0.8733624454148472,0.9259259259259259,0.08999999999999997,0.03300000000000003,0.021,0.02,0.666,14998,0.9933333333333333,0.7333333333333333,0.0,0.0,0.539,0.056,0.017,0.666
915,3,sun,233752,234008,256,0.2109375,0.5399999618530273,181,63,1.0,0.8095238095238095,0.8960396039603961,0.9444444444444444,0.08499999999999996,0.030000000000000027,0.023,0.021,0.674,14999,0.9933333333333333,0.7466666666666667,0.0,0.0,0.548,0.056,0.019,0.674
916,3,sun,234008,234264,256,0.14453125,0.5399999618530273,196,47,1.0,0.7872340425531915,0.8949771689497716,1.0,0.135,0.03300000000000003,0.019,0.018,0.675,15002,1.0,0.75,0.0,0.0,0.58,0.051,0.016,0.675
917,3,sun,234264,234520,256,0.16015625,0.5399999618530273,193,50,1.0,0.82,0.8976744186046511,1.0,0.09499999999999997,0.029000000000000026,0.019,0.018,0.678,15004,1.0,0.7466666666666667,0.0,0.0,0.573,0.048,0.016,0.678
918,3,sun,234520,234776,256,0.2109375,0.5399999618530273,177,69,1.0,0.7681159420289855,0.8762376237623762,0.9814814814814815,0.13,0.03300000000000003,0.018,0.016,0.685,15004,1.0,0.77,0.0,0.0,0.574,0.047,0.017,0.685
919,3,sun,234776,235032,256,0.1796875,0.5399999618530273,192,50,1.0,0.9,0.9142857142857143,0.9782608695652174,0.15400000000000003,0.038000000000000034,0.017,0.015,0.693,15004,1.0,0.8033333333333333,0.0,0.0,0.564,0.048,0.022,0.693
920,3,sun,235032,235288,256,0.234375,0.5399999618530273,175,71,0.9942857142857143,0.8169014084507042,0.8877551020408163,0.9666666666666667,0.11199999999999999,0.029000000000000026,0.014,0.012,0.693,15005,0.9966666666666667,0.8133333333333334,0.0,0.0,0.558,0.046,0.014,0.693
921,3,sun,235288,235544,256,0.10546875,0.5399999618530273,208,40,0.9951923076923077,0.65,0.9039301310043668,0.9629629629629629,0.133,0.03200000000000003,0.015,0.013,0.687,15008,0.9933333333333333,0.7966666666666666,0.0,0.0,0.52,0.048,0.019,0.687
922,3,sun,235544,235640,96,0.11458333333333333,0.5399999618530273,76,17,1.0,0.6470588235294118,0.8941176470588236,1.0,0.09999999999999998,0.041000000000000036,0.016,0.014,0.689,15010,0.9966666666666667,0.7866666666666666,0.0,0.0,0.522,0.052,0.017,0.689
