batch,segment,segment_name,start,end,n,frac_ood,thr,n_admit_id,n_admit_ood,prec_admit_id,prec_admit_ood,recall_admit_id,recall_admit_ood,churn,churn_sel0_vs_sel,surv_first,surv_init,oracle_overlap,unique,pos_purity,neg_purity,pos_init_frac,neg_init_frac,overlap_oracle_seg0,overlap_oracle_seg1,overlap_oracle_seg2,overlap_oracle_seg3
0,0,inaturalist,0,256,256,0.20703125,0.6200000047683716,148,81,0.9932432432432432,0.5925925925925926,0.7241379310344828,0.9056603773584906,0.008000000000000007,0.008000000000000007,1.0,0.992,0.009,1008,0.9932432432432432,0.5925925925925926,0.5066666666666667,0.15625,0.009,0.015,0.015,0.186
1,0,inaturalist,256,512,256,0.18359375,0.5899999737739563,192,52,0.9947916666666666,0.8846153846153846,0.9138755980861244,0.9787234042553191,0.887,0.04200000000000004,0.113,0.106,0.587,1895,0.9933333333333333,0.706766917293233,0.0,0.10135135135135136,0.587,0.029,0.023,0.059
2,0,inaturalist,512,768,256,0.16015625,0.5799999833106995,202,43,0.995049504950495,0.9302325581395349,0.9348837209302325,0.975609756097561,0.22599999999999998,0.038000000000000034,0.047,0.041,0.69,2120,0.9966666666666667,0.7613636363636364,0.0,0.07853403141361257,0.69,0.031,0.027,0.046
3,0,inaturalist,768,1024,256,0.16015625,0.5799999833106995,202,47,1.0,0.8723404255319149,0.9395348837209302,1.0,0.133,0.029000000000000026,0.028,0.022,0.731,2236,1.0,0.7847533632286996,0.0,0.06302521008403361,0.731,0.026,0.02,0.041
4,0,inaturalist,1024,1280,256,0.18359375,0.5600000023841858,201,49,0.9950248756218906,0.9387755102040817,0.9569377990430622,0.9787234042553191,0.09599999999999997,0.030000000000000027,0.019,0.013,0.759,2315,0.9966666666666667,0.8125,0.0,0.05226480836236934,0.759,0.023,0.016,0.038
5,0,inaturalist,1280,1536,256,0.203125,0.550000011920929,193,54,0.9896373056994818,0.9259259259259259,0.9362745098039216,0.9615384615384616,0.07199999999999995,0.015000000000000013,0.015,0.009,0.773,2359,0.99,0.8466666666666667,0.0,0.0,0.773,0.024,0.018,0.033
6,0,inaturalist,1536,1792,256,0.13671875,0.550000011920929,213,40,0.9953051643192489,0.825,0.9592760180995475,0.9428571428571428,0.06699999999999995,0.020000000000000018,0.009,0.003,0.802,2404,0.9933333333333333,0.8733333333333333,0.0,0.0,0.802,0.022,0.017,0.027
7,0,inaturalist,1792,2048,256,0.16015625,0.5399999618530273,209,42,1.0,0.9523809523809523,0.9720930232558139,0.975609756097561,0.06399999999999995,0.02100000000000002,0.008,0.003,0.813,2449,0.9966666666666667,0.9066666666666666,0.0,0.0,0.813,0.019,0.014,0.027
8,0,inaturalist,2048,2304,256,0.1484375,0.5399999618530273,209,44,1.0,0.8636363636363636,0.9587155963302753,1.0,0.05400000000000005,0.02100000000000002,0.007,0.003,0.809,2478,1.0,0.9,0.0,0.0,0.809,0.02,0.013,0.027
9,0,inaturalist,2304,2560,256,0.16796875,0.5399999618530273,201,50,1.0,0.84,0.9436619718309859,0.9767441860465116,0.07799999999999996,0.017000000000000015,0.008,0.004,0.787,2526,1.0,0.8966666666666666,0.0,0.0,0.787,0.023,0.013,0.02
10,0,inaturalist,2560,2816,256,0.16796875,0.5299999713897705,206,46,1.0,0.9347826086956522,0.9671361502347418,1.0,0.07599999999999996,0.019000000000000017,0.009,0.004,0.789,2570,1.0,0.8933333333333333,0.0,0.0,0.789,0.021,0.015,0.024
11,0,inaturalist,2816,3072,256,0.1640625,0.5299999713897705,206,46,1.0,0.8913043478260869,0.9626168224299065,0.9761904761904762,0.08399999999999996,0.020000000000000018,0.009,0.004,0.801,2611,1.0,0.8933333333333333,0.0,0.0,0.801,0.022,0.015,0.026
12,0,inaturalist,3072,3328,256,0.1484375,0.5299999713897705,204,43,1.0,0.8837209302325582,0.9357798165137615,1.0,0.07699999999999996,0.02300000000000002,0.007,0.002,0.799,2653,1.0,0.8833333333333333,0.0,0.0,0.799,0.022,0.013,0.025
13,0,inaturalist,3328,3584,256,0.140625,0.5299999713897705,209,42,1.0,0.8571428571428571,0.95,1.0,0.07699999999999996,0.031000000000000028,0.007,0.002,0.802,2687,1.0,0.8866666666666667,0.0,0.0,0.802,0.022,0.016,0.024
14,0,inaturalist,3584,3840,256,0.11328125,0.5299999713897705,219,35,1.0,0.8285714285714286,0.9647577092511013,1.0,0.06599999999999995,0.028000000000000025,0.008,0.003,0.798,2713,1.0,0.87,0.0,0.0,0.798,0.022,0.017,0.026
15,0,inaturalist,3840,4096,256,0.16796875,0.5299999713897705,208,47,0.9951923076923077,0.8936170212765957,0.971830985915493,0.9767441860465116,0.06699999999999995,0.02300000000000002,0.009,0.004,0.793,2737,0.9966666666666667,0.8733333333333333,0.0,0.0,0.793,0.022,0.02,0.025
16,0,inaturalist,4096,4352,256,0.1640625,0.5299999713897705,205,46,1.0,0.8913043478260869,0.9579439252336449,0.9761904761904762,0.07999999999999996,0.027000000000000024,0.009,0.004,0.792,2768,0.9966666666666667,0.8833333333333333,0.0,0.0,0.792,0.02,0.018,0.028
17,0,inaturalist,4352,4608,256,0.1640625,0.5299999713897705,203,47,1.0,0.8936170212765957,0.9485981308411215,1.0,0.06499999999999995,0.02100000000000002,0.009,0.004,0.795,2792,1.0,0.88,0.0,0.0,0.795,0.016,0.016,0.029
18,0,inaturalist,4608,4864,256,0.1640625,0.5299999713897705,205,49,1.0,0.8571428571428571,0.9579439252336449,1.0,0.07499999999999996,0.02300000000000002,0.008,0.004,0.796,2810,1.0,0.87,0.0,0.0,0.796,0.015,0.015,0.028
19,0,inaturalist,4864,5120,256,0.171875,0.5299999713897705,202,49,1.0,0.8979591836734694,0.9528301886792453,1.0,0.08399999999999996,0.018000000000000016,0.007,0.004,0.787,2834,1.0,0.88,0.0,0.0,0.787,0.02,0.015,0.025
20,0,inaturalist,5120,5376,256,0.1484375,0.5299999713897705,213,40,1.0,0.95,0.9770642201834863,1.0,0.08499999999999996,0.025000000000000022,0.009,0.005,0.781,2856,1.0,0.8966666666666666,0.0,0.0,0.781,0.022,0.015,0.025
21,0,inaturalist,5376,5632,256,0.2578125,0.5299999713897705,181,72,0.994475138121547,0.9027777777777778,0.9473684210526315,0.9848484848484849,0.07699999999999996,0.027000000000000024,0.008,0.004,0.807,2865,0.9966666666666667,0.9,0.0,0.0,0.807,0.02,0.014,0.026
22,0,inaturalist,5632,5888,256,0.17578125,0.5199999809265137,202,52,1.0,0.8653846153846154,0.957345971563981,1.0,0.10799999999999998,0.02100000000000002,0.008,0.004,0.812,2886,0.9966666666666667,0.89,0.0,0.0,0.812,0.023,0.015,0.026
23,0,inaturalist,5888,6144,256,0.19921875,0.5199999809265137,196,55,1.0,0.9272727272727272,0.9560975609756097,1.0,0.08899999999999997,0.020000000000000018,0.009,0.004,0.79,2923,1.0,0.9033333333333333,0.0,0.0,0.79,0.023,0.011,0.025
24,0,inaturalist,6144,6400,256,0.1484375,0.5199999809265137,210,42,0.9952380952380953,0.8809523809523809,0.9587155963302753,0.9736842105263158,0.09199999999999997,0.025000000000000022,0.009,0.004,0.795,2944,0.9966666666666667,0.9,0.0,0.0,0.795,0.024,0.012,0.027
25,0,inaturalist,6400,6656,256,0.16015625,0.5199999809265137,206,46,1.0,0.8913043478260869,0.958139534883721,1.0,0.07799999999999996,0.02100000000000002,0.007,0.002,0.797,2960,1.0,0.9,0.0,0.0,0.797,0.02,0.01,0.025
26,0,inaturalist,6656,6912,256,0.17578125,0.5199999809265137,200,51,1.0,0.8823529411764706,0.9478672985781991,1.0,0.07699999999999996,0.017000000000000015,0.009,0.004,0.799,2982,1.0,0.89,0.0,0.0,0.799,0.019,0.009,0.028
27,0,inaturalist,6912,7168,256,0.16015625,0.5199999809265137,206,47,1.0,0.8723404255319149,0.958139534883721,1.0,0.07099999999999995,0.027000000000000024,0.008,0.004,0.801,3003,1.0,0.8866666666666667,0.0,0.0,0.801,0.019,0.009,0.03
28,0,inaturalist,7168,7424,256,0.18359375,0.5199999809265137,204,50,1.0,0.94,0.9760765550239234,1.0,0.06999999999999995,0.026000000000000023,0.009,0.004,0.795,3015,1.0,0.8933333333333333,0.0,0.0,0.795,0.02,0.01,0.032
29,0,inaturalist,7424,7680,256,0.18359375,0.5199999809265137,202,49,1.0,0.9591836734693877,0.9665071770334929,1.0,0.09099999999999997,0.027000000000000024,0.009,0.004,0.799,3032,1.0,0.91,0.0,0.0,0.799,0.017,0.011,0.034
30,0,inaturalist,7680,7936,256,0.140625,0.5199999809265137,214,39,1.0,0.9230769230769231,0.9727272727272728,1.0,0.07899999999999996,0.02300000000000002,0.009,0.004,0.804,3043,1.0,0.9133333333333333,0.0,0.0,0.804,0.016,0.01,0.031
31,0,inaturalist,7936,8192,256,0.1796875,0.5199999809265137,203,47,1.0,0.9787234042553191,0.9666666666666667,1.0,0.06399999999999995,0.020000000000000018,0.009,0.004,0.8,3054,1.0,0.9233333333333333,0.0,0.0,0.8,0.02,0.014,0.033
32,0,inaturalist,8192,8448,256,0.21875,0.5199999809265137,190,60,1.0,0.9333333333333333,0.95,1.0,0.08799999999999997,0.02100000000000002,0.009,0.004,0.814,3064,1.0,0.9333333333333333,0.0,0.0,0.814,0.022,0.016,0.033
33,0,inaturalist,8448,8704,256,0.15234375,0.5199999809265137,210,39,1.0,0.9743589743589743,0.967741935483871,0.9743589743589743,0.07999999999999996,0.025000000000000022,0.009,0.004,0.817,3082,1.0,0.9433333333333334,0.0,0.0,0.817,0.021,0.013,0.031
34,0,inaturalist,8704,8960,256,0.13671875,0.5199999809265137,213,36,0.9953051643192489,0.9444444444444444,0.9592760180995475,0.9714285714285714,0.06699999999999995,0.030000000000000027,0.009,0.004,0.805,3091,0.9966666666666667,0.9466666666666667,0.0,0.0,0.805,0.018,0.01,0.031
35,0,inaturalist,8960,9216,256,0.12109375,0.5199999809265137,214,34,1.0,0.8823529411764706,0.9511111111111111,0.967741935483871,0.05700000000000005,0.020000000000000018,0.009,0.004,0.803,3097,1.0,0.9433333333333334,0.0,0.0,0.803,0.018,0.01,0.03
36,0,inaturalist,9216,9472,256,0.140625,0.5199999809265137,210,42,1.0,0.8333333333333334,0.9545454545454546,0.9722222222222222,0.05600000000000005,0.025000000000000022,0.008,0.004,0.806,3107,1.0,0.9266666666666666,0.0,0.0,0.806,0.018,0.011,0.03
37,0,inaturalist,9472,9728,256,0.16015625,0.5199999809265137,205,46,1.0,0.8913043478260869,0.9534883720930233,1.0,0.07199999999999995,0.029000000000000026,0.008,0.004,0.799,3119,1.0,0.92,0.0,0.0,0.799,0.016,0.011,0.03
38,0,inaturalist,9728,9984,256,0.19921875,0.5199999809265137,200,52,1.0,0.9615384615384616,0.975609756097561,0.9803921568627451,0.07799999999999996,0.02300000000000002,0.007,0.003,0.779,3141,1.0,0.9233333333333333,0.0,0.0,0.779,0.012,0.008,0.029
39,0,inaturalist,9984,10240,256,0.17578125,0.5199999809265137,203,48,1.0,0.9166666666666666,0.9620853080568721,0.9777777777777777,0.08199999999999996,0.027000000000000024,0.008,0.004,0.785,3150,1.0,0.9166666666666666,0.0,0.0,0.785,0.015,0.011,0.023
40,0,inaturalist,10240,10496,256,0.20703125,0.5199999809265137,190,60,1.0,0.8833333333333333,0.9359605911330049,1.0,0.07299999999999995,0.02100000000000002,0.008,0.004,0.792,3158,1.0,0.9,0.0,0.0,0.792,0.015,0.01,0.025
41,0,inaturalist,10496,10752,256,0.15625,0.5199999809265137,209,43,1.0,0.9069767441860465,0.9675925925925926,0.975,0.09199999999999997,0.02200000000000002,0.008,0.004,0.792,3171,1.0,0.8966666666666666,0.0,0.0,0.792,0.016,0.011,0.022
42,0,inaturalist,10752,11008,256,0.1640625,0.5199999809265137,202,45,0.995049504950495,0.8888888888888888,0.9392523364485982,0.9523809523809523,0.07199999999999995,0.02400000000000002,0.008,0.004,0.795,3176,0.9966666666666667,0.9,0.0,0.0,0.795,0.018,0.012,0.021
43,0,inaturalist,11008,11264,256,0.11328125,0.5199999809265137,218,32,1.0,0.90625,0.960352422907489,1.0,0.08399999999999996,0.03600000000000003,0.008,0.004,0.795,3188,1.0,0.9133333333333333,0.0,0.0,0.795,0.017,0.012,0.021
44,0,inaturalist,11264,11520,256,0.1875,0.5199999809265137,206,49,1.0,0.9795918367346939,0.9903846153846154,1.0,0.06599999999999995,0.019000000000000017,0.007,0.003,0.791,3199,1.0,0.9166666666666666,0.0,0.0,0.791,0.019,0.012,0.021
45,0,inaturalist,11520,11776,256,0.18359375,0.5199999809265137,202,50,0.995049504950495,0.92,0.9617224880382775,0.9787234042553191,0.08699999999999997,0.017000000000000015,0.008,0.003,0.797,3206,0.9966666666666667,0.9133333333333333,0.0,0.0,0.797,0.02,0.014,0.028
46,0,inaturalist,11776,12032,256,0.15234375,0.5199999809265137,214,40,1.0,0.975,0.9861751152073732,1.0,0.07099999999999995,0.02300000000000002,0.008,0.003,0.793,3213,0.9966666666666667,0.9233333333333333,0.0,0.0,0.793,0.019,0.014,0.026
47,0,inaturalist,12032,12288,256,0.13671875,0.5199999809265137,215,37,1.0,0.9459459459459459,0.9728506787330317,1.0,0.07599999999999996,0.02300000000000002,0.008,0.003,0.802,3219,1.0,0.9333333333333333,0.0,0.0,0.802,0.018,0.014,0.026
48,0,inaturalist,12288,12544,256,0.1328125,0.5199999809265137,214,39,1.0,0.8717948717948718,0.963963963963964,1.0,0.06999999999999995,0.02200000000000002,0.009,0.004,0.81,3222,1.0,0.93,0.0,0.0,0.81,0.02,0.016,0.025
49,0,inaturalist,12544,12800,256,0.1796875,0.5199999809265137,199,54,1.0,0.8518518518518519,0.9476190476190476,1.0,0.06599999999999995,0.018000000000000016,0.008,0.003,0.815,3232,1.0,0.92,0.0,0.0,0.815,0.02,0.016,0.025
50,0,inaturalist,12800,13056,256,0.1640625,0.5199999809265137,211,42,0.995260663507109,0.9761904761904762,0.9813084112149533,0.9761904761904762,0.07499999999999996,0.02400000000000002,0.008,0.003,0.808,3248,0.9966666666666667,0.9266666666666666,0.0,0.0,0.808,0.022,0.016,0.025
51,0,inaturalist,13056,13312,256,0.171875,0.5199999809265137,207,48,1.0,0.9166666666666666,0.9764150943396226,1.0,0.08899999999999997,0.020000000000000018,0.008,0.003,0.813,3254,1.0,0.9166666666666666,0.0,0.0,0.813,0.021,0.014,0.023
52,0,inaturalist,13312,13568,256,0.16796875,0.5199999809265137,203,46,1.0,0.9347826086956522,0.9530516431924883,1.0,0.08199999999999996,0.026000000000000023,0.008,0.003,0.805,3261,1.0,0.92,0.0,0.0,0.805,0.019,0.014,0.025
53,0,inaturalist,13568,13824,256,0.140625,0.5199999809265137,214,39,1.0,0.9230769230769231,0.9727272727272728,1.0,0.07499999999999996,0.02100000000000002,0.008,0.003,0.799,3270,1.0,0.9166666666666666,0.0,0.0,0.799,0.019,0.013,0.024
54,0,inaturalist,13824,14080,256,0.171875,0.5199999809265137,206,49,1.0,0.8979591836734694,0.9716981132075472,1.0,0.06299999999999994,0.02200000000000002,0.009,0.004,0.798,3277,1.0,0.9133333333333333,0.0,0.0,0.798,0.021,0.016,0.025
55,0,inaturalist,14080,14336,256,0.17578125,0.5199999809265137,202,49,1.0,0.9183673469387755,0.957345971563981,1.0,0.06699999999999995,0.026000000000000023,0.008,0.004,0.798,3285,1.0,0.92,0.0,0.0,0.798,0.023,0.019,0.025
56,0,inaturalist,14336,14592,256,0.16796875,0.5199999809265137,208,44,0.9951923076923077,0.9545454545454546,0.971830985915493,0.9767441860465116,0.07199999999999995,0.017000000000000015,0.008,0.004,0.8,3290,0.9966666666666667,0.93,0.0,0.0,0.8,0.02,0.014,0.026
57,0,inaturalist,14592,14848,256,0.14453125,0.5199999809265137,216,40,1.0,0.925,0.9863013698630136,1.0,0.07899999999999996,0.028000000000000025,0.009,0.004,0.806,3301,1.0,0.92,0.0,0.0,0.806,0.015,0.011,0.025
58,0,inaturalist,14848,15104,256,0.1484375,0.5199999809265137,206,43,0.9951456310679612,0.8604651162790697,0.9403669724770642,0.9736842105263158,0.06899999999999995,0.02200000000000002,0.009,0.004,0.805,3311,0.9966666666666667,0.9166666666666666,0.0,0.0,0.805,0.019,0.013,0.025
59,0,inaturalist,15104,15360,256,0.18359375,0.5199999809265137,201,46,1.0,0.9782608695652174,0.9617224880382775,0.9574468085106383,0.07199999999999995,0.02100000000000002,0.008,0.004,0.799,3319,0.9966666666666667,0.92,0.0,0.0,0.799,0.02,0.015,0.025
60,0,inaturalist,15360,15616,256,0.1640625,0.5199999809265137,210,44,1.0,0.9545454545454546,0.9813084112149533,1.0,0.07499999999999996,0.02400000000000002,0.009,0.004,0.818,3327,1.0,0.9333333333333333,0.0,0.0,0.818,0.021,0.014,0.026
61,0,inaturalist,15616,15872,256,0.15625,0.5199999809265137,210,42,1.0,0.9523809523809523,0.9722222222222222,1.0,0.07999999999999996,0.019000000000000017,0.009,0.004,0.822,3333,1.0,0.9333333333333333,0.0,0.0,0.822,0.018,0.012,0.028
62,0,inaturalist,15872,16128,256,0.17578125,0.5199999809265137,205,49,1.0,0.9183673469387755,0.9715639810426541,1.0,0.07799999999999996,0.019000000000000017,0.007,0.002,0.815,3342,1.0,0.9333333333333333,0.0,0.0,0.815,0.018,0.01,0.023
63,0,inaturalist,16128,16384,256,0.15625,0.5199999809265137,210,42,0.9952380952380953,0.9285714285714286,0.9675925925925926,0.975,0.06799999999999995,0.019000000000000017,0.008,0.003,0.806,3353,0.9966666666666667,0.93,0.0,0.0,0.806,0.022,0.011,0.022
64,0,inaturalist,16384,16640,256,0.15625,0.5199999809265137,201,49,1.0,0.8163265306122449,0.9305555555555556,1.0,0.06599999999999995,0.019000000000000017,0.008,0.003,0.807,3365,0.9966666666666667,0.92,0.0,0.0,0.807,0.02,0.012,0.024
65,0,inaturalist,16640,16896,256,0.1796875,0.5199999809265137,207,45,1.0,1.0,0.9857142857142858,0.9782608695652174,0.08799999999999997,0.030000000000000027,0.009,0.004,0.811,3375,1.0,0.93,0.0,0.0,0.811,0.021,0.021,0.033
66,0,inaturalist,16896,17152,256,0.14453125,0.5199999809265137,206,45,1.0,0.8222222222222222,0.9406392694063926,1.0,0.06399999999999995,0.02100000000000002,0.009,0.004,0.807,3381,1.0,0.9066666666666666,0.0,0.0,0.807,0.022,0.021,0.037
67,0,inaturalist,17152,17408,256,0.1796875,0.5199999809265137,201,51,1.0,0.9019607843137255,0.9571428571428572,1.0,0.07199999999999995,0.02100000000000002,0.009,0.004,0.809,3389,1.0,0.8966666666666666,0.0,0.0,0.809,0.022,0.022,0.035
68,0,inaturalist,17408,17664,256,0.15234375,0.5199999809265137,209,44,1.0,0.8863636363636364,0.9631336405529954,1.0,0.09499999999999997,0.02300000000000002,0.009,0.004,0.795,3402,1.0,0.89,0.0,0.0,0.795,0.02,0.021,0.035
69,0,inaturalist,17664,17920,256,0.1640625,0.5199999809265137,209,45,1.0,0.9111111111111111,0.9766355140186916,0.9761904761904762,0.06299999999999994,0.030000000000000027,0.009,0.004,0.79,3408,1.0,0.8933333333333333,0.0,0.0,0.79,0.02,0.019,0.034
70,0,inaturalist,17920,18176,256,0.15625,0.5199999809265137,208,42,1.0,0.9285714285714286,0.9629629629629629,0.975,0.07599999999999996,0.020000000000000018,0.009,0.004,0.782,3418,1.0,0.9,0.0,0.0,0.782,0.022,0.02,0.034
71,0,inaturalist,18176,18432,256,0.15625,0.5199999809265137,202,48,1.0,0.8333333333333334,0.9351851851851852,1.0,0.08399999999999996,0.02400000000000002,0.009,0.004,0.795,3423,1.0,0.89,0.0,0.0,0.795,0.022,0.019,0.029
72,0,inaturalist,18432,18688,256,0.12109375,0.5199999809265137,221,35,0.995475113122172,0.8571428571428571,0.9777777777777777,0.967741935483871,0.10299999999999998,0.03300000000000003,0.007,0.003,0.801,3432,0.9966666666666667,0.8766666666666667,0.0,0.0,0.801,0.014,0.01,0.022
73,0,inaturalist,18688,18944,256,0.15234375,0.5199999809265137,213,39,1.0,0.9743589743589743,0.9815668202764977,0.9743589743589743,0.05600000000000005,0.026000000000000023,0.007,0.003,0.797,3437,0.9966666666666667,0.8966666666666666,0.0,0.0,0.797,0.013,0.008,0.023
74,0,inaturalist,18944,19200,256,0.203125,0.5199999809265137,195,57,1.0,0.9122807017543859,0.9558823529411765,1.0,0.05600000000000005,0.020000000000000018,0.007,0.003,0.795,3440,1.0,0.8966666666666666,0.0,0.0,0.795,0.013,0.009,0.023
75,0,inaturalist,19200,19456,256,0.140625,0.5199999809265137,210,40,1.0,0.875,0.9545454545454546,0.9722222222222222,0.07599999999999996,0.02200000000000002,0.008,0.004,0.788,3448,1.0,0.9,0.0,0.0,0.788,0.013,0.011,0.023
76,0,inaturalist,19456,19712,256,0.1640625,0.5199999809265137,205,46,1.0,0.9130434782608695,0.9579439252336449,1.0,0.07799999999999996,0.026000000000000023,0.007,0.003,0.78,3454,1.0,0.8966666666666666,0.0,0.0,0.78,0.011,0.01,0.019
77,0,inaturalist,19712,19968,256,0.15234375,0.5099999904632568,205,46,1.0,0.8478260869565217,0.9447004608294931,1.0,0.07099999999999995,0.017000000000000015,0.008,0.003,0.783,3460,1.0,0.8933333333333333,0.0,0.0,0.783,0.013,0.01,0.016
78,0,inaturalist,19968,20224,256,0.17578125,0.5099999904632568,199,50,0.9949748743718593,0.88,0.9383886255924171,0.9777777777777777,0.07099999999999995,0.019000000000000017,0.008,0.003,0.773,3469,0.9966666666666667,0.8933333333333333,0.0,0.0,0.773,0.011,0.007,0.015
79,0,inaturalist,20224,20480,256,0.140625,0.5099999904632568,209,40,1.0,0.9,0.95,1.0,0.07699999999999996,0.02400000000000002,0.009,0.004,0.773,3477,0.9966666666666667,0.8933333333333333,0.0,0.0,0.773,0.013,0.01,0.019
80,0,inaturalist,20480,20736,256,0.19921875,0.5099999904632568,200,53,1.0,0.9622641509433962,0.975609756097561,1.0,0.07999999999999996,0.02100000000000002,0.009,0.004,0.769,3485,1.0,0.8966666666666666,0.0,0.0,0.769,0.015,0.01,0.02
81,0,inaturalist,20736,20992,256,0.17578125,0.5099999904632568,206,46,1.0,0.9782608695652174,0.976303317535545,1.0,0.08199999999999996,0.030000000000000027,0.008,0.003,0.784,3491,1.0,0.9166666666666666,0.0,0.0,0.784,0.019,0.012,0.02
82,0,inaturalist,20992,21248,256,0.18359375,0.5099999904632568,200,48,0.995,0.9583333333333334,0.9521531100478469,0.9787234042553191,0.07499999999999996,0.02100000000000002,0.009,0.004,0.809,3493,0.9966666666666667,0.9233333333333333,0.0,0.0,0.809,0.02,0.012,0.027
83,0,inaturalist,21248,21504,256,0.1953125,0.5099999904632568,202,51,0.995049504950495,0.9607843137254902,0.9757281553398058,0.98,0.07799999999999996,0.019000000000000017,0.009,0.004,0.818,3496,0.9933333333333333,0.9433333333333334,0.0,0.0,0.818,0.021,0.012,0.03
84,0,inaturalist,21504,21760,256,0.140625,0.5099999904632568,214,38,1.0,0.9473684210526315,0.9727272727272728,1.0,0.07799999999999996,0.019000000000000017,0.009,0.004,0.816,3503,0.9966666666666667,0.9533333333333334,0.0,0.0,0.816,0.023,0.011,0.029
85,0,inaturalist,21760,22016,256,0.1796875,0.5099999904632568,205,50,0.9951219512195122,0.9,0.9714285714285714,0.9782608695652174,0.07099999999999995,0.02200000000000002,0.008,0.003,0.82,3505,0.9966666666666667,0.95,0.0,0.0,0.82,0.018,0.01,0.029
86,0,inaturalist,22016,22272,256,0.17578125,0.5099999904632568,200,50,1.0,0.88,0.9478672985781991,0.9777777777777777,0.07099999999999995,0.029000000000000026,0.008,0.003,0.827,3512,0.9966666666666667,0.9366666666666666,0.0,0.0,0.827,0.019,0.011,0.031
87,0,inaturalist,22272,22528,256,0.1953125,0.5099999904632568,199,55,1.0,0.9090909090909091,0.9660194174757282,1.0,0.06899999999999995,0.019000000000000017,0.008,0.003,0.82,3517,1.0,0.9266666666666666,0.0,0.0,0.82,0.018,0.01,0.029
88,0,inaturalist,22528,22784,256,0.16015625,0.5099999904632568,214,42,1.0,0.9761904761904762,0.9953488372093023,1.0,0.08599999999999997,0.02200000000000002,0.008,0.003,0.818,3525,1.0,0.9266666666666666,0.0,0.0,0.818,0.018,0.01,0.028
89,0,inaturalist,22784,23040,256,0.1640625,0.5099999904632568,211,42,0.990521327014218,0.9523809523809523,0.9766355140186916,0.9523809523809523,0.07599999999999996,0.029000000000000026,0.008,0.003,0.8,3531,0.9933333333333333,0.93,0.0,0.0,0.8,0.017,0.009,0.025
90,0,inaturalist,23040,23296,256,0.140625,0.5099999904632568,214,38,1.0,0.8947368421052632,0.9727272727272728,0.9444444444444444,0.07699999999999996,0.019000000000000017,0.007,0.002,0.804,3539,0.9966666666666667,0.92,0.0,0.0,0.804,0.017,0.008,0.026
91,0,inaturalist,23296,23552,256,0.16796875,0.5099999904632568,209,46,1.0,0.9347826086956522,0.9812206572769953,1.0,0.07599999999999996,0.02200000000000002,0.007,0.002,0.783,3550,1.0,0.92,0.0,0.0,0.783,0.016,0.007,0.026
92,0,inaturalist,23552,23808,256,0.16015625,0.5099999904632568,207,46,1.0,0.8695652173913043,0.9627906976744186,0.975609756097561,0.07699999999999996,0.02200000000000002,0.006,0.002,0.78,3555,1.0,0.9266666666666666,0.0,0.0,0.78,0.019,0.008,0.027
93,0,inaturalist,23808,24064,256,0.16796875,0.5099999904632568,205,47,1.0,0.9148936170212766,0.9624413145539906,1.0,0.07499999999999996,0.025000000000000022,0.006,0.002,0.782,3562,1.0,0.93,0.0,0.0,0.782,0.017,0.008,0.027
94,0,inaturalist,24064,24320,256,0.19921875,0.5099999904632568,201,53,0.9950248756218906,0.9433962264150944,0.975609756097561,0.9803921568627451,0.07399999999999995,0.02200000000000002,0.006,0.002,0.776,3569,0.9966666666666667,0.9233333333333333,0.0,0.0,0.776,0.018,0.007,0.028
95,0,inaturalist,24320,24576,256,0.15625,0.5099999904632568,205,46,1.0,0.8695652173913043,0.9490740740740741,1.0,0.08099999999999996,0.02200000000000002,0.007,0.002,0.789,3573,0.9966666666666667,0.9066666666666666,0.0,0.0,0.789,0.015,0.006,0.028
96,0,inaturalist,24576,24832,256,0.171875,0.5099999904632568,201,46,1.0,0.9565217391304348,0.9481132075471698,1.0,0.08199999999999996,0.025000000000000022,0.007,0.002,0.78,3580,1.0,0.9166666666666666,0.0,0.0,0.78,0.017,0.007,0.029
97,0,inaturalist,24832,25088,256,0.21875,0.5099999904632568,197,58,1.0,0.9655172413793104,0.985,1.0,0.07199999999999995,0.026000000000000023,0.009,0.004,0.796,3587,1.0,0.9233333333333333,0.0,0.0,0.796,0.024,0.012,0.031
98,0,inaturalist,25088,25344,256,0.15234375,0.5099999904632568,211,40,1.0,0.975,0.9723502304147466,1.0,0.08899999999999997,0.03200000000000003,0.009,0.004,0.811,3593,1.0,0.94,0.0,0.0,0.811,0.02,0.01,0.03
99,0,inaturalist,25344,25600,256,0.15234375,0.5099999904632568,209,43,1.0,0.9069767441860465,0.9631336405529954,1.0,0.062000000000000055,0.026000000000000023,0.009,0.004,0.813,3597,1.0,0.9366666666666666,0.0,0.0,0.813,0.02,0.009,0.028
100,0,inaturalist,25600,25856,256,0.19140625,0.5099999904632568,198,49,0.9949494949494949,0.9795918367346939,0.9516908212560387,0.9795918367346939,0.07499999999999996,0.02200000000000002,0.01,0.005,0.813,3603,0.9966666666666667,0.9433333333333334,0.0,0.0,0.813,0.02,0.012,0.03
101,0,inaturalist,25856,26112,256,0.1640625,0.5099999904632568,207,45,1.0,0.9333333333333333,0.9672897196261683,1.0,0.08299999999999996,0.026000000000000023,0.01,0.005,0.814,3607,1.0,0.9466666666666667,0.0,0.0,0.814,0.019,0.01,0.029
102,0,inaturalist,26112,26368,256,0.16796875,0.5099999904632568,205,45,1.0,0.9555555555555556,0.9624413145539906,1.0,0.06899999999999995,0.016000000000000014,0.009,0.004,0.803,3613,1.0,0.9566666666666667,0.0,0.0,0.803,0.019,0.012,0.028
103,0,inaturalist,26368,26624,256,0.1796875,0.5099999904632568,208,46,0.9951923076923077,0.9782608695652174,0.9857142857142858,0.9782608695652174,0.07099999999999995,0.020000000000000018,0.009,0.004,0.801,3616,0.9966666666666667,0.9566666666666667,0.0,0.0,0.801,0.02,0.012,0.028
104,0,inaturalist,26624,26880,256,0.15625,0.5099999904632568,213,42,1.0,0.9523809523809523,0.9861111111111112,1.0,0.06499999999999995,0.02300000000000002,0.008,0.003,0.793,3617,0.9966666666666667,0.9533333333333334,0.0,0.0,0.793,0.018,0.011,0.024
105,0,inaturalist,26880,27136,256,0.17578125,0.5099999904632568,205,49,1.0,0.9183673469387755,0.9715639810426541,1.0,0.06499999999999995,0.019000000000000017,0.008,0.003,0.793,3624,1.0,0.95,0.0,0.0,0.793,0.018,0.012,0.022
106,0,inaturalist,27136,27392,256,0.1640625,0.5099999904632568,210,45,1.0,0.9333333333333333,0.9813084112149533,1.0,0.06999999999999995,0.019000000000000017,0.007,0.002,0.787,3632,1.0,0.95,0.0,0.0,0.787,0.017,0.011,0.019
107,0,inaturalist,27392,27648,256,0.18359375,0.5099999904632568,203,47,1.0,1.0,0.9712918660287081,1.0,0.07999999999999996,0.02200000000000002,0.007,0.002,0.785,3643,1.0,0.95,0.0,0.0,0.785,0.023,0.014,0.02
108,0,inaturalist,27648,27904,256,0.16796875,0.5099999904632568,207,45,1.0,0.9555555555555556,0.971830985915493,1.0,0.08299999999999996,0.02300000000000002,0.008,0.003,0.778,3652,1.0,0.9533333333333334,0.0,0.0,0.778,0.02,0.014,0.02
109,0,inaturalist,27904,28160,256,0.19140625,0.5099999904632568,201,54,1.0,0.9074074074074074,0.9710144927536232,1.0,0.07099999999999995,0.02100000000000002,0.008,0.003,0.782,3655,1.0,0.9433333333333334,0.0,0.0,0.782,0.025,0.016,0.023
110,0,inaturalist,28160,28416,256,0.20703125,0.5099999904632568,195,55,1.0,0.9636363636363636,0.9605911330049262,1.0,0.08699999999999997,0.020000000000000018,0.008,0.003,0.794,3658,1.0,0.9466666666666667,0.0,0.0,0.794,0.028,0.017,0.023
111,0,inaturalist,28416,28672,256,0.1328125,0.5099999904632568,220,35,1.0,0.9428571428571428,0.990990990990991,0.9705882352941176,0.08399999999999996,0.026000000000000023,0.009,0.004,0.81,3663,1.0,0.9466666666666667,0.0,0.0,0.81,0.025,0.016,0.026
112,0,inaturalist,28672,28928,256,0.13671875,0.5099999904632568,214,36,1.0,0.9444444444444444,0.9683257918552036,0.9714285714285714,0.07099999999999995,0.026000000000000023,0.009,0.004,0.803,3668,1.0,0.95,0.0,0.0,0.803,0.025,0.014,0.027
113,0,inaturalist,28928,29184,256,0.1328125,0.5099999904632568,218,38,1.0,0.8947368421052632,0.9819819819819819,1.0,0.07099999999999995,0.02200000000000002,0.009,0.004,0.8,3672,1.0,0.9433333333333334,0.0,0.0,0.8,0.025,0.015,0.029
114,0,inaturalist,29184,29440,256,0.11328125,0.5099999904632568,216,35,1.0,0.8285714285714286,0.9515418502202643,1.0,0.06399999999999995,0.02400000000000002,0.009,0.004,0.799,3681,1.0,0.9233333333333333,0.0,0.0,0.799,0.027,0.017,0.03
115,0,inaturalist,29440,29696,256,0.18359375,0.5099999904632568,195,51,1.0,0.9215686274509803,0.9330143540669856,1.0,0.07899999999999996,0.020000000000000018,0.009,0.004,0.816,3686,1.0,0.92,0.0,0.0,0.816,0.026,0.015,0.031
116,0,inaturalist,29696,29952,256,0.12109375,0.5099999904632568,215,36,1.0,0.8611111111111112,0.9555555555555556,1.0,0.07899999999999996,0.019000000000000017,0.009,0.004,0.812,3691,1.0,0.9133333333333333,0.0,0.0,0.812,0.023,0.014,0.03
117,0,inaturalist,29952,30208,256,0.17578125,0.5099999904632568,200,47,0.995,0.9148936170212766,0.943127962085308,0.9555555555555556,0.052000000000000046,0.02300000000000002,0.009,0.004,0.815,3692,0.9966666666666667,0.91,0.0,0.0,0.815,0.022,0.015,0.033
118,0,inaturalist,30208,30464,256,0.12109375,0.5099999904632568,217,36,1.0,0.8611111111111112,0.9644444444444444,1.0,0.07299999999999995,0.02400000000000002,0.01,0.005,0.806,3698,1.0,0.8933333333333333,0.0,0.0,0.806,0.028,0.022,0.032
119,0,inaturalist,30464,30720,256,0.15625,0.5099999904632568,211,43,1.0,0.9302325581395349,0.9768518518518519,1.0,0.06399999999999995,0.025000000000000022,0.009,0.004,0.803,3704,1.0,0.8966666666666666,0.0,0.0,0.803,0.025,0.02,0.032
120,0,inaturalist,30720,30976,256,0.171875,0.5099999904632568,199,47,1.0,0.9361702127659575,0.9386792452830188,1.0,0.07599999999999996,0.02400000000000002,0.009,0.004,0.797,3709,1.0,0.9,0.0,0.0,0.797,0.024,0.019,0.032
121,0,inaturalist,30976,31232,256,0.1953125,0.5099999904632568,195,58,1.0,0.8620689655172413,0.9466019417475728,1.0,0.07099999999999995,0.020000000000000018,0.007,0.003,0.796,3711,1.0,0.9,0.0,0.0,0.796,0.022,0.016,0.031
122,0,inaturalist,31232,31488,256,0.18359375,0.5099999904632568,201,50,1.0,0.94,0.9617224880382775,1.0,0.09399999999999997,0.018000000000000016,0.008,0.004,0.792,3719,1.0,0.9033333333333333,0.0,0.0,0.792,0.026,0.02,0.035
123,0,inaturalist,31488,31744,256,0.12890625,0.5099999904632568,210,39,1.0,0.8461538461538461,0.9417040358744395,1.0,0.08499999999999996,0.026000000000000023,0.01,0.005,0.775,3727,1.0,0.8966666666666666,0.0,0.0,0.775,0.026,0.02,0.034
124,0,inaturalist,31744,32000,256,0.19921875,0.5099999904632568,199,54,1.0,0.9444444444444444,0.9707317073170731,1.0,0.08499999999999996,0.025000000000000022,0.01,0.005,0.772,3735,1.0,0.9133333333333333,0.0,0.0,0.772,0.021,0.015,0.032
125,0,inaturalist,32000,32256,256,0.140625,0.5099999904632568,215,39,1.0,0.9230769230769231,0.9772727272727273,1.0,0.08999999999999997,0.025000000000000022,0.008,0.003,0.797,3737,1.0,0.9133333333333333,0.0,0.0,0.797,0.015,0.009,0.028
126,0,inaturalist,32256,32512,256,0.12890625,0.5099999904632568,213,35,0.9953051643192489,0.9142857142857143,0.9506726457399103,0.9696969696969697,0.06699999999999995,0.02200000000000002,0.008,0.004,0.798,3738,0.9966666666666667,0.9133333333333333,0.0,0.0,0.798,0.019,0.011,0.029
127,0,inaturalist,32512,32768,256,0.14453125,0.5099999904632568,209,42,1.0,0.8809523809523809,0.954337899543379,1.0,0.05600000000000005,0.026000000000000023,0.008,0.004,0.795,3739,1.0,0.91,0.0,0.0,0.795,0.021,0.011,0.03
128,0,inaturalist,32768,33024,256,0.21484375,0.5099999904632568,193,60,0.9948186528497409,0.9,0.9552238805970149,0.9818181818181818,0.06499999999999995,0.018000000000000016,0.009,0.004,0.796,3745,0.9966666666666667,0.91,0.0,0.0,0.796,0.02,0.012,0.03
129,0,inaturalist,33024,33280,256,0.19140625,0.5099999904632568,200,51,0.995,0.9411764705882353,0.961352657004831,0.9795918367346939,0.08899999999999997,0.02100000000000002,0.009,0.004,0.785,3752,0.9966666666666667,0.9133333333333333,0.0,0.0,0.785,0.019,0.01,0.029
130,0,inaturalist,33280,33536,256,0.18359375,0.5099999904632568,204,47,1.0,1.0,0.9760765550239234,1.0,0.09099999999999997,0.018000000000000016,0.009,0.004,0.807,3756,1.0,0.9266666666666666,0.0,0.0,0.807,0.02,0.013,0.029
131,0,inaturalist,33536,33792,256,0.18359375,0.5099999904632568,202,52,1.0,0.9038461538461539,0.9665071770334929,1.0,0.06799999999999995,0.02300000000000002,0.009,0.004,0.802,3760,1.0,0.92,0.0,0.0,0.802,0.021,0.014,0.029
132,0,inaturalist,33792,34048,256,0.14453125,0.5099999904632568,212,39,1.0,0.9487179487179487,0.9680365296803652,1.0,0.08799999999999997,0.020000000000000018,0.009,0.004,0.798,3766,1.0,0.93,0.0,0.0,0.798,0.018,0.011,0.027
133,0,inaturalist,34048,34304,256,0.18359375,0.5099999904632568,196,52,0.9948979591836735,0.8653846153846154,0.9330143540669856,0.9574468085106383,0.05400000000000005,0.02200000000000002,0.009,0.004,0.798,3768,0.9966666666666667,0.9266666666666666,0.0,0.0,0.798,0.018,0.012,0.027
134,0,inaturalist,34304,34560,256,0.16015625,0.5099999904632568,209,44,1.0,0.9318181818181818,0.9720930232558139,1.0,0.08999999999999997,0.025000000000000022,0.009,0.004,0.806,3769,0.9966666666666667,0.93,0.0,0.0,0.806,0.019,0.015,0.033
135,0,inaturalist,34560,34816,256,0.16015625,0.5099999904632568,208,47,1.0,0.8723404255319149,0.9674418604651163,1.0,0.07899999999999996,0.02300000000000002,0.009,0.004,0.806,3774,1.0,0.92,0.0,0.0,0.806,0.019,0.017,0.034
136,0,inaturalist,34816,35072,256,0.16015625,0.5099999904632568,210,42,0.9952380952380953,0.9285714285714286,0.9720930232558139,0.9512195121951219,0.08799999999999997,0.019000000000000017,0.008,0.004,0.795,3784,0.9966666666666667,0.9133333333333333,0.0,0.0,0.795,0.02,0.016,0.029
137,0,inaturalist,35072,35328,256,0.203125,0.5099999904632568,201,52,0.9950248756218906,0.9807692307692307,0.9803921568627451,0.9807692307692307,0.06299999999999994,0.020000000000000018,0.008,0.004,0.795,3787,0.9933333333333333,0.9166666666666666,0.0,0.0,0.795,0.018,0.015,0.029
138,0,inaturalist,35328,35584,256,0.15625,0.5099999904632568,202,48,1.0,0.8333333333333334,0.9351851851851852,1.0,0.08699999999999997,0.02400000000000002,0.008,0.004,0.801,3792,1.0,0.9033333333333333,0.0,0.0,0.801,0.015,0.013,0.03
139,0,inaturalist,35584,35840,256,0.16015625,0.5099999904632568,212,43,0.9952830188679245,0.9302325581395349,0.9813953488372092,0.975609756097561,0.07799999999999996,0.028000000000000025,0.008,0.004,0.801,3796,0.9966666666666667,0.9066666666666666,0.0,0.0,0.801,0.016,0.011,0.032
140,0,inaturalist,35840,36096,256,0.16015625,0.5099999904632568,204,45,0.9950980392156863,0.8888888888888888,0.9441860465116279,0.975609756097561,0.06999999999999995,0.025000000000000022,0.008,0.004,0.81,3800,0.9966666666666667,0.9133333333333333,0.0,0.0,0.81,0.018,0.013,0.03
141,0,inaturalist,36096,36352,256,0.19921875,0.5099999904632568,199,52,1.0,0.9807692307692307,0.9707317073170731,1.0,0.06799999999999995,0.02100000000000002,0.008,0.004,0.805,3803,0.9966666666666667,0.92,0.0,0.0,0.805,0.016,0.011,0.025
142,0,inaturalist,36352,36608,256,0.1796875,0.5099999904632568,201,51,1.0,0.9019607843137255,0.9571428571428572,1.0,0.09999999999999998,0.02200000000000002,0.008,0.004,0.791,3805,1.0,0.92,0.0,0.0,0.791,0.02,0.012,0.026
143,0,inaturalist,36608,36864,256,0.16015625,0.5099999904632568,213,41,1.0,1.0,0.9906976744186047,1.0,0.07599999999999996,0.028000000000000025,0.009,0.004,0.795,3807,1.0,0.9266666666666666,0.0,0.0,0.795,0.017,0.011,0.026
144,0,inaturalist,36864,37120,256,0.19921875,0.5099999904632568,201,55,1.0,0.9272727272727272,0.9804878048780488,1.0,0.07499999999999996,0.02300000000000002,0.009,0.004,0.797,3810,1.0,0.93,0.0,0.0,0.797,0.018,0.015,0.03
145,0,inaturalist,37120,37376,256,0.140625,0.5099999904632568,213,38,0.9953051643192489,0.9210526315789473,0.9636363636363636,0.9722222222222222,0.07999999999999996,0.018000000000000016,0.009,0.004,0.804,3818,0.9966666666666667,0.9333333333333333,0.0,0.0,0.804,0.017,0.013,0.029
146,0,inaturalist,37376,37632,256,0.1640625,0.5099999904632568,207,47,0.9951690821256038,0.8723404255319149,0.9626168224299065,0.9761904761904762,0.05700000000000005,0.02200000000000002,0.009,0.004,0.792,3820,0.9966666666666667,0.93,0.0,0.0,0.792,0.017,0.013,0.027
147,0,inaturalist,37632,37888,256,0.19921875,0.5099999904632568,199,52,1.0,0.9807692307692307,0.9707317073170731,1.0,0.07599999999999996,0.02300000000000002,0.009,0.004,0.8,3821,0.9966666666666667,0.9366666666666666,0.0,0.0,0.8,0.019,0.014,0.03
148,0,inaturalist,37888,38144,256,0.1953125,0.5099999904632568,198,51,0.98989898989899,0.9411764705882353,0.9514563106796117,0.96,0.08399999999999996,0.025000000000000022,0.009,0.004,0.806,3827,0.9933333333333333,0.9366666666666666,0.0,0.0,0.806,0.019,0.017,0.031
149,0,inaturalist,38144,38400,256,0.18359375,0.5099999904632568,205,49,1.0,0.9591836734693877,0.9808612440191388,1.0,0.07899999999999996,0.02100000000000002,0.009,0.004,0.816,3831,0.9966666666666667,0.9366666666666666,0.0,0.0,0.816,0.02,0.017,0.031
150,0,inaturalist,38400,38656,256,0.22265625,0.5099999904632568,191,59,0.9947643979057592,0.9322033898305084,0.9547738693467337,0.9649122807017544,0.06799999999999995,0.020000000000000018,0.008,0.003,0.812,3834,0.9966666666666667,0.9366666666666666,0.0,0.0,0.812,0.02,0.013,0.031
151,0,inaturalist,38656,38912,256,0.16796875,0.5099999904632568,207,46,0.9951690821256038,0.9130434782608695,0.9671361502347418,0.9767441860465116,0.08399999999999996,0.019000000000000017,0.008,0.003,0.81,3837,0.9933333333333333,0.9366666666666666,0.0,0.0,0.81,0.018,0.013,0.03
152,0,inaturalist,38912,39168,256,0.15625,0.5099999904632568,214,40,1.0,1.0,0.9907407407407407,1.0,0.07799999999999996,0.025000000000000022,0.008,0.003,0.806,3839,1.0,0.9533333333333334,0.0,0.0,0.806,0.019,0.014,0.028
153,0,inaturalist,39168,39424,256,0.1328125,0.5099999904632568,215,36,0.9953488372093023,0.9166666666666666,0.963963963963964,0.9705882352941176,0.06599999999999995,0.02200000000000002,0.008,0.003,0.816,3841,0.9966666666666667,0.9433333333333334,0.0,0.0,0.816,0.019,0.014,0.028
154,0,inaturalist,39424,39680,256,0.16796875,0.5099999904632568,207,46,1.0,0.9347826086956522,0.971830985915493,1.0,0.05400000000000005,0.019000000000000017,0.008,0.003,0.817,3842,0.9966666666666667,0.94,0.0,0.0,0.817,0.018,0.011,0.029
155,0,inaturalist,39680,39936,256,0.203125,0.5099999904632568,201,50,0.9950248756218906,0.98,0.9803921568627451,0.9423076923076923,0.07699999999999996,0.014000000000000012,0.01,0.005,0.818,3845,0.9966666666666667,0.9466666666666667,0.0,0.0,0.818,0.017,0.011,0.032
156,0,inaturalist,39936,40192,256,0.171875,0.5099999904632568,201,50,1.0,0.86,0.9481132075471698,0.9772727272727273,0.08399999999999996,0.02200000000000002,0.008,0.004,0.8,3846,1.0,0.9366666666666666,0.0,0.0,0.8,0.02,0.014,0.034
157,0,inaturalist,40192,40448,256,0.12890625,0.5099999904632568,219,34,1.0,0.9705882352941176,0.9820627802690582,1.0,0.08199999999999996,0.026000000000000023,0.008,0.004,0.797,3851,1.0,0.9366666666666666,0.0,0.0,0.797,0.018,0.011,0.033
158,0,inaturalist,40448,40704,256,0.16796875,0.5099999904632568,210,44,0.9952380952380953,0.9545454545454546,0.9812206572769953,0.9767441860465116,0.05300000000000005,0.020000000000000018,0.008,0.004,0.81,3851,0.9966666666666667,0.9433333333333334,0.0,0.0,0.81,0.017,0.012,0.032
159,0,inaturalist,40704,40960,256,0.1875,0.5099999904632568,198,51,1.0,0.9411764705882353,0.9519230769230769,1.0,0.07099999999999995,0.016000000000000014,0.008,0.004,0.811,3855,1.0,0.9366666666666666,0.0,0.0,0.811,0.022,0.016,0.033
160,0,inaturalist,40960,41216,256,0.17578125,0.5099999904632568,204,49,1.0,0.9183673469387755,0.966824644549763,1.0,0.06699999999999995,0.019000000000000017,0.008,0.004,0.795,3861,1.0,0.9333333333333333,0.0,0.0,0.795,0.02,0.016,0.031
161,0,inaturalist,41216,41472,256,0.21484375,0.5099999904632568,196,57,1.0,0.9649122807017544,0.9751243781094527,1.0,0.07899999999999996,0.026000000000000023,0.007,0.003,0.786,3865,1.0,0.9333333333333333,0.0,0.0,0.786,0.024,0.018,0.029
162,0,inaturalist,41472,41728,256,0.13671875,0.5099999904632568,218,35,1.0,1.0,0.9864253393665159,1.0,0.08399999999999996,0.027000000000000024,0.007,0.003,0.812,3866,1.0,0.9433333333333334,0.0,0.0,0.812,0.022,0.018,0.028
163,0,inaturalist,41728,41984,256,0.14453125,0.5099999904632568,208,42,1.0,0.8571428571428571,0.9497716894977168,0.972972972972973,0.052000000000000046,0.019000000000000017,0.007,0.002,0.826,3868,1.0,0.94,0.0,0.0,0.826,0.019,0.016,0.028
164,0,inaturalist,41984,42240,256,0.15625,0.5099999904632568,209,43,1.0,0.9069767441860465,0.9675925925925926,0.975,0.05400000000000005,0.02200000000000002,0.008,0.003,0.819,3872,1.0,0.93,0.0,0.0,0.819,0.025,0.02,0.025
165,0,inaturalist,42240,42496,256,0.1875,0.5099999904632568,204,51,1.0,0.9411764705882353,0.9807692307692307,1.0,0.062000000000000055,0.02300000000000002,0.008,0.003,0.815,3873,1.0,0.9366666666666666,0.0,0.0,0.815,0.022,0.018,0.026
166,0,inaturalist,42496,42752,256,0.1640625,0.5099999904632568,207,45,1.0,0.9333333333333333,0.9672897196261683,1.0,0.08399999999999996,0.027000000000000024,0.008,0.003,0.799,3876,1.0,0.93,0.0,0.0,0.799,0.018,0.013,0.023
167,0,inaturalist,42752,43008,256,0.15234375,0.5099999904632568,210,43,1.0,0.9069767441860465,0.967741935483871,1.0,0.07599999999999996,0.018000000000000016,0.008,0.003,0.793,3880,1.0,0.9266666666666666,0.0,0.0,0.793,0.019,0.013,0.024
168,0,inaturalist,43008,43264,256,0.18359375,0.5099999904632568,204,48,0.9950980392156863,0.9375,0.9712918660287081,0.9574468085106383,0.06799999999999995,0.02100000000000002,0.008,0.003,0.79,3883,0.9966666666666667,0.9233333333333333,0.0,0.0,0.79,0.017,0.01,0.025
169,0,inaturalist,43264,43520,256,0.18359375,0.5099999904632568,196,54,1.0,0.8518518518518519,0.937799043062201,0.9787234042553191,0.07699999999999996,0.02100000000000002,0.008,0.003,0.792,3886,1.0,0.9066666666666666,0.0,0.0,0.792,0.018,0.011,0.019
170,0,inaturalist,43520,43776,256,0.19921875,0.5099999904632568,196,53,1.0,0.9245283018867925,0.9560975609756097,0.9607843137254902,0.08399999999999996,0.019000000000000017,0.009,0.004,0.796,3890,1.0,0.9133333333333333,0.0,0.0,0.796,0.017,0.013,0.021
171,0,inaturalist,43776,44032,256,0.2109375,0.5099999904632568,198,55,0.9949494949494949,0.9454545454545454,0.9752475247524752,0.9629629629629629,0.09999999999999998,0.02300000000000002,0.008,0.003,0.81,3893,0.9966666666666667,0.9166666666666666,0.0,0.0,0.81,0.021,0.015,0.017
172,0,inaturalist,44032,44288,256,0.20703125,0.5099999904632568,193,54,1.0,0.9629629629629629,0.9507389162561576,0.9811320754716981,0.08499999999999996,0.025000000000000022,0.008,0.003,0.81,3898,1.0,0.92,0.0,0.0,0.81,0.023,0.015,0.024
173,0,inaturalist,44288,44544,256,0.1796875,0.5099999904632568,199,49,1.0,0.9183673469387755,0.9476190476190476,0.9782608695652174,0.10399999999999998,0.02400000000000002,0.008,0.003,0.803,3903,1.0,0.9233333333333333,0.0,0.0,0.803,0.02,0.016,0.023
174,0,inaturalist,44544,44800,256,0.16015625,0.5099999904632568,211,42,1.0,0.9761904761904762,0.9813953488372092,1.0,0.07599999999999996,0.027000000000000024,0.008,0.003,0.805,3904,1.0,0.9266666666666666,0.0,0.0,0.805,0.021,0.017,0.027
175,0,inaturalist,44800,45056,256,0.1796875,0.5099999904632568,205,49,0.9951219512195122,0.9183673469387755,0.9714285714285714,0.9782608695652174,0.06899999999999995,0.02100000000000002,0.008,0.003,0.809,3907,0.9966666666666667,0.94,0.0,0.0,0.809,0.021,0.019,0.028
176,0,inaturalist,45056,45312,256,0.1640625,0.5099999904632568,206,47,1.0,0.8936170212765957,0.9626168224299065,1.0,0.06799999999999995,0.02200000000000002,0.008,0.003,0.806,3911,1.0,0.9333333333333333,0.0,0.0,0.806,0.021,0.017,0.027
177,0,inaturalist,45312,45568,256,0.125,0.5099999904632568,220,35,1.0,0.8857142857142857,0.9821428571428571,0.96875,0.09199999999999997,0.02300000000000002,0.009,0.004,0.792,3915,1.0,0.93,0.0,0.0,0.792,0.025,0.018,0.028
178,0,inaturalist,45568,45824,256,0.1484375,0.5099999904632568,214,39,1.0,0.9743589743589743,0.981651376146789,1.0,0.06499999999999995,0.020000000000000018,0.009,0.004,0.79,3921,1.0,0.93,0.0,0.0,0.79,0.024,0.018,0.027
179,0,inaturalist,45824,46080,256,0.19140625,0.5099999904632568,194,53,1.0,0.9245283018867925,0.9371980676328503,1.0,0.061000000000000054,0.018000000000000016,0.009,0.004,0.785,3925,1.0,0.9266666666666666,0.0,0.0,0.785,0.024,0.018,0.028
180,0,inaturalist,46080,46336,256,0.16015625,0.5099999904632568,207,45,1.0,0.9111111111111111,0.9627906976744186,1.0,0.08399999999999996,0.025000000000000022,0.009,0.004,0.788,3929,1.0,0.9233333333333333,0.0,0.0,0.788,0.02,0.017,0.029
181,0,inaturalist,46336,46592,256,0.1953125,0.5099999904632568,199,52,1.0,0.9615384615384616,0.9660194174757282,1.0,0.08299999999999996,0.026000000000000023,0.009,0.005,0.779,3929,1.0,0.9233333333333333,0.0,0.0,0.779,0.03,0.021,0.031
182,0,inaturalist,46592,46848,256,0.1875,0.5099999904632568,200,52,1.0,0.9038461538461539,0.9615384615384616,0.9791666666666666,0.09299999999999997,0.020000000000000018,0.009,0.005,0.789,3930,1.0,0.9233333333333333,0.0,0.0,0.789,0.025,0.019,0.035
183,0,inaturalist,46848,47104,256,0.19140625,0.5099999904632568,204,49,0.9950980392156863,0.9795918367346939,0.9806763285024155,0.9795918367346939,0.08499999999999996,0.02200000000000002,0.009,0.005,0.81,3931,0.9966666666666667,0.9433333333333334,0.0,0.0,0.81,0.025,0.017,0.034
184,0,inaturalist,47104,47360,256,0.1875,0.5099999904632568,201,50,0.9950248756218906,0.92,0.9615384615384616,0.9583333333333334,0.07699999999999996,0.015000000000000013,0.009,0.004,0.82,3931,0.9966666666666667,0.9333333333333333,0.0,0.0,0.82,0.018,0.013,0.032
185,0,inaturalist,47360,47616,256,0.14453125,0.5099999904632568,211,41,1.0,0.9024390243902439,0.9634703196347032,1.0,0.08399999999999996,0.018000000000000016,0.01,0.005,0.817,3934,0.9966666666666667,0.9333333333333333,0.0,0.0,0.817,0.019,0.014,0.032
186,0,inaturalist,47616,47872,256,0.17578125,0.5099999904632568,204,48,1.0,0.9166666666666666,0.966824644549763,0.9777777777777777,0.06599999999999995,0.02300000000000002,0.009,0.004,0.812,3939,1.0,0.93,0.0,0.0,0.812,0.017,0.012,0.032
187,0,inaturalist,47872,48128,256,0.171875,0.5099999904632568,204,48,0.9950980392156863,0.8541666666666666,0.9575471698113207,0.9318181818181818,0.06599999999999995,0.020000000000000018,0.008,0.003,0.815,3944,0.9966666666666667,0.9133333333333333,0.0,0.0,0.815,0.017,0.01,0.032
188,0,inaturalist,48128,48384,256,0.125,0.5099999904632568,217,35,1.0,0.9142857142857143,0.96875,1.0,0.07099999999999995,0.02200000000000002,0.008,0.003,0.805,3951,1.0,0.9166666666666666,0.0,0.0,0.805,0.017,0.01,0.024
189,0,inaturalist,48384,48640,256,0.14453125,0.5099999904632568,211,37,1.0,0.972972972972973,0.9634703196347032,0.972972972972973,0.06499999999999995,0.026000000000000023,0.008,0.003,0.808,3955,1.0,0.92,0.0,0.0,0.808,0.017,0.01,0.027
190,0,inaturalist,48640,48896,256,0.11328125,0.5099999904632568,219,32,1.0,0.90625,0.9647577092511013,1.0,0.06699999999999995,0.03200000000000003,0.008,0.003,0.805,3956,1.0,0.9133333333333333,0.0,0.0,0.805,0.018,0.012,0.024
191,0,inaturalist,48896,49152,256,0.140625,0.5099999904632568,213,40,1.0,0.9,0.9681818181818181,1.0,0.062000000000000055,0.026000000000000023,0.008,0.003,0.802,3957,1.0,0.9066666666666666,0.0,0.0,0.802,0.015,0.012,0.025
192,0,inaturalist,49152,49408,256,0.1953125,0.5099999904632568,201,53,1.0,0.9433962264150944,0.9757281553398058,1.0,0.06999999999999995,0.026000000000000023,0.008,0.003,0.799,3959,1.0,0.9166666666666666,0.0,0.0,0.799,0.012,0.01,0.024
193,0,inaturalist,49408,49664,256,0.16015625,0.5099999904632568,207,46,1.0,0.8695652173913043,0.9627906976744186,0.975609756097561,0.08099999999999996,0.02400000000000002,0.009,0.004,0.807,3963,1.0,0.91,0.0,0.0,0.807,0.014,0.01,0.026
194,0,inaturalist,49664,49920,256,0.16015625,0.5099999904632568,207,43,0.9951690821256038,0.9302325581395349,0.958139534883721,0.975609756097561,0.07199999999999995,0.019000000000000017,0.009,0.004,0.803,3966,0.9966666666666667,0.9233333333333333,0.0,0.0,0.803,0.015,0.01,0.025
195,0,inaturalist,49920,50176,256,0.15625,0.5099999904632568,207,44,1.0,0.9090909090909091,0.9583333333333334,1.0,0.06399999999999995,0.02100000000000002,0.009,0.004,0.81,3967,0.9966666666666667,0.9166666666666666,0.0,0.0,0.81,0.017,0.011,0.023
196,0,inaturalist,50176,50432,256,0.12109375,0.5099999904632568,214,36,0.9953271028037384,0.8055555555555556,0.9466666666666667,0.9354838709677419,0.07099999999999995,0.026000000000000023,0.009,0.004,0.818,3968,0.9966666666666667,0.9,0.0,0.0,0.818,0.018,0.013,0.026
197,0,inaturalist,50432,50688,256,0.16796875,0.5099999904632568,206,45,0.9951456310679612,0.9333333333333333,0.9624413145539906,0.9767441860465116,0.05900000000000005,0.020000000000000018,0.009,0.004,0.811,3970,0.9933333333333333,0.9066666666666666,0.0,0.0,0.811,0.02,0.012,0.026
198,0,inaturalist,50688,50944,256,0.1796875,0.5099999904632568,205,48,1.0,0.9583333333333334,0.9761904761904762,1.0,0.06000000000000005,0.020000000000000018,0.008,0.003,0.815,3970,1.0,0.91,0.0,0.0,0.815,0.02,0.01,0.027
199,0,inaturalist,50944,51200,256,0.1796875,0.5099999904632568,197,52,0.9949238578680203,0.8653846153846154,0.9333333333333333,0.9782608695652174,0.07099999999999995,0.013000000000000012,0.008,0.003,0.815,3972,0.9966666666666667,0.9033333333333333,0.0,0.0,0.815,0.017,0.008,0.027
200,0,inaturalist,51200,51456,256,0.1640625,0.5099999904632568,205,45,0.9951219512195122,0.9111111111111111,0.9532710280373832,0.9761904761904762,0.08299999999999996,0.019000000000000017,0.007,0.002,0.799,3976,0.9966666666666667,0.9,0.0,0.0,0.799,0.018,0.007,0.026
201,0,inaturalist,51456,51712,256,0.19140625,0.5099999904632568,202,51,1.0,0.9607843137254902,0.9758454106280193,1.0,0.07499999999999996,0.027000000000000024,0.007,0.002,0.805,3978,1.0,0.91,0.0,0.0,0.805,0.021,0.008,0.026
202,0,inaturalist,51712,51968,256,0.1796875,0.5099999904632568,204,49,1.0,0.9387755102040817,0.9714285714285714,1.0,0.08699999999999997,0.02100000000000002,0.007,0.002,0.797,3980,1.0,0.9266666666666666,0.0,0.0,0.797,0.018,0.008,0.028
203,0,inaturalist,51968,52224,256,0.1640625,0.5099999904632568,205,45,1.0,0.9333333333333333,0.9579439252336449,1.0,0.08599999999999997,0.025000000000000022,0.007,0.002,0.811,3982,1.0,0.9266666666666666,0.0,0.0,0.811,0.014,0.007,0.027
204,0,inaturalist,52224,52480,256,0.12890625,0.5099999904632568,219,36,0.9954337899543378,0.8888888888888888,0.9775784753363229,0.9696969696969697,0.07199999999999995,0.02400000000000002,0.007,0.002,0.81,3985,0.9966666666666667,0.9233333333333333,0.0,0.0,0.81,0.015,0.008,0.029
205,0,inaturalist,52480,52736,256,0.17578125,0.5099999904632568,207,45,0.9951690821256038,0.9777777777777777,0.976303317535545,0.9777777777777777,0.06299999999999994,0.025000000000000022,0.007,0.002,0.799,3987,0.9966666666666667,0.9366666666666666,0.0,0.0,0.799,0.016,0.008,0.03
206,0,inaturalist,52736,52992,256,0.1640625,0.5099999904632568,204,44,1.0,0.9545454545454546,0.9532710280373832,1.0,0.07199999999999995,0.02100000000000002,0.008,0.003,0.8,3988,0.9966666666666667,0.9433333333333334,0.0,0.0,0.8,0.013,0.007,0.03
207,0,inaturalist,52992,53248,256,0.1796875,0.5099999904632568,204,49,1.0,0.9387755102040817,0.9714285714285714,1.0,0.06499999999999995,0.020000000000000018,0.008,0.003,0.806,3989,1.0,0.94,0.0,0.0,0.806,0.014,0.01,0.031
208,0,inaturalist,53248,53504,256,0.1484375,0.5099999904632568,212,43,1.0,0.8837209302325582,0.9724770642201835,1.0,0.09499999999999997,0.02200000000000002,0.007,0.002,0.802,3993,1.0,0.9366666666666666,0.0,0.0,0.802,0.011,0.007,0.03
209,0,inaturalist,53504,53760,256,0.18359375,0.5099999904632568,203,48,0.9950738916256158,0.9375,0.9665071770334929,0.9574468085106383,0.06599999999999995,0.02200000000000002,0.007,0.002,0.801,3997,0.9966666666666667,0.9333333333333333,0.0,0.0,0.801,0.011,0.007,0.032
210,0,inaturalist,53760,54016,256,0.15234375,0.5099999904632568,209,41,1.0,0.9512195121951219,0.9631336405529954,1.0,0.08899999999999997,0.020000000000000018,0.006,0.002,0.791,3997,1.0,0.9333333333333333,0.0,0.0,0.791,0.008,0.004,0.03
211,0,inaturalist,54016,54272,256,0.19921875,0.5099999904632568,200,53,1.0,0.9622641509433962,0.975609756097561,1.0,0.07099999999999995,0.020000000000000018,0.006,0.002,0.808,4001,1.0,0.94,0.0,0.0,0.808,0.01,0.005,0.03
212,0,inaturalist,54272,54528,256,0.1484375,0.5099999904632568,213,41,1.0,0.926829268292683,0.9770642201834863,1.0,0.07399999999999995,0.02200000000000002,0.006,0.002,0.815,4003,1.0,0.9366666666666666,0.0,0.0,0.815,0.015,0.009,0.031
213,0,inaturalist,54528,54784,256,0.14453125,0.5099999904632568,212,39,0.9952830188679245,0.9230769230769231,0.9634703196347032,0.972972972972973,0.06799999999999995,0.020000000000000018,0.009,0.004,0.817,4004,0.9966666666666667,0.9333333333333333,0.0,0.0,0.817,0.019,0.014,0.034
214,0,inaturalist,54784,55040,256,0.19140625,0.5099999904632568,202,49,0.995049504950495,0.9591836734693877,0.9710144927536232,0.9591836734693877,0.07299999999999995,0.02100000000000002,0.009,0.004,0.801,4005,0.9966666666666667,0.9333333333333333,0.0,0.0,0.801,0.022,0.014,0.034
215,0,inaturalist,55040,55296,256,0.17578125,0.5099999904632568,206,45,1.0,1.0,0.976303317535545,1.0,0.08699999999999997,0.029000000000000026,0.009,0.004,0.797,4008,1.0,0.9566666666666667,0.0,0.0,0.797,0.022,0.013,0.037
216,0,inaturalist,55296,55552,256,0.1328125,0.5099999904632568,216,38,1.0,0.8947368421052632,0.972972972972973,1.0,0.08099999999999996,0.027000000000000024,0.008,0.004,0.801,4011,1.0,0.9466666666666667,0.0,0.0,0.801,0.024,0.013,0.025
217,0,inaturalist,55552,55808,256,0.171875,0.5099999904632568,197,51,1.0,0.8627450980392157,0.9292452830188679,1.0,0.07499999999999996,0.02400000000000002,0.01,0.005,0.802,4013,1.0,0.9333333333333333,0.0,0.0,0.802,0.024,0.019,0.028
218,0,inaturalist,55808,56064,256,0.16796875,0.5099999904632568,206,46,1.0,0.9130434782608695,0.9671361502347418,0.9767441860465116,0.08999999999999997,0.027000000000000024,0.009,0.004,0.793,4019,1.0,0.9233333333333333,0.0,0.0,0.793,0.024,0.018,0.031
219,0,inaturalist,56064,56320,256,0.1484375,0.5099999904632568,209,40,1.0,0.95,0.9587155963302753,1.0,0.07599999999999996,0.026000000000000023,0.008,0.004,0.785,4022,1.0,0.9266666666666666,0.0,0.0,0.785,0.022,0.016,0.031
220,0,inaturalist,56320,56576,256,0.16015625,0.5099999904632568,209,45,1.0,0.9111111111111111,0.9720930232558139,1.0,0.06899999999999995,0.027000000000000024,0.006,0.002,0.786,4024,1.0,0.9266666666666666,0.0,0.0,0.786,0.018,0.013,0.028
221,0,inaturalist,56576,56832,256,0.17578125,0.5099999904632568,200,50,0.995,0.86,0.943127962085308,0.9555555555555556,0.07899999999999996,0.02300000000000002,0.006,0.002,0.79,4026,0.9966666666666667,0.9066666666666666,0.0,0.0,0.79,0.018,0.013,0.026
222,0,inaturalist,56832,57088,256,0.1640625,0.5099999904632568,209,45,1.0,0.9111111111111111,0.9766355140186916,0.9761904761904762,0.09299999999999997,0.02400000000000002,0.007,0.003,0.792,4026,0.9966666666666667,0.8933333333333333,0.0,0.0,0.792,0.02,0.012,0.026
223,0,inaturalist,57088,57344,256,0.1484375,0.5099999904632568,210,45,1.0,0.8444444444444444,0.963302752293578,1.0,0.07399999999999995,0.02400000000000002,0.008,0.003,0.783,4026,1.0,0.8933333333333333,0.0,0.0,0.783,0.018,0.013,0.026
224,0,inaturalist,57344,57600,256,0.19921875,0.5099999904632568,195,55,1.0,0.9272727272727272,0.9512195121951219,1.0,0.06499999999999995,0.028000000000000025,0.008,0.003,0.788,4027,1.0,0.9,0.0,0.0,0.788,0.017,0.012,0.027
225,0,inaturalist,57600,57856,256,0.109375,0.5099999904632568,214,36,0.9953271028037384,0.75,0.9342105263157895,0.9642857142857143,0.09899999999999998,0.029000000000000026,0.008,0.003,0.791,4034,0.9966666666666667,0.88,0.0,0.0,0.791,0.021,0.013,0.029
226,0,inaturalist,57856,58112,256,0.1796875,0.5099999904632568,203,49,1.0,0.9387755102040817,0.9666666666666667,1.0,0.06000000000000005,0.020000000000000018,0.008,0.003,0.788,4037,1.0,0.8766666666666667,0.0,0.0,0.788,0.02,0.012,0.026
227,0,inaturalist,58112,58368,256,0.16015625,0.5099999904632568,208,44,1.0,0.9090909090909091,0.9674418604651163,0.975609756097561,0.07399999999999995,0.02200000000000002,0.006,0.003,0.791,4038,1.0,0.89,0.0,0.0,0.791,0.019,0.011,0.027
228,0,inaturalist,58368,58624,256,0.203125,0.5099999904632568,192,56,0.9947916666666666,0.9107142857142857,0.9362745098039216,0.9807692307692307,0.06699999999999995,0.03200000000000003,0.006,0.003,0.806,4041,0.9966666666666667,0.8933333333333333,0.0,0.0,0.806,0.021,0.013,0.026
229,0,inaturalist,58624,58880,256,0.1171875,0.5099999904632568,216,37,1.0,0.8108108108108109,0.9557522123893806,1.0,0.07899999999999996,0.02200000000000002,0.006,0.003,0.784,4042,0.9966666666666667,0.8866666666666667,0.0,0.0,0.784,0.022,0.012,0.026
230,0,inaturalist,58880,59136,256,0.16796875,0.5099999904632568,204,46,1.0,0.9347826086956522,0.9577464788732394,1.0,0.06499999999999995,0.02200000000000002,0.006,0.003,0.788,4043,1.0,0.89,0.0,0.0,0.788,0.026,0.015,0.027
231,0,inaturalist,59136,59392,256,0.16015625,0.5099999904632568,208,46,1.0,0.8913043478260869,0.9674418604651163,1.0,0.07799999999999996,0.02200000000000002,0.008,0.004,0.797,4048,1.0,0.89,0.0,0.0,0.797,0.024,0.016,0.026
232,0,inaturalist,59392,59648,256,0.15625,0.5099999904632568,203,48,1.0,0.8333333333333334,0.9398148148148148,1.0,0.06899999999999995,0.020000000000000018,0.008,0.004,0.795,4054,1.0,0.89,0.0,0.0,0.795,0.022,0.013,0.028
233,0,inaturalist,59648,59904,256,0.16015625,0.5099999904632568,206,48,1.0,0.8541666666666666,0.958139534883721,1.0,0.08199999999999996,0.025000000000000022,0.007,0.003,0.79,4059,1.0,0.8766666666666667,0.0,0.0,0.79,0.024,0.013,0.027
234,0,inaturalist,59904,60000,96,0.17708333333333334,0.5099999904632568,75,20,1.0,0.85,0.9493670886075949,1.0,0.08799999999999997,0.031000000000000028,0.008,0.003,0.797,4066,1.0,0.8733333333333333,0.0,0.0,0.797,0.021,0.013,0.028
235,1,sun,60000,60256,256,0.171875,0.5099999904632568,228,23,0.8947368421052632,0.6956521739130435,0.9622641509433962,0.36363636363636365,0.03400000000000003,0.018000000000000016,0.008,0.003,0.035,4075,0.92,0.8533333333333334,0.0,0.0,0.786,0.035,0.023,0.029
236,1,sun,60256,60512,256,0.1953125,0.5099999904632568,213,25,0.9107981220657277,0.72,0.941747572815534,0.36,0.061000000000000054,0.02400000000000002,0.008,0.003,0.047,4091,0.8933333333333333,0.84,0.0,0.0,0.754,0.047,0.032,0.03
237,1,sun,60512,60768,256,0.20703125,0.5199999809265137,213,33,0.9061032863849765,0.8181818181818182,0.9507389162561576,0.5094339622641509,0.07499999999999996,0.02300000000000002,0.008,0.003,0.069,4115,0.9066666666666666,0.8366666666666667,0.0,0.0,0.719,0.069,0.05,0.031
238,1,sun,60768,61024,256,0.2109375,0.5199999809265137,195,44,0.9384615384615385,0.8181818181818182,0.905940594059406,0.6666666666666666,0.09499999999999997,0.03300000000000003,0.01,0.005,0.126,4177,0.9233333333333333,0.8233333333333334,0.0,0.0,0.671,0.126,0.094,0.036
239,1,sun,61024,61280,256,0.11328125,0.5199999809265137,226,23,0.9690265486725663,0.7391304347826086,0.9647577092511013,0.5862068965517241,0.11599999999999999,0.025000000000000022,0.01,0.005,0.187,4254,0.9666666666666667,0.8133333333333334,0.0,0.0,0.609,0.187,0.14,0.035
240,1,sun,61280,61536,256,0.17578125,0.5199999809265137,200,43,0.97,0.813953488372093,0.919431279620853,0.7777777777777778,0.07999999999999996,0.029000000000000026,0.01,0.005,0.226,4304,0.9733333333333334,0.8033333333333333,0.0,0.0,0.565,0.226,0.176,0.036
241,1,sun,61536,61792,256,0.16796875,0.5199999809265137,211,29,0.9478672985781991,0.9310344827586207,0.9389671361502347,0.627906976744186,0.17800000000000005,0.027000000000000024,0.012,0.007,0.33,4422,0.9633333333333334,0.81,0.0,0.0,0.436,0.33,0.242,0.031
242,1,sun,61792,62048,256,0.19140625,0.5199999809265137,192,53,0.984375,0.7735849056603774,0.9130434782608695,0.8367346938775511,0.14200000000000002,0.02300000000000002,0.013,0.008,0.4,4533,0.9766666666666667,0.8,0.0,0.0,0.332,0.4,0.297,0.035
243,1,sun,62048,62304,256,0.16015625,0.5199999809265137,200,45,0.99,0.8,0.9209302325581395,0.8780487804878049,0.246,0.025000000000000022,0.012,0.011,0.56,4741,0.9833333333333333,0.8,0.0,0.0,0.156,0.56,0.411,0.04
244,1,sun,62304,62560,256,0.1640625,0.5199999809265137,197,48,0.9898477157360406,0.8333333333333334,0.9112149532710281,0.9523809523809523,0.16300000000000003,0.031000000000000028,0.013,0.013,0.62,4865,0.9933333333333333,0.8066666666666666,0.0,0.0,0.058,0.62,0.458,0.039
245,1,sun,62560,62816,256,0.18359375,0.5199999809265137,183,61,1.0,0.7540983606557377,0.8755980861244019,0.9787234042553191,0.11599999999999999,0.027000000000000024,0.015,0.015,0.636,4961,0.9966666666666667,0.8,0.0,0.0,0.043,0.636,0.483,0.044
246,1,sun,62816,63072,256,0.140625,0.5199999809265137,206,40,0.9951456310679612,0.825,0.9318181818181818,0.9166666666666666,0.132,0.02400000000000002,0.015,0.015,0.637,5064,0.9966666666666667,0.8,0.0,0.0,0.027,0.637,0.499,0.042
247,1,sun,63072,63328,256,0.1953125,0.5199999809265137,186,63,1.0,0.7777777777777778,0.9029126213592233,0.98,0.09699999999999998,0.028000000000000025,0.017,0.017,0.665,5129,0.9966666666666667,0.79,0.0,0.0,0.024,0.665,0.523,0.044
248,1,sun,63328,63584,256,0.1953125,0.5199999809265137,189,54,0.9947089947089947,0.8703703703703703,0.912621359223301,0.94,0.15900000000000003,0.027000000000000024,0.019,0.019,0.662,5236,0.9966666666666667,0.8033333333333333,0.0,0.0,0.027,0.662,0.51,0.046
249,1,sun,63584,63840,256,0.17578125,0.5199999809265137,187,53,1.0,0.8301886792452831,0.8862559241706162,0.9777777777777777,0.11199999999999999,0.027000000000000024,0.015,0.015,0.67,5290,1.0,0.82,0.0,0.0,0.026,0.67,0.519,0.039
250,1,sun,63840,64096,256,0.13671875,0.5199999809265137,206,40,1.0,0.825,0.9321266968325792,0.9428571428571428,0.11599999999999999,0.025000000000000022,0.018,0.017,0.683,5345,1.0,0.8166666666666667,0.0,0.0,0.024,0.683,0.528,0.041
251,1,sun,64096,64352,256,0.14453125,0.5199999809265137,192,50,0.9947916666666666,0.7,0.8721461187214612,0.9459459459459459,0.07399999999999995,0.027000000000000024,0.016,0.015,0.687,5392,0.9966666666666667,0.8033333333333333,0.0,0.0,0.027,0.687,0.525,0.04
252,1,sun,64352,64608,256,0.171875,0.5199999809265137,199,49,0.9899497487437185,0.8367346938775511,0.9292452830188679,0.9318181818181818,0.10699999999999998,0.026000000000000023,0.017,0.017,0.702,5440,0.9933333333333333,0.8066666666666666,0.0,0.0,0.023,0.702,0.533,0.047
253,1,sun,64608,64864,256,0.1875,0.5199999809265137,188,57,1.0,0.8245614035087719,0.9038461538461539,0.9791666666666666,0.10999999999999999,0.029000000000000026,0.017,0.017,0.707,5495,0.9966666666666667,0.8133333333333334,0.0,0.0,0.018,0.707,0.537,0.044
254,1,sun,64864,65120,256,0.19140625,0.5199999809265137,185,56,1.0,0.8392857142857143,0.893719806763285,0.9591836734693877,0.11699999999999999,0.029000000000000026,0.016,0.016,0.702,5547,1.0,0.81,0.0,0.0,0.018,0.702,0.542,0.042
255,1,sun,65120,65376,256,0.16796875,0.5199999809265137,197,51,1.0,0.8431372549019608,0.9248826291079812,1.0,0.10099999999999998,0.02100000000000002,0.013,0.013,0.677,5589,1.0,0.81,0.0,0.0,0.017,0.677,0.537,0.044
256,1,sun,65376,65632,256,0.1328125,0.5199999809265137,202,41,0.995049504950495,0.8048780487804879,0.9054054054054054,0.9705882352941176,0.11099999999999999,0.02300000000000002,0.014,0.014,0.688,5638,0.9966666666666667,0.81,0.0,0.0,0.016,0.688,0.546,0.039
257,1,sun,65632,65888,256,0.1484375,0.5199999809265137,189,49,1.0,0.7551020408163265,0.8669724770642202,0.9736842105263158,0.08099999999999996,0.018000000000000016,0.015,0.015,0.683,5660,0.9966666666666667,0.8166666666666667,0.0,0.0,0.016,0.683,0.546,0.041
258,1,sun,65888,66144,256,0.1796875,0.5199999809265137,185,55,0.9891891891891892,0.7818181818181819,0.8714285714285714,0.9347826086956522,0.10199999999999998,0.03600000000000003,0.014,0.014,0.678,5695,0.9933333333333333,0.8066666666666666,0.0,0.0,0.018,0.678,0.535,0.038
259,1,sun,66144,66400,256,0.125,0.5199999809265137,201,38,0.9950248756218906,0.7894736842105263,0.8928571428571429,0.9375,0.125,0.03200000000000003,0.017,0.017,0.683,5744,0.99,0.8033333333333333,0.0,0.0,0.013,0.683,0.565,0.044
260,1,sun,66400,66656,256,0.140625,0.5299999713897705,197,47,1.0,0.7659574468085106,0.8954545454545455,1.0,0.09499999999999997,0.031000000000000028,0.014,0.014,0.688,5777,0.9966666666666667,0.7933333333333333,0.0,0.0,0.013,0.688,0.567,0.045
261,1,sun,66656,66912,256,0.1640625,0.5299999713897705,186,56,1.0,0.75,0.8691588785046729,1.0,0.10699999999999998,0.03200000000000003,0.018,0.018,0.693,5805,1.0,0.7733333333333333,0.0,0.0,0.014,0.693,0.57,0.057
262,1,sun,66912,67168,256,0.17578125,0.5299999713897705,188,61,1.0,0.7213114754098361,0.8909952606635071,0.9777777777777777,0.12,0.03200000000000003,0.017,0.017,0.682,5855,1.0,0.7633333333333333,0.0,0.0,0.012,0.682,0.564,0.053
263,1,sun,67168,67424,256,0.1796875,0.5299999713897705,190,52,1.0,0.8461538461538461,0.9047619047619048,0.9565217391304348,0.11199999999999999,0.020000000000000018,0.014,0.014,0.669,5896,1.0,0.77,0.0,0.0,0.017,0.669,0.56,0.052
264,1,sun,67424,67680,256,0.12890625,0.5299999713897705,203,39,1.0,0.8205128205128205,0.9103139013452914,0.9696969696969697,0.11199999999999999,0.026000000000000023,0.017,0.017,0.668,5930,1.0,0.7733333333333333,0.0,0.0,0.016,0.668,0.563,0.056
265,1,sun,67680,67936,256,0.18359375,0.5299999713897705,185,59,1.0,0.7796610169491526,0.8851674641148325,0.9787234042553191,0.08599999999999997,0.025000000000000022,0.016,0.016,0.679,5951,1.0,0.78,0.0,0.0,0.018,0.679,0.561,0.055
266,1,sun,67936,68192,256,0.1640625,0.5299999713897705,193,51,1.0,0.7843137254901961,0.9018691588785047,0.9523809523809523,0.11599999999999999,0.028000000000000025,0.02,0.02,0.68,5987,1.0,0.78,0.0,0.0,0.018,0.68,0.541,0.055
267,1,sun,68192,68448,256,0.14453125,0.5299999713897705,193,50,1.0,0.72,0.8812785388127854,0.972972972972973,0.122,0.038000000000000034,0.018,0.018,0.676,6018,1.0,0.7733333333333333,0.0,0.0,0.018,0.676,0.544,0.05
268,1,sun,68448,68704,256,0.1484375,0.5299999713897705,194,47,1.0,0.7659574468085106,0.8899082568807339,0.9473684210526315,0.119,0.02400000000000002,0.018,0.018,0.682,6050,1.0,0.7833333333333333,0.0,0.0,0.021,0.682,0.537,0.05
269,1,sun,68704,68960,256,0.16796875,0.5299999713897705,192,50,0.9895833333333334,0.8,0.892018779342723,0.9302325581395349,0.131,0.030000000000000027,0.021,0.021,0.684,6095,0.9933333333333333,0.7766666666666666,0.0,0.0,0.014,0.684,0.541,0.051
270,1,sun,68960,69216,256,0.13671875,0.5299999713897705,204,40,1.0,0.875,0.9230769230769231,1.0,0.12,0.03300000000000003,0.02,0.02,0.69,6124,0.9966666666666667,0.7833333333333333,0.0,0.0,0.016,0.69,0.527,0.049
271,1,sun,69216,69472,256,0.19140625,0.5299999713897705,195,53,0.9948717948717949,0.9056603773584906,0.9371980676328503,0.9795918367346939,0.08699999999999997,0.030000000000000027,0.02,0.02,0.707,6133,0.9966666666666667,0.8066666666666666,0.0,0.0,0.019,0.707,0.545,0.051
272,1,sun,69472,69728,256,0.1484375,0.5299999713897705,201,47,0.9850746268656716,0.723404255319149,0.908256880733945,0.8947368421052632,0.11199999999999999,0.03400000000000003,0.02,0.02,0.724,6153,0.99,0.8033333333333333,0.0,0.0,0.019,0.724,0.561,0.04
273,1,sun,69728,69984,256,0.1875,0.5299999713897705,189,54,1.0,0.8703703703703703,0.9086538461538461,0.9791666666666666,0.10399999999999998,0.031000000000000028,0.018,0.018,0.722,6166,0.9933333333333333,0.82,0.0,0.0,0.021,0.722,0.573,0.04
274,1,sun,69984,70240,256,0.19921875,0.5299999713897705,190,56,0.9947368421052631,0.8928571428571429,0.9219512195121952,0.9803921568627451,0.09699999999999998,0.02400000000000002,0.018,0.018,0.719,6180,0.9966666666666667,0.8466666666666667,0.0,0.0,0.022,0.719,0.586,0.038
275,1,sun,70240,70496,256,0.1484375,0.5299999713897705,198,44,1.0,0.8636363636363636,0.908256880733945,1.0,0.11199999999999999,0.029000000000000026,0.016,0.016,0.731,6208,0.9966666666666667,0.86,0.0,0.0,0.019,0.731,0.609,0.041
276,1,sun,70496,70752,256,0.1875,0.5299999713897705,185,56,0.9945945945945946,0.8392857142857143,0.8846153846153846,0.9791666666666666,0.09799999999999998,0.029000000000000026,0.016,0.016,0.733,6231,0.9966666666666667,0.8466666666666667,0.0,0.0,0.022,0.733,0.606,0.039
277,1,sun,70752,71008,256,0.1796875,0.5299999713897705,187,52,1.0,0.8846153846153846,0.8904761904761904,1.0,0.10199999999999998,0.030000000000000027,0.016,0.016,0.701,6256,0.9966666666666667,0.85,0.0,0.0,0.02,0.701,0.583,0.041
278,1,sun,71008,71264,256,0.16015625,0.5299999713897705,199,48,1.0,0.8541666666666666,0.9255813953488372,1.0,0.11299999999999999,0.03500000000000003,0.016,0.016,0.705,6273,1.0,0.8633333333333333,0.0,0.0,0.02,0.705,0.575,0.041
279,1,sun,71264,71520,256,0.1484375,0.5299999713897705,207,41,0.9951690821256038,0.8536585365853658,0.944954128440367,0.9210526315789473,0.11599999999999999,0.031000000000000028,0.016,0.016,0.713,6296,0.9966666666666667,0.8633333333333333,0.0,0.0,0.014,0.713,0.572,0.042
280,1,sun,71520,71776,256,0.19921875,0.5299999713897705,182,61,0.9945054945054945,0.8032786885245902,0.8829268292682927,0.9607843137254902,0.08799999999999997,0.03300000000000003,0.015,0.015,0.723,6307,0.9933333333333333,0.8466666666666667,0.0,0.0,0.013,0.723,0.566,0.042
281,1,sun,71776,72032,256,0.203125,0.5299999713897705,188,59,0.9946808510638298,0.8305084745762712,0.9166666666666666,0.9423076923076923,0.11599999999999999,0.03400000000000003,0.013,0.013,0.714,6333,0.9933333333333333,0.8366666666666667,0.0,0.0,0.015,0.714,0.547,0.044
282,1,sun,72032,72288,256,0.12890625,0.5299999713897705,207,37,1.0,0.8918918918918919,0.9282511210762332,1.0,0.123,0.03600000000000003,0.014,0.014,0.706,6369,0.9966666666666667,0.8466666666666667,0.0,0.0,0.015,0.706,0.541,0.048
283,1,sun,72288,72544,256,0.12890625,0.5299999713897705,200,41,0.99,0.7560975609756098,0.8878923766816144,0.9393939393939394,0.08299999999999996,0.029000000000000026,0.014,0.014,0.723,6380,0.9933333333333333,0.8333333333333334,0.0,0.0,0.012,0.723,0.547,0.048
284,1,sun,72544,72800,256,0.16796875,0.5299999713897705,195,50,0.9948717948717949,0.84,0.9107981220657277,0.9767441860465116,0.10699999999999998,0.03200000000000003,0.015,0.015,0.719,6396,0.9933333333333333,0.8233333333333334,0.0,0.0,0.018,0.719,0.546,0.049
285,1,sun,72800,73056,256,0.16015625,0.5299999713897705,189,53,1.0,0.7735849056603774,0.8790697674418605,1.0,0.10399999999999998,0.03300000000000003,0.014,0.014,0.717,6414,0.9966666666666667,0.8166666666666667,0.0,0.0,0.017,0.717,0.546,0.044
286,1,sun,73056,73312,256,0.11328125,0.5299999713897705,199,39,1.0,0.717948717948718,0.8766519823788547,0.9655172413793104,0.11099999999999999,0.030000000000000027,0.015,0.015,0.697,6429,1.0,0.8,0.0,0.0,0.021,0.697,0.515,0.044
287,1,sun,73312,73568,256,0.13671875,0.5299999713897705,199,39,0.9949748743718593,0.8717948717948718,0.8959276018099548,0.9714285714285714,0.07899999999999996,0.03300000000000003,0.013,0.013,0.701,6446,0.9966666666666667,0.8133333333333334,0.0,0.0,0.015,0.701,0.512,0.043
288,1,sun,73568,73824,256,0.1953125,0.5299999713897705,184,59,0.9891304347826086,0.8135593220338984,0.883495145631068,0.96,0.09199999999999997,0.02300000000000002,0.013,0.013,0.714,6453,0.9933333333333333,0.8,0.0,0.0,0.012,0.714,0.524,0.043
289,1,sun,73824,74080,256,0.17578125,0.5299999713897705,189,54,0.9947089947089947,0.8148148148148148,0.8909952606635071,0.9777777777777777,0.126,0.020000000000000018,0.015,0.015,0.684,6486,0.9933333333333333,0.8,0.0,0.0,0.012,0.684,0.512,0.038
290,1,sun,74080,74336,256,0.1953125,0.5299999713897705,181,62,0.994475138121547,0.7903225806451613,0.8737864077669902,0.98,0.122,0.029000000000000026,0.013,0.013,0.679,6508,0.9933333333333333,0.8,0.0,0.0,0.009,0.679,0.506,0.03
291,1,sun,74336,74592,256,0.14453125,0.5299999713897705,198,47,1.0,0.7446808510638298,0.9041095890410958,0.9459459459459459,0.126,0.026000000000000023,0.013,0.013,0.673,6540,1.0,0.7933333333333333,0.0,0.0,0.012,0.673,0.517,0.04
292,1,sun,74592,74848,256,0.1796875,0.5299999713897705,189,53,0.9894179894179894,0.8113207547169812,0.8904761904761904,0.9347826086956522,0.10899999999999999,0.03300000000000003,0.015,0.015,0.677,6561,0.9933333333333333,0.8066666666666666,0.0,0.0,0.014,0.677,0.528,0.047
293,1,sun,74848,75104,256,0.14453125,0.5399999618530273,200,43,1.0,0.8604651162790697,0.91324200913242,1.0,0.11399999999999999,0.025000000000000022,0.018,0.018,0.695,6584,1.0,0.7933333333333333,0.0,0.0,0.015,0.695,0.529,0.046
294,1,sun,75104,75360,256,0.1328125,0.5399999618530273,196,43,1.0,0.7674418604651163,0.8828828828828829,0.9705882352941176,0.09199999999999997,0.029000000000000026,0.018,0.018,0.684,6603,1.0,0.7966666666666666,0.0,0.0,0.017,0.684,0.526,0.044
295,1,sun,75360,75616,256,0.15625,0.5399999618530273,191,53,0.9895287958115183,0.7169811320754716,0.875,0.95,0.10399999999999998,0.02400000000000002,0.02,0.02,0.694,6619,0.9933333333333333,0.7833333333333333,0.0,0.0,0.019,0.694,0.54,0.048
296,1,sun,75616,75872,256,0.1796875,0.5399999618530273,182,52,1.0,0.8653846153846154,0.8666666666666667,0.9782608695652174,0.10999999999999999,0.030000000000000027,0.019,0.019,0.695,6642,0.9933333333333333,0.79,0.0,0.0,0.017,0.695,0.532,0.049
297,1,sun,75872,76128,256,0.19140625,0.5399999618530273,191,49,0.9895287958115183,0.8979591836734694,0.9130434782608695,0.8979591836734694,0.123,0.029000000000000026,0.019,0.019,0.693,6667,0.9933333333333333,0.8166666666666667,0.0,0.0,0.018,0.693,0.543,0.046
298,1,sun,76128,76384,256,0.23046875,0.5399999618530273,183,68,0.994535519125683,0.8235294117647058,0.9238578680203046,0.9491525423728814,0.10899999999999999,0.02400000000000002,0.018,0.018,0.701,6678,0.9966666666666667,0.8166666666666667,0.0,0.0,0.014,0.701,0.541,0.04
299,1,sun,76384,76640,256,0.1796875,0.5399999618530273,189,58,1.0,0.7758620689655172,0.9,0.9782608695652174,0.135,0.03200000000000003,0.023,0.023,0.697,6702,0.9966666666666667,0.82,0.0,0.0,0.014,0.697,0.565,0.048
300,1,sun,76640,76896,256,0.17578125,0.5399999618530273,190,50,0.9947368421052631,0.84,0.8957345971563981,0.9333333333333333,0.138,0.03200000000000003,0.019,0.019,0.698,6733,0.9966666666666667,0.8366666666666667,0.0,0.0,0.017,0.698,0.548,0.046
301,1,sun,76896,77152,256,0.1328125,0.5399999618530273,197,45,0.9898477157360406,0.6888888888888889,0.8783783783783784,0.9117647058823529,0.10599999999999998,0.030000000000000027,0.02,0.02,0.689,6758,0.99,0.8133333333333334,0.0,0.0,0.02,0.689,0.556,0.046
302,1,sun,77152,77408,256,0.125,0.5399999618530273,201,41,1.0,0.7804878048780488,0.8973214285714286,1.0,0.08799999999999997,0.03300000000000003,0.019,0.019,0.691,6774,1.0,0.8,0.0,0.0,0.016,0.691,0.561,0.048
303,1,sun,77408,77664,256,0.2265625,0.5399999618530273,175,65,1.0,0.8923076923076924,0.8838383838383839,1.0,0.08999999999999997,0.028000000000000025,0.016,0.016,0.696,6781,1.0,0.8033333333333333,0.0,0.0,0.016,0.696,0.56,0.046
304,1,sun,77664,77920,256,0.15625,0.5399999618530273,190,49,1.0,0.7959183673469388,0.8796296296296297,0.975,0.132,0.03200000000000003,0.014,0.014,0.68,6799,1.0,0.8,0.0,0.0,0.019,0.68,0.567,0.044
305,1,sun,77920,78176,256,0.19140625,0.5399999618530273,181,59,0.994475138121547,0.8135593220338984,0.8695652173913043,0.9795918367346939,0.10099999999999998,0.02200000000000002,0.014,0.014,0.665,6824,0.9966666666666667,0.8066666666666666,0.0,0.0,0.02,0.665,0.566,0.047
306,1,sun,78176,78432,256,0.19921875,0.5399999618530273,184,59,1.0,0.8135593220338984,0.8975609756097561,0.9411764705882353,0.135,0.027000000000000024,0.013,0.013,0.678,6841,0.9966666666666667,0.8133333333333334,0.0,0.0,0.014,0.678,0.569,0.044
307,1,sun,78432,78688,256,0.171875,0.5399999618530273,191,53,0.9947643979057592,0.7924528301886793,0.8962264150943396,0.9545454545454546,0.11399999999999999,0.027000000000000024,0.015,0.015,0.681,6857,0.9966666666666667,0.82,0.0,0.0,0.016,0.681,0.556,0.045
308,1,sun,78688,78944,256,0.15234375,0.5399999618530273,196,49,0.9948979591836735,0.7755102040816326,0.8986175115207373,0.9743589743589743,0.11599999999999999,0.027000000000000024,0.015,0.015,0.68,6871,0.9966666666666667,0.8133333333333334,0.0,0.0,0.017,0.68,0.54,0.039
309,1,sun,78944,79200,256,0.14453125,0.5399999618530273,204,43,0.9901960784313726,0.813953488372093,0.9223744292237442,0.9459459459459459,0.121,0.03300000000000003,0.014,0.014,0.682,6886,0.99,0.8033333333333333,0.0,0.0,0.013,0.682,0.535,0.036
310,1,sun,79200,79456,256,0.17578125,0.5399999618530273,191,51,1.0,0.8823529411764706,0.9052132701421801,1.0,0.11699999999999999,0.031000000000000028,0.016,0.016,0.678,6904,1.0,0.8133333333333334,0.0,0.0,0.01,0.678,0.534,0.036
311,1,sun,79456,79712,256,0.16015625,0.5399999618530273,199,52,1.0,0.7884615384615384,0.9255813953488372,1.0,0.125,0.026000000000000023,0.013,0.013,0.692,6916,1.0,0.81,0.0,0.0,0.014,0.692,0.538,0.039
312,1,sun,79712,79968,256,0.16796875,0.5399999618530273,193,53,1.0,0.8113207547169812,0.9061032863849765,1.0,0.09499999999999997,0.03500000000000003,0.013,0.013,0.682,6932,1.0,0.81,0.0,0.0,0.011,0.682,0.528,0.039
313,1,sun,79968,80224,256,0.203125,0.5399999618530273,176,60,0.9943181818181818,0.8166666666666667,0.8578431372549019,0.9423076923076923,0.11099999999999999,0.02300000000000002,0.012,0.012,0.674,6950,0.9966666666666667,0.8166666666666667,0.0,0.0,0.008,0.674,0.511,0.04
314,1,sun,80224,80480,256,0.1171875,0.5399999618530273,202,41,0.9900990099009901,0.6585365853658537,0.8849557522123894,0.9,0.14500000000000002,0.03300000000000003,0.009,0.009,0.675,6970,0.9933333333333333,0.8,0.0,0.0,0.007,0.675,0.538,0.04
315,1,sun,80480,80736,256,0.15234375,0.5399999618530273,200,47,0.99,0.7872340425531915,0.9124423963133641,0.9487179487179487,0.08399999999999996,0.027000000000000024,0.01,0.01,0.659,6983,0.99,0.7966666666666666,0.0,0.0,0.006,0.659,0.538,0.043
316,1,sun,80736,80992,256,0.1875,0.5399999618530273,179,55,1.0,0.8545454545454545,0.8605769230769231,0.9791666666666666,0.09099999999999997,0.025000000000000022,0.013,0.013,0.655,7004,0.9933333333333333,0.7966666666666666,0.0,0.0,0.008,0.655,0.543,0.048
317,1,sun,80992,81248,256,0.18359375,0.5399999618530273,190,53,0.9947368421052631,0.8679245283018868,0.9043062200956937,0.9787234042553191,0.121,0.038000000000000034,0.01,0.01,0.679,7018,0.9966666666666667,0.8066666666666666,0.0,0.0,0.007,0.679,0.548,0.04
318,1,sun,81248,81504,256,0.16796875,0.5399999618530273,183,57,1.0,0.7543859649122807,0.8591549295774648,1.0,0.10799999999999998,0.03400000000000003,0.009,0.009,0.683,7029,0.9966666666666667,0.7933333333333333,0.0,0.0,0.008,0.683,0.569,0.035
319,1,sun,81504,81760,256,0.12890625,0.5399999618530273,194,46,0.9948453608247423,0.6956521739130435,0.8654708520179372,0.9696969696969697,0.13,0.031000000000000028,0.009,0.009,0.68,7051,0.9966666666666667,0.7766666666666666,0.0,0.0,0.007,0.68,0.566,0.036
320,1,sun,81760,82016,256,0.15625,0.5399999618530273,192,47,1.0,0.851063829787234,0.8888888888888888,1.0,0.08699999999999997,0.02100000000000002,0.01,0.01,0.669,7063,0.9966666666666667,0.8066666666666666,0.0,0.0,0.01,0.669,0.555,0.038
321,1,sun,82016,82272,256,0.13671875,0.5399999618530273,198,49,1.0,0.6938775510204082,0.8959276018099548,0.9714285714285714,0.09899999999999998,0.028000000000000025,0.011,0.011,0.677,7071,1.0,0.7833333333333333,0.0,0.0,0.012,0.677,0.547,0.042
322,1,sun,82272,82528,256,0.16015625,0.5399999618530273,196,49,0.9897959183673469,0.7959183673469388,0.9023255813953488,0.9512195121951219,0.10099999999999998,0.02400000000000002,0.012,0.012,0.682,7086,0.9933333333333333,0.7766666666666666,0.0,0.0,0.01,0.682,0.554,0.046
323,1,sun,82528,82784,256,0.17578125,0.5399999618530273,193,56,0.9896373056994818,0.7678571428571429,0.9052132701421801,0.9555555555555556,0.09799999999999998,0.025000000000000022,0.012,0.012,0.68,7093,0.9866666666666667,0.76,0.0,0.0,0.014,0.68,0.542,0.048
324,1,sun,82784,83040,256,0.17578125,0.5399999618530273,195,50,1.0,0.86,0.9241706161137441,0.9555555555555556,0.118,0.027000000000000024,0.013,0.013,0.691,7107,1.0,0.78,0.0,0.0,0.013,0.691,0.533,0.049
325,1,sun,83040,83296,256,0.13671875,0.5399999618530273,190,48,0.9947368421052631,0.7083333333333334,0.8552036199095022,0.9714285714285714,0.11299999999999999,0.03700000000000003,0.017,0.017,0.707,7117,0.9966666666666667,0.78,0.0,0.0,0.025,0.707,0.534,0.049
326,1,sun,83296,83552,256,0.1484375,0.5399999618530273,197,44,1.0,0.8181818181818182,0.9036697247706422,0.9473684210526315,0.10499999999999998,0.02300000000000002,0.017,0.017,0.702,7137,1.0,0.7766666666666666,0.0,0.0,0.026,0.702,0.533,0.046
327,1,sun,83552,83808,256,0.16015625,0.5399999618530273,200,48,1.0,0.8541666666666666,0.9302325581395349,1.0,0.09499999999999997,0.03200000000000003,0.016,0.016,0.694,7149,1.0,0.7966666666666666,0.0,0.0,0.026,0.694,0.531,0.05
328,1,sun,83808,84064,256,0.16796875,0.5399999618530273,194,52,1.0,0.8076923076923077,0.9107981220657277,0.9767441860465116,0.10099999999999998,0.02400000000000002,0.018,0.018,0.699,7164,1.0,0.8033333333333333,0.0,0.0,0.028,0.699,0.54,0.049
329,1,sun,84064,84320,256,0.140625,0.5399999618530273,198,49,1.0,0.7346938775510204,0.9,1.0,0.09899999999999998,0.029000000000000026,0.018,0.018,0.694,7170,1.0,0.8033333333333333,0.0,0.0,0.032,0.694,0.527,0.049
330,1,sun,84320,84576,256,0.15234375,0.5399999618530273,193,51,0.9948186528497409,0.7450980392156863,0.8847926267281107,0.9743589743589743,0.09899999999999998,0.027000000000000024,0.017,0.017,0.685,7184,0.9966666666666667,0.7766666666666666,0.0,0.0,0.03,0.685,0.523,0.051
331,1,sun,84576,84832,256,0.1875,0.5399999618530273,185,57,0.9945945945945946,0.7894736842105263,0.8846153846153846,0.9375,0.11099999999999999,0.027000000000000024,0.016,0.016,0.677,7195,0.9933333333333333,0.7933333333333333,0.0,0.0,0.024,0.677,0.51,0.054
332,1,sun,84832,85088,256,0.1484375,0.5399999618530273,193,49,0.9948186528497409,0.7551020408163265,0.8807339449541285,0.9736842105263158,0.125,0.030000000000000027,0.016,0.016,0.69,7217,0.9966666666666667,0.7833333333333333,0.0,0.0,0.026,0.69,0.533,0.056
333,1,sun,85088,85344,256,0.1796875,0.5399999618530273,184,56,0.9945652173913043,0.7857142857142857,0.8714285714285714,0.9565217391304348,0.11699999999999999,0.027000000000000024,0.017,0.017,0.674,7235,0.9966666666666667,0.7666666666666667,0.0,0.0,0.024,0.674,0.525,0.052
334,1,sun,85344,85600,256,0.19921875,0.5399999618530273,177,59,1.0,0.847457627118644,0.8634146341463415,0.9803921568627451,0.11299999999999999,0.027000000000000024,0.014,0.014,0.663,7239,0.9966666666666667,0.7833333333333333,0.0,0.0,0.023,0.663,0.502,0.051
335,1,sun,85600,85856,256,0.1484375,0.5399999618530273,193,51,1.0,0.7058823529411765,0.8853211009174312,0.9473684210526315,0.121,0.03300000000000003,0.014,0.014,0.648,7260,1.0,0.7766666666666666,0.0,0.0,0.02,0.648,0.508,0.052
336,1,sun,85856,86112,256,0.15234375,0.5399999618530273,191,58,1.0,0.6551724137931034,0.880184331797235,0.9743589743589743,0.11099999999999999,0.02400000000000002,0.014,0.014,0.65,7269,1.0,0.7566666666666667,0.0,0.0,0.019,0.65,0.525,0.043
337,1,sun,86112,86368,256,0.16796875,0.5399999618530273,185,53,0.9945945945945946,0.7924528301886793,0.863849765258216,0.9767441860465116,0.10999999999999999,0.031000000000000028,0.014,0.014,0.664,7275,0.9966666666666667,0.7533333333333333,0.0,0.0,0.016,0.664,0.54,0.044
338,1,sun,86368,86624,256,0.14453125,0.5399999618530273,190,48,1.0,0.75,0.867579908675799,0.972972972972973,0.11599999999999999,0.02300000000000002,0.014,0.014,0.663,7292,1.0,0.7566666666666667,0.0,0.0,0.01,0.663,0.524,0.042
339,1,sun,86624,86880,256,0.1640625,0.5399999618530273,187,53,1.0,0.7547169811320755,0.8738317757009346,0.9523809523809523,0.12,0.025000000000000022,0.015,0.015,0.676,7301,1.0,0.75,0.0,0.0,0.008,0.676,0.539,0.042
340,1,sun,86880,87136,256,0.1640625,0.5399999618530273,192,48,1.0,0.8541666666666666,0.897196261682243,0.9761904761904762,0.10699999999999998,0.02300000000000002,0.014,0.014,0.681,7313,1.0,0.7566666666666667,0.0,0.0,0.012,0.681,0.534,0.043
341,1,sun,87136,87392,256,0.17578125,0.5399999618530273,181,58,1.0,0.7758620689655172,0.8578199052132701,1.0,0.10499999999999998,0.029000000000000026,0.014,0.014,0.698,7320,1.0,0.77,0.0,0.0,0.013,0.698,0.546,0.039
342,1,sun,87392,87648,256,0.1328125,0.5399999618530273,195,43,1.0,0.7441860465116279,0.8783783783783784,0.9411764705882353,0.124,0.03200000000000003,0.015,0.014,0.688,7336,1.0,0.7766666666666666,0.0,0.0,0.008,0.688,0.544,0.044
343,1,sun,87648,87904,256,0.203125,0.5399999618530273,179,67,1.0,0.7611940298507462,0.8774509803921569,0.9807692307692307,0.09699999999999998,0.029000000000000026,0.017,0.017,0.696,7346,1.0,0.7766666666666666,0.0,0.0,0.01,0.696,0.539,0.048
344,1,sun,87904,88160,256,0.2109375,0.5399999618530273,181,58,1.0,0.896551724137931,0.8960396039603961,0.9629629629629629,0.129,0.028000000000000025,0.017,0.017,0.716,7364,1.0,0.7966666666666666,0.0,0.0,0.015,0.716,0.562,0.052
345,1,sun,88160,88416,256,0.16015625,0.5399999618530273,186,49,1.0,0.8163265306122449,0.8651162790697674,0.975609756097561,0.121,0.030000000000000027,0.017,0.017,0.703,7384,1.0,0.8033333333333333,0.0,0.0,0.021,0.703,0.571,0.05
346,1,sun,88416,88672,256,0.21484375,0.5399999618530273,181,64,1.0,0.859375,0.900497512437811,1.0,0.11299999999999999,0.030000000000000027,0.018,0.018,0.708,7395,1.0,0.8166666666666667,0.0,0.0,0.017,0.708,0.571,0.05
347,1,sun,88672,88928,256,0.20703125,0.5399999618530273,184,64,1.0,0.796875,0.9064039408866995,0.9622641509433962,0.135,0.029000000000000026,0.016,0.016,0.711,7405,1.0,0.8266666666666667,0.0,0.0,0.02,0.711,0.565,0.047
348,1,sun,88928,89184,256,0.14453125,0.5399999618530273,193,45,0.9948186528497409,0.7555555555555555,0.8767123287671232,0.918918918918919,0.132,0.031000000000000028,0.014,0.014,0.686,7421,0.9966666666666667,0.8233333333333334,0.0,0.0,0.021,0.686,0.549,0.041
349,1,sun,89184,89440,256,0.19140625,0.5399999618530273,184,61,0.9945652173913043,0.7704918032786885,0.8840579710144928,0.9591836734693877,0.10399999999999998,0.03200000000000003,0.013,0.013,0.684,7433,0.9933333333333333,0.8066666666666666,0.0,0.0,0.02,0.684,0.552,0.04
350,1,sun,89440,89696,256,0.19921875,0.5399999618530273,177,63,0.9943502824858758,0.7936507936507936,0.8585365853658536,0.9803921568627451,0.126,0.027000000000000024,0.011,0.011,0.678,7440,0.9933333333333333,0.8,0.0,0.0,0.018,0.678,0.556,0.036
351,1,sun,89696,89952,256,0.171875,0.5399999618530273,185,56,1.0,0.7678571428571429,0.8726415094339622,0.9772727272727273,0.14100000000000001,0.025000000000000022,0.014,0.013,0.685,7454,0.9966666666666667,0.7833333333333333,0.0,0.0,0.02,0.685,0.542,0.039
352,1,sun,89952,90208,256,0.17578125,0.5399999618530273,186,57,0.9946236559139785,0.7719298245614035,0.8767772511848341,0.9777777777777777,0.11399999999999999,0.029000000000000026,0.014,0.013,0.68,7465,0.9966666666666667,0.7766666666666666,0.0,0.0,0.019,0.68,0.556,0.037
353,1,sun,90208,90464,256,0.1796875,0.5399999618530273,191,58,1.0,0.7931034482758621,0.9095238095238095,1.0,0.118,0.029000000000000026,0.016,0.015,0.681,7473,0.9966666666666667,0.78,0.0,0.0,0.018,0.681,0.552,0.038
354,1,sun,90464,90720,256,0.1484375,0.5399999618530273,187,53,1.0,0.7169811320754716,0.8577981651376146,1.0,0.14300000000000002,0.027000000000000024,0.013,0.012,0.673,7497,1.0,0.7666666666666667,0.0,0.0,0.015,0.673,0.541,0.033
355,1,sun,90720,90976,256,0.13671875,0.5399999618530273,197,47,0.9949238578680203,0.723404255319149,0.8868778280542986,0.9714285714285714,0.09599999999999997,0.031000000000000028,0.012,0.011,0.672,7510,0.9966666666666667,0.7533333333333333,0.0,0.0,0.015,0.672,0.534,0.033
356,1,sun,90976,91232,256,0.14453125,0.5399999618530273,195,48,1.0,0.7708333333333334,0.8904109589041096,1.0,0.09999999999999998,0.028000000000000025,0.014,0.013,0.683,7522,1.0,0.7533333333333333,0.0,0.0,0.018,0.683,0.531,0.035
357,1,sun,91232,91488,256,0.17578125,0.5399999618530273,189,54,1.0,0.7962962962962963,0.8957345971563981,0.9555555555555556,0.11099999999999999,0.027000000000000024,0.014,0.013,0.677,7526,1.0,0.7633333333333333,0.0,0.0,0.017,0.677,0.521,0.039
358,1,sun,91488,91744,256,0.13671875,0.5399999618530273,186,56,1.0,0.6071428571428571,0.8416289592760181,0.9714285714285714,0.10499999999999998,0.02400000000000002,0.013,0.013,0.68,7533,1.0,0.73,0.0,0.0,0.013,0.68,0.513,0.044
359,1,sun,91744,92000,256,0.15625,0.5399999618530273,194,46,1.0,0.8043478260869565,0.8981481481481481,0.925,0.118,0.03300000000000003,0.013,0.013,0.669,7554,1.0,0.7333333333333333,0.0,0.0,0.013,0.669,0.506,0.042
360,1,sun,92000,92256,256,0.13671875,0.5399999618530273,187,58,1.0,0.603448275862069,0.8461538461538461,1.0,0.11199999999999999,0.027000000000000024,0.013,0.013,0.692,7560,1.0,0.7066666666666667,0.0,0.0,0.016,0.692,0.532,0.047
361,1,sun,92256,92512,256,0.12109375,0.5399999618530273,203,42,1.0,0.7380952380952381,0.9022222222222223,1.0,0.128,0.03200000000000003,0.015,0.015,0.68,7581,1.0,0.71,0.0,0.0,0.01,0.68,0.52,0.048
362,1,sun,92512,92768,256,0.14453125,0.5399999618530273,194,49,1.0,0.7346938775510204,0.8858447488584474,0.972972972972973,0.121,0.028000000000000025,0.016,0.016,0.673,7602,1.0,0.7066666666666667,0.0,0.0,0.014,0.673,0.518,0.051
363,1,sun,92768,93024,256,0.140625,0.5399999618530273,189,52,0.9947089947089947,0.6730769230769231,0.8545454545454545,0.9722222222222222,0.11299999999999999,0.03500000000000003,0.014,0.014,0.669,7620,0.9966666666666667,0.6866666666666666,0.0,0.0,0.01,0.669,0.517,0.048
364,1,sun,93024,93280,256,0.15625,0.5399999618530273,182,59,0.9945054945054945,0.6440677966101694,0.8379629629629629,0.95,0.09899999999999998,0.02300000000000002,0.014,0.014,0.669,7633,0.9966666666666667,0.6866666666666666,0.0,0.0,0.012,0.669,0.534,0.046
365,1,sun,93280,93536,256,0.14453125,0.5399999618530273,191,46,0.9947643979057592,0.782608695652174,0.867579908675799,0.972972972972973,0.14,0.028000000000000025,0.017,0.017,0.693,7649,0.9966666666666667,0.69,0.0,0.0,0.016,0.693,0.554,0.053
366,1,sun,93536,93792,256,0.12109375,0.5399999618530273,194,45,1.0,0.6888888888888889,0.8622222222222222,1.0,0.10999999999999999,0.029000000000000026,0.018,0.018,0.676,7658,1.0,0.7066666666666667,0.0,0.0,0.018,0.676,0.534,0.049
367,1,sun,93792,94048,256,0.17578125,0.5399999618530273,193,53,1.0,0.8113207547169812,0.9146919431279621,0.9555555555555556,0.08899999999999997,0.02400000000000002,0.016,0.016,0.688,7665,1.0,0.72,0.0,0.0,0.019,0.688,0.543,0.048
368,1,sun,94048,94304,256,0.15625,0.5399999618530273,194,48,1.0,0.8125,0.8981481481481481,0.975,0.10499999999999998,0.031000000000000028,0.018,0.018,0.687,7676,1.0,0.73,0.0,0.0,0.02,0.687,0.547,0.048
369,1,sun,94304,94560,256,0.21484375,0.5399999618530273,176,69,0.9943181818181818,0.7681159420289855,0.8706467661691543,0.9636363636363636,0.09899999999999998,0.029000000000000026,0.016,0.016,0.689,7684,0.9966666666666667,0.7566666666666667,0.0,0.0,0.021,0.689,0.536,0.049
370,1,sun,94560,94816,256,0.18359375,0.5399999618530273,188,57,0.9893617021276596,0.7894736842105263,0.8899521531100478,0.9574468085106383,0.14500000000000002,0.041000000000000036,0.02,0.02,0.686,7699,0.99,0.7666666666666667,0.0,0.0,0.015,0.686,0.543,0.046
371,1,sun,94816,95072,256,0.14453125,0.5399999618530273,189,51,1.0,0.7254901960784313,0.863013698630137,1.0,0.11399999999999999,0.03400000000000003,0.014,0.014,0.694,7716,0.9933333333333333,0.7733333333333333,0.0,0.0,0.017,0.694,0.543,0.042
372,1,sun,95072,95328,256,0.16015625,0.5399999618530273,192,50,0.9947916666666666,0.8,0.8883720930232558,0.975609756097561,0.10899999999999999,0.028000000000000025,0.015,0.015,0.697,7731,0.9966666666666667,0.7833333333333333,0.0,0.0,0.017,0.697,0.538,0.048
373,1,sun,95328,95584,256,0.16796875,0.5399999618530273,185,51,1.0,0.8235294117647058,0.8685446009389671,0.9767441860465116,0.118,0.03400000000000003,0.018,0.018,0.691,7757,1.0,0.7833333333333333,0.0,0.0,0.014,0.691,0.528,0.049
374,1,sun,95584,95840,256,0.140625,0.5399999618530273,191,51,1.0,0.7058823529411765,0.8681818181818182,1.0,0.131,0.028000000000000025,0.017,0.017,0.692,7769,1.0,0.77,0.0,0.0,0.02,0.692,0.517,0.046
375,1,sun,95840,96096,256,0.16796875,0.5399999618530273,191,55,0.9947643979057592,0.7454545454545455,0.892018779342723,0.9534883720930233,0.10999999999999999,0.03400000000000003,0.015,0.015,0.672,7779,0.9966666666666667,0.76,0.0,0.0,0.023,0.672,0.506,0.043
376,1,sun,96096,96352,256,0.109375,0.5399999618530273,207,41,0.9951690821256038,0.6585365853658537,0.9035087719298246,0.9642857142857143,0.139,0.038000000000000034,0.017,0.017,0.69,7795,0.9966666666666667,0.7466666666666667,0.0,0.0,0.021,0.69,0.523,0.04
377,1,sun,96352,96608,256,0.2109375,0.5399999618530273,178,65,1.0,0.8153846153846154,0.8811881188118812,0.9814814814814815,0.10599999999999998,0.025000000000000022,0.015,0.015,0.681,7804,0.9966666666666667,0.7633333333333333,0.0,0.0,0.022,0.681,0.512,0.038
378,1,sun,96608,96864,256,0.1875,0.5399999618530273,194,52,0.9896907216494846,0.8653846153846154,0.9230769230769231,0.9375,0.14300000000000002,0.03500000000000003,0.015,0.015,0.7,7816,0.9933333333333333,0.7733333333333333,0.0,0.0,0.02,0.7,0.546,0.033
379,1,sun,96864,97120,256,0.17578125,0.5399999618530273,184,56,1.0,0.7857142857142857,0.8720379146919431,0.9777777777777777,0.11099999999999999,0.03400000000000003,0.016,0.016,0.691,7827,1.0,0.7733333333333333,0.0,0.0,0.02,0.691,0.565,0.037
380,1,sun,97120,97376,256,0.1640625,0.5399999618530273,196,49,1.0,0.8571428571428571,0.9158878504672897,1.0,0.133,0.030000000000000027,0.015,0.015,0.68,7844,1.0,0.8,0.0,0.0,0.011,0.68,0.576,0.038
381,1,sun,97376,97632,256,0.1953125,0.5399999618530273,183,61,0.994535519125683,0.7868852459016393,0.883495145631068,0.96,0.10399999999999998,0.02300000000000002,0.015,0.015,0.677,7858,0.9966666666666667,0.81,0.0,0.0,0.009,0.677,0.563,0.039
382,1,sun,97632,97888,256,0.1640625,0.5399999618530273,193,49,0.9948186528497409,0.7959183673469388,0.897196261682243,0.9285714285714286,0.137,0.019000000000000017,0.013,0.013,0.666,7869,0.9933333333333333,0.8166666666666667,0.0,0.0,0.012,0.666,0.562,0.037
383,1,sun,97888,98144,256,0.171875,0.5399999618530273,192,55,0.9947916666666666,0.7636363636363637,0.9009433962264151,0.9545454545454546,0.10099999999999998,0.025000000000000022,0.011,0.011,0.656,7878,0.9933333333333333,0.8033333333333333,0.0,0.0,0.012,0.656,0.546,0.037
384,1,sun,98144,98400,256,0.16796875,0.5399999618530273,189,50,0.9894179894179894,0.8,0.8779342723004695,0.9302325581395349,0.10499999999999998,0.02300000000000002,0.012,0.012,0.664,7883,0.99,0.8033333333333333,0.0,0.0,0.015,0.664,0.546,0.043
385,1,sun,98400,98656,256,0.1484375,0.5399999618530273,189,49,1.0,0.7346938775510204,0.8669724770642202,0.9473684210526315,0.09799999999999998,0.027000000000000024,0.014,0.014,0.658,7889,0.9933333333333333,0.79,0.0,0.0,0.019,0.658,0.525,0.043
386,1,sun,98656,98912,256,0.19921875,0.5399999618530273,193,54,1.0,0.8888888888888888,0.9414634146341463,0.9411764705882353,0.10599999999999998,0.029000000000000026,0.014,0.014,0.647,7901,1.0,0.7966666666666666,0.0,0.0,0.022,0.647,0.518,0.048
387,1,sun,98912,99168,256,0.1796875,0.5399999618530273,176,58,0.9943181818181818,0.7586206896551724,0.8333333333333334,0.9565217391304348,0.11599999999999999,0.02400000000000002,0.014,0.014,0.664,7903,0.9966666666666667,0.79,0.0,0.0,0.018,0.664,0.526,0.045
388,1,sun,99168,99424,256,0.140625,0.5399999618530273,201,46,1.0,0.782608695652174,0.9136363636363637,1.0,0.133,0.031000000000000028,0.014,0.014,0.663,7915,0.9966666666666667,0.79,0.0,0.0,0.017,0.663,0.53,0.045
389,1,sun,99424,99680,256,0.13671875,0.5399999618530273,195,48,0.9948717948717949,0.7083333333333334,0.8778280542986425,0.9714285714285714,0.10699999999999998,0.025000000000000022,0.016,0.016,0.657,7926,0.9966666666666667,0.7866666666666666,0.0,0.0,0.019,0.657,0.533,0.05
390,1,sun,99680,99936,256,0.16015625,0.5399999618530273,189,53,1.0,0.7547169811320755,0.8790697674418605,0.975609756097561,0.11299999999999999,0.03500000000000003,0.015,0.015,0.65,7939,0.9966666666666667,0.7733333333333333,0.0,0.0,0.021,0.65,0.514,0.047
391,1,sun,99936,100192,256,0.1328125,0.5399999618530273,203,44,0.9950738916256158,0.75,0.9099099099099099,0.9705882352941176,0.10899999999999999,0.03400000000000003,0.016,0.016,0.639,7946,0.9966666666666667,0.7733333333333333,0.0,0.0,0.026,0.639,0.503,0.043
392,1,sun,100192,100448,256,0.18359375,0.5399999618530273,179,66,0.994413407821229,0.696969696969697,0.8516746411483254,0.9787234042553191,0.12,0.03500000000000003,0.018,0.018,0.657,7959,0.9933333333333333,0.7333333333333333,0.0,0.0,0.02,0.657,0.521,0.039
393,1,sun,100448,100704,256,0.15625,0.5399999618530273,199,46,0.9899497487437185,0.8043478260869565,0.9120370370370371,0.925,0.123,0.041000000000000036,0.018,0.018,0.645,7973,0.99,0.7433333333333333,0.0,0.0,0.021,0.645,0.514,0.039
394,1,sun,100704,100960,256,0.140625,0.5399999618530273,185,54,1.0,0.6666666666666666,0.8409090909090909,1.0,0.11099999999999999,0.029000000000000026,0.018,0.018,0.652,7981,1.0,0.7233333333333334,0.0,0.0,0.021,0.652,0.531,0.042
395,1,sun,100960,101216,256,0.16796875,0.5399999618530273,186,59,0.9946236559139785,0.711864406779661,0.8685446009389671,0.9767441860465116,0.128,0.03500000000000003,0.018,0.018,0.643,7991,0.9966666666666667,0.72,0.0,0.0,0.02,0.643,0.524,0.04
396,1,sun,101216,101472,256,0.18359375,0.5399999618530273,186,58,0.9946236559139785,0.7931034482758621,0.8851674641148325,0.9787234042553191,0.131,0.02200000000000002,0.014,0.014,0.651,8001,0.9966666666666667,0.7333333333333333,0.0,0.0,0.019,0.651,0.539,0.03
397,1,sun,101472,101728,256,0.16796875,0.5399999618530273,185,56,1.0,0.7678571428571429,0.8685446009389671,1.0,0.136,0.03300000000000003,0.016,0.016,0.639,8010,0.9966666666666667,0.74,0.0,0.0,0.018,0.639,0.554,0.036
398,1,sun,101728,101984,256,0.1640625,0.5399999618530273,183,58,1.0,0.7241379310344828,0.8551401869158879,1.0,0.12,0.030000000000000027,0.013,0.013,0.659,8018,1.0,0.74,0.0,0.0,0.016,0.659,0.553,0.037
399,1,sun,101984,102240,256,0.1875,0.5399999618530273,190,57,0.9947368421052631,0.7894736842105263,0.9086538461538461,0.9375,0.136,0.030000000000000027,0.012,0.012,0.668,8030,0.9966666666666667,0.7533333333333333,0.0,0.0,0.015,0.668,0.555,0.041
400,1,sun,102240,102496,256,0.19140625,0.5399999618530273,178,61,1.0,0.7868852459016393,0.8599033816425121,0.9795918367346939,0.14300000000000002,0.03500000000000003,0.016,0.016,0.67,8039,0.9966666666666667,0.77,0.0,0.0,0.013,0.67,0.545,0.038
401,1,sun,102496,102752,256,0.16015625,0.5399999618530273,188,55,1.0,0.7454545454545455,0.8744186046511628,1.0,0.14800000000000002,0.027000000000000024,0.012,0.012,0.683,8053,1.0,0.76,0.0,0.0,0.018,0.683,0.53,0.037
402,1,sun,102752,103008,256,0.171875,0.5399999618530273,195,50,0.9948717948717949,0.84,0.9150943396226415,0.9545454545454546,0.11099999999999999,0.028000000000000025,0.012,0.012,0.697,8068,0.9966666666666667,0.78,0.0,0.0,0.012,0.697,0.541,0.033
403,1,sun,103008,103264,256,0.16796875,0.5399999618530273,187,52,0.9946524064171123,0.7884615384615384,0.8732394366197183,0.9534883720930233,0.10199999999999998,0.02200000000000002,0.013,0.013,0.704,8077,0.9966666666666667,0.7766666666666666,0.0,0.0,0.012,0.704,0.546,0.038
404,1,sun,103264,103520,256,0.16796875,0.5399999618530273,190,54,1.0,0.7777777777777778,0.892018779342723,0.9767441860465116,0.10699999999999998,0.026000000000000023,0.015,0.015,0.71,8087,1.0,0.7866666666666666,0.0,0.0,0.009,0.71,0.554,0.041
405,1,sun,103520,103776,256,0.16015625,0.5399999618530273,195,46,1.0,0.8478260869565217,0.9069767441860465,0.9512195121951219,0.126,0.027000000000000024,0.014,0.014,0.703,8095,1.0,0.8,0.0,0.0,0.014,0.703,0.554,0.041
406,1,sun,103776,104032,256,0.1796875,0.5399999618530273,183,60,1.0,0.75,0.8714285714285714,0.9782608695652174,0.09399999999999997,0.028000000000000025,0.017,0.016,0.703,8100,1.0,0.79,0.0,0.0,0.016,0.703,0.547,0.041
407,1,sun,104032,104288,256,0.1796875,0.5399999618530273,184,60,1.0,0.7666666666666667,0.8761904761904762,1.0,0.11599999999999999,0.03400000000000003,0.017,0.016,0.678,8112,1.0,0.7833333333333333,0.0,0.0,0.017,0.678,0.534,0.044
408,1,sun,104288,104544,256,0.203125,0.5399999618530273,184,61,0.9945652173913043,0.8360655737704918,0.8970588235294118,0.9807692307692307,0.123,0.03300000000000003,0.015,0.014,0.677,8118,0.9966666666666667,0.78,0.0,0.0,0.012,0.677,0.549,0.043
409,1,sun,104544,104800,256,0.20703125,0.5399999618530273,181,62,0.994475138121547,0.7903225806451613,0.8866995073891626,0.9245283018867925,0.14500000000000002,0.029000000000000026,0.016,0.015,0.662,8129,0.9933333333333333,0.8033333333333333,0.0,0.0,0.013,0.662,0.521,0.045
410,1,sun,104800,105056,256,0.14453125,0.5399999618530273,192,47,1.0,0.7872340425531915,0.8767123287671232,1.0,0.123,0.031000000000000028,0.017,0.016,0.672,8138,1.0,0.79,0.0,0.0,0.014,0.672,0.533,0.045
411,1,sun,105056,105312,256,0.21484375,0.5399999618530273,179,61,1.0,0.8852459016393442,0.8905472636815921,0.9818181818181818,0.10699999999999998,0.02400000000000002,0.015,0.015,0.659,8148,1.0,0.8133333333333334,0.0,0.0,0.015,0.659,0.517,0.047
412,1,sun,105312,105568,256,0.16015625,0.5399999618530273,190,47,0.9894736842105263,0.8297872340425532,0.8744186046511628,0.9512195121951219,0.128,0.027000000000000024,0.018,0.018,0.669,8152,0.9933333333333333,0.8266666666666667,0.0,0.0,0.018,0.669,0.542,0.05
413,1,sun,105568,105824,256,0.22265625,0.5399999618530273,179,64,0.9720670391061452,0.796875,0.8743718592964824,0.8947368421052632,0.10299999999999998,0.026000000000000023,0.02,0.02,0.668,8160,0.9766666666666667,0.82,0.0,0.0,0.025,0.668,0.534,0.051
414,1,sun,105824,106080,256,0.19140625,0.5399999618530273,190,54,0.9947368421052631,0.8703703703703703,0.9130434782608695,0.9591836734693877,0.14900000000000002,0.030000000000000027,0.017,0.017,0.682,8170,0.9966666666666667,0.8233333333333334,0.0,0.0,0.021,0.682,0.542,0.046
415,1,sun,106080,106336,256,0.16015625,0.5399999618530273,198,47,0.98989898989899,0.8297872340425532,0.9116279069767442,0.9512195121951219,0.10599999999999998,0.030000000000000027,0.018,0.018,0.695,8177,0.9933333333333333,0.8333333333333334,0.0,0.0,0.023,0.695,0.552,0.044
416,1,sun,106336,106592,256,0.203125,0.5399999618530273,184,57,0.9945652173913043,0.8596491228070176,0.8970588235294118,0.9423076923076923,0.11099999999999999,0.02300000000000002,0.017,0.017,0.709,8185,0.9933333333333333,0.8466666666666667,0.0,0.0,0.017,0.709,0.565,0.041
417,1,sun,106592,106848,256,0.171875,0.5399999618530273,187,54,1.0,0.8148148148148148,0.8820754716981132,1.0,0.118,0.027000000000000024,0.019,0.019,0.723,8192,1.0,0.83,0.0,0.0,0.016,0.723,0.574,0.045
418,1,sun,106848,107104,256,0.15625,0.5399999618530273,190,49,1.0,0.7959183673469388,0.8796296296296297,0.975,0.10699999999999998,0.030000000000000027,0.014,0.014,0.715,8202,1.0,0.83,0.0,0.0,0.011,0.715,0.58,0.043
419,1,sun,107104,107360,256,0.1875,0.5399999618530273,193,56,0.9948186528497409,0.8392857142857143,0.9230769230769231,0.9791666666666666,0.10199999999999998,0.02200000000000002,0.013,0.013,0.71,8210,0.9966666666666667,0.8333333333333334,0.0,0.0,0.009,0.71,0.574,0.038
420,1,sun,107360,107616,256,0.19140625,0.5399999618530273,189,55,1.0,0.8545454545454545,0.9130434782608695,0.9591836734693877,0.11299999999999999,0.026000000000000023,0.013,0.013,0.71,8214,1.0,0.83,0.0,0.0,0.011,0.71,0.59,0.046
421,1,sun,107616,107872,256,0.19140625,0.5399999618530273,184,57,1.0,0.8245614035087719,0.8888888888888888,0.9591836734693877,0.10899999999999999,0.031000000000000028,0.015,0.015,0.712,8220,1.0,0.83,0.0,0.0,0.011,0.712,0.6,0.048
422,1,sun,107872,108128,256,0.1640625,0.5399999618530273,195,53,1.0,0.7924528301886793,0.9112149532710281,1.0,0.125,0.029000000000000026,0.015,0.015,0.715,8231,1.0,0.83,0.0,0.0,0.009,0.715,0.602,0.045
423,1,sun,108128,108384,256,0.1640625,0.5399999618530273,195,48,1.0,0.8333333333333334,0.9112149532710281,0.9523809523809523,0.121,0.030000000000000027,0.014,0.014,0.697,8245,1.0,0.82,0.0,0.0,0.012,0.697,0.561,0.044
424,1,sun,108384,108640,256,0.1171875,0.5399999618530273,200,43,1.0,0.6976744186046512,0.8849557522123894,1.0,0.11199999999999999,0.031000000000000028,0.015,0.015,0.703,8252,1.0,0.8066666666666666,0.0,0.0,0.013,0.703,0.563,0.044
425,1,sun,108640,108896,256,0.1796875,0.5399999618530273,185,56,0.9945945945945946,0.8035714285714286,0.8761904761904762,0.9782608695652174,0.10599999999999998,0.029000000000000026,0.016,0.016,0.692,8256,0.9966666666666667,0.8033333333333333,0.0,0.0,0.014,0.692,0.546,0.043
426,1,sun,108896,109152,256,0.171875,0.5399999618530273,187,52,1.0,0.8269230769230769,0.8820754716981132,0.9772727272727273,0.122,0.030000000000000027,0.014,0.014,0.689,8263,0.9966666666666667,0.8,0.0,0.0,0.014,0.689,0.523,0.036
427,1,sun,109152,109408,256,0.1640625,0.5399999618530273,194,50,1.0,0.84,0.9065420560747663,1.0,0.10699999999999998,0.03200000000000003,0.013,0.013,0.683,8276,1.0,0.8,0.0,0.0,0.016,0.683,0.514,0.032
428,1,sun,109408,109664,256,0.15625,0.5399999618530273,192,48,1.0,0.7916666666666666,0.8888888888888888,0.95,0.11699999999999999,0.025000000000000022,0.012,0.012,0.666,8283,1.0,0.8033333333333333,0.0,0.0,0.018,0.666,0.493,0.03
429,1,sun,109664,109920,256,0.13671875,0.5399999618530273,196,43,1.0,0.813953488372093,0.8868778280542986,1.0,0.136,0.04500000000000004,0.011,0.011,0.689,8288,1.0,0.7966666666666666,0.0,0.0,0.018,0.689,0.525,0.033
430,1,sun,109920,110176,256,0.171875,0.5399999618530273,185,58,0.9945945945945946,0.7241379310344828,0.8679245283018868,0.9545454545454546,0.11099999999999999,0.03300000000000003,0.013,0.013,0.678,8299,0.9966666666666667,0.7966666666666666,0.0,0.0,0.019,0.678,0.528,0.039
431,1,sun,110176,110432,256,0.17578125,0.5399999618530273,193,48,0.9896373056994818,0.8333333333333334,0.9052132701421801,0.8888888888888888,0.139,0.031000000000000028,0.014,0.014,0.671,8319,0.99,0.8,0.0,0.0,0.016,0.671,0.539,0.038
432,1,sun,110432,110688,256,0.18359375,0.5399999618530273,193,53,1.0,0.8867924528301887,0.9234449760765551,1.0,0.11099999999999999,0.027000000000000024,0.017,0.017,0.672,8322,0.9933333333333333,0.8133333333333334,0.0,0.0,0.017,0.672,0.545,0.043
433,1,sun,110688,110944,256,0.19140625,0.5399999618530273,186,57,0.9946236559139785,0.8070175438596491,0.893719806763285,0.9387755102040817,0.11599999999999999,0.027000000000000024,0.015,0.015,0.689,8326,0.9966666666666667,0.8133333333333334,0.0,0.0,0.018,0.689,0.561,0.043
434,1,sun,110944,111200,256,0.16796875,0.5399999618530273,193,52,1.0,0.8269230769230769,0.9061032863849765,1.0,0.10799999999999998,0.03300000000000003,0.016,0.016,0.706,8331,1.0,0.8166666666666667,0.0,0.0,0.021,0.706,0.563,0.045
435,1,sun,111200,111456,256,0.15625,0.5399999618530273,201,44,0.9900497512437811,0.8409090909090909,0.9212962962962963,0.925,0.10199999999999998,0.030000000000000027,0.017,0.017,0.697,8335,0.9933333333333333,0.8233333333333334,0.0,0.0,0.021,0.697,0.536,0.045
436,1,sun,111456,111712,256,0.15625,0.5399999618530273,194,55,1.0,0.7090909090909091,0.8981481481481481,0.975,0.10899999999999999,0.019000000000000017,0.019,0.019,0.695,8346,0.9966666666666667,0.8133333333333334,0.0,0.0,0.021,0.695,0.539,0.044
437,1,sun,111712,111968,256,0.12109375,0.5399999618530273,201,40,1.0,0.775,0.8933333333333333,1.0,0.11699999999999999,0.03400000000000003,0.016,0.016,0.681,8353,1.0,0.8066666666666666,0.0,0.0,0.018,0.681,0.531,0.044
438,1,sun,111968,112224,256,0.1328125,0.5399999618530273,197,41,1.0,0.7804878048780488,0.8873873873873874,0.9411764705882353,0.10699999999999998,0.03200000000000003,0.016,0.016,0.68,8356,1.0,0.7966666666666666,0.0,0.0,0.018,0.68,0.542,0.05
439,1,sun,112224,112480,256,0.1484375,0.5399999618530273,202,44,0.995049504950495,0.8181818181818182,0.9220183486238532,0.9473684210526315,0.10999999999999999,0.04400000000000004,0.017,0.017,0.689,8358,0.9966666666666667,0.7933333333333333,0.0,0.0,0.025,0.689,0.558,0.051
440,1,sun,112480,112736,256,0.1328125,0.5399999618530273,192,48,1.0,0.6875,0.8648648648648649,0.9705882352941176,0.10199999999999998,0.03400000000000003,0.019,0.019,0.679,8363,0.9966666666666667,0.77,0.0,0.0,0.025,0.679,0.553,0.056
441,1,sun,112736,112992,256,0.19140625,0.5399999618530273,194,53,1.0,0.8867924528301887,0.9371980676328503,0.9591836734693877,0.09999999999999998,0.02200000000000002,0.018,0.018,0.679,8368,1.0,0.78,0.0,0.0,0.021,0.679,0.557,0.049
442,1,sun,112992,113248,256,0.15234375,0.5399999618530273,200,42,0.99,0.8571428571428571,0.9124423963133641,0.9230769230769231,0.11699999999999999,0.038000000000000034,0.015,0.015,0.686,8375,0.9933333333333333,0.79,0.0,0.0,0.02,0.686,0.569,0.043
443,1,sun,113248,113504,256,0.171875,0.5399999618530273,199,54,0.9949748743718593,0.7962962962962963,0.9339622641509434,0.9772727272727273,0.08799999999999997,0.025000000000000022,0.017,0.017,0.7,8378,0.9966666666666667,0.8033333333333333,0.0,0.0,0.021,0.7,0.556,0.046
444,1,sun,113504,113760,256,0.16796875,0.5399999618530273,193,48,0.9948186528497409,0.875,0.9014084507042254,0.9767441860465116,0.11699999999999999,0.027000000000000024,0.015,0.015,0.696,8382,0.9966666666666667,0.8133333333333334,0.0,0.0,0.023,0.696,0.553,0.048
445,1,sun,113760,114016,256,0.1640625,0.5399999618530273,191,56,1.0,0.7321428571428571,0.8925233644859814,0.9761904761904762,0.10399999999999998,0.02400000000000002,0.014,0.014,0.69,8389,1.0,0.8033333333333333,0.0,0.0,0.02,0.69,0.539,0.04
446,1,sun,114016,114272,256,0.16796875,0.5399999618530273,191,52,0.9947643979057592,0.8076923076923077,0.892018779342723,0.9767441860465116,0.119,0.030000000000000027,0.011,0.011,0.693,8396,0.9966666666666667,0.8233333333333334,0.0,0.0,0.015,0.693,0.525,0.038
447,1,sun,114272,114528,256,0.18359375,0.5399999618530273,185,60,1.0,0.75,0.8851674641148325,0.9574468085106383,0.10399999999999998,0.031000000000000028,0.012,0.012,0.698,8402,0.9966666666666667,0.79,0.0,0.0,0.017,0.698,0.522,0.037
448,1,sun,114528,114784,256,0.20703125,0.5399999618530273,181,60,0.994475138121547,0.85,0.8866995073891626,0.9622641509433962,0.123,0.03500000000000003,0.011,0.011,0.684,8416,0.9966666666666667,0.7966666666666666,0.0,0.0,0.015,0.684,0.503,0.036
449,1,sun,114784,115040,256,0.13671875,0.5399999618530273,199,42,1.0,0.8333333333333334,0.9004524886877828,1.0,0.121,0.026000000000000023,0.012,0.012,0.662,8420,0.9966666666666667,0.7933333333333333,0.0,0.0,0.014,0.662,0.494,0.039
450,1,sun,115040,115296,256,0.1796875,0.5399999618530273,180,61,1.0,0.7049180327868853,0.8571428571428571,0.9347826086956522,0.08899999999999997,0.026000000000000023,0.013,0.013,0.671,8432,1.0,0.7766666666666666,0.0,0.0,0.015,0.671,0.507,0.04
451,1,sun,115296,115552,256,0.1171875,0.5399999618530273,202,42,1.0,0.7142857142857143,0.8938053097345132,1.0,0.124,0.029000000000000026,0.013,0.013,0.694,8436,1.0,0.7733333333333333,0.0,0.0,0.014,0.694,0.528,0.039
452,1,sun,115552,115808,256,0.17578125,0.5399999618530273,192,56,1.0,0.8035714285714286,0.909952606635071,1.0,0.10499999999999998,0.02400000000000002,0.014,0.014,0.679,8443,1.0,0.77,0.0,0.0,0.016,0.679,0.522,0.039
453,1,sun,115808,116064,256,0.19140625,0.5399999618530273,189,58,1.0,0.7931034482758621,0.9130434782608695,0.9387755102040817,0.10699999999999998,0.027000000000000024,0.013,0.013,0.703,8449,1.0,0.78,0.0,0.0,0.017,0.703,0.532,0.037
454,1,sun,116064,116320,256,0.20703125,0.5399999618530273,179,62,1.0,0.8548387096774194,0.8817733990147784,1.0,0.14400000000000002,0.025000000000000022,0.015,0.015,0.711,8462,1.0,0.7833333333333333,0.0,0.0,0.017,0.711,0.549,0.042
455,1,sun,116320,116576,256,0.1953125,0.5399999618530273,184,59,1.0,0.847457627118644,0.8932038834951457,1.0,0.14400000000000002,0.031000000000000028,0.014,0.014,0.695,8473,1.0,0.7933333333333333,0.0,0.0,0.018,0.695,0.559,0.04
456,1,sun,116576,116832,256,0.1328125,0.5399999618530273,200,41,0.99,0.7804878048780488,0.8918918918918919,0.9411764705882353,0.126,0.041000000000000036,0.013,0.013,0.705,8478,0.9933333333333333,0.81,0.0,0.0,0.015,0.705,0.571,0.039
457,1,sun,116832,117088,256,0.2109375,0.5399999618530273,179,69,1.0,0.7536231884057971,0.8861386138613861,0.9629629629629629,0.10099999999999998,0.028000000000000025,0.014,0.014,0.698,8481,0.9966666666666667,0.8066666666666666,0.0,0.0,0.012,0.698,0.562,0.036
458,1,sun,117088,117344,256,0.15234375,0.5399999618530273,193,46,0.9896373056994818,0.8043478260869565,0.880184331797235,0.9487179487179487,0.14200000000000002,0.025000000000000022,0.015,0.015,0.682,8497,0.9933333333333333,0.8033333333333333,0.0,0.0,0.011,0.682,0.569,0.036
459,1,sun,117344,117600,256,0.16796875,0.5399999618530273,192,49,0.9947916666666666,0.8367346938775511,0.8967136150234741,0.9534883720930233,0.10099999999999998,0.041000000000000036,0.012,0.012,0.677,8502,0.9933333333333333,0.8033333333333333,0.0,0.0,0.011,0.677,0.578,0.035
460,1,sun,117600,117856,256,0.1640625,0.5399999618530273,202,46,1.0,0.8695652173913043,0.9439252336448598,0.9523809523809523,0.11199999999999999,0.031000000000000028,0.012,0.012,0.687,8512,1.0,0.8133333333333334,0.0,0.0,0.012,0.687,0.551,0.034
461,1,sun,117856,118112,256,0.17578125,0.5399999618530273,195,53,1.0,0.8301886792452831,0.9241706161137441,0.9777777777777777,0.09399999999999997,0.025000000000000022,0.014,0.014,0.684,8522,1.0,0.81,0.0,0.0,0.015,0.684,0.549,0.036
462,1,sun,118112,118368,256,0.1640625,0.5399999618530273,185,57,1.0,0.7368421052631579,0.8644859813084113,1.0,0.11599999999999999,0.025000000000000022,0.015,0.015,0.686,8530,1.0,0.8033333333333333,0.0,0.0,0.016,0.686,0.543,0.045
463,1,sun,118368,118624,256,0.16015625,0.5399999618530273,189,50,0.9947089947089947,0.78,0.8744186046511628,0.9512195121951219,0.138,0.02200000000000002,0.015,0.015,0.716,8539,0.9966666666666667,0.8066666666666666,0.0,0.0,0.012,0.716,0.556,0.045
464,1,sun,118624,118880,256,0.13671875,0.5399999618530273,195,44,1.0,0.7954545454545454,0.8823529411764706,1.0,0.09999999999999998,0.026000000000000023,0.017,0.017,0.718,8547,0.9966666666666667,0.8066666666666666,0.0,0.0,0.012,0.718,0.545,0.041
465,1,sun,118880,119136,256,0.19140625,0.5399999618530273,192,54,0.9895833333333334,0.8148148148148148,0.9178743961352657,0.8979591836734694,0.09999999999999998,0.02300000000000002,0.014,0.014,0.721,8551,0.9933333333333333,0.8033333333333333,0.0,0.0,0.014,0.721,0.532,0.042
466,1,sun,119136,119392,256,0.16796875,0.5399999618530273,196,47,1.0,0.8936170212765957,0.92018779342723,0.9767441860465116,0.129,0.027000000000000024,0.015,0.015,0.711,8561,0.9966666666666667,0.8033333333333333,0.0,0.0,0.021,0.711,0.532,0.049
467,1,sun,119392,119648,256,0.15625,0.5399999618530273,193,51,1.0,0.7843137254901961,0.8935185185185185,1.0,0.11299999999999999,0.03500000000000003,0.016,0.016,0.716,8569,1.0,0.7966666666666666,0.0,0.0,0.017,0.716,0.545,0.05
468,1,sun,119648,119904,256,0.15625,0.5399999618530273,187,47,0.9946524064171123,0.8297872340425532,0.8611111111111112,0.975,0.11299999999999999,0.03500000000000003,0.014,0.014,0.709,8581,0.9966666666666667,0.82,0.0,0.0,0.02,0.709,0.552,0.046
469,1,sun,119904,120000,96,0.13541666666666666,0.5399999618530273,75,16,1.0,0.75,0.9036144578313253,0.9230769230769231,0.08999999999999997,0.030000000000000027,0.014,0.014,0.698,8586,0.9966666666666667,0.82,0.0,0.0,0.022,0.698,0.552,0.048
470,2,places,120000,120256,256,0.1640625,0.5399999618530273,201,42,0.9601990049751243,0.7619047619047619,0.9018691588785047,0.7619047619047619,0.03600000000000003,0.031000000000000028,0.013,0.013,0.549,8588,0.9733333333333334,0.81,0.0,0.0,0.023,0.694,0.549,0.045
471,2,places,120256,120512,256,0.140625,0.5399999618530273,204,41,0.9754901960784313,0.7560975609756098,0.9045454545454545,0.8611111111111112,0.131,0.038000000000000034,0.012,0.012,0.555,8599,0.9666666666666667,0.8066666666666666,0.0,0.0,0.027,0.656,0.555,0.041
472,2,places,120512,120768,256,0.1875,0.5399999618530273,196,51,0.9744897959183674,0.7843137254901961,0.9182692307692307,0.8333333333333334,0.123,0.04800000000000004,0.013,0.013,0.579,8611,0.98,0.8033333333333333,0.0,0.0,0.028,0.617,0.579,0.048
473,2,places,120768,121024,256,0.20703125,0.5399999618530273,184,53,0.9510869565217391,0.7924528301886793,0.8620689655172413,0.7924528301886793,0.14,0.040000000000000036,0.012,0.012,0.583,8629,0.96,0.7833333333333333,0.0,0.0,0.026,0.606,0.583,0.047
474,2,places,121024,121280,256,0.12109375,0.5399999618530273,205,36,1.0,0.75,0.9111111111111111,0.8709677419354839,0.13,0.028000000000000025,0.013,0.013,0.583,8643,0.9833333333333333,0.7833333333333333,0.0,0.0,0.026,0.562,0.583,0.04
475,2,places,121280,121536,256,0.13671875,0.5399999618530273,196,44,0.9897959183673469,0.7045454545454546,0.8778280542986425,0.8857142857142857,0.09999999999999998,0.028000000000000025,0.014,0.013,0.589,8651,0.9933333333333333,0.7633333333333333,0.0,0.0,0.03,0.546,0.589,0.044
476,2,places,121536,121792,256,0.2265625,0.5399999618530273,191,55,0.9581151832460733,0.8545454545454545,0.9242424242424242,0.8103448275862069,0.126,0.040000000000000036,0.013,0.012,0.577,8665,0.97,0.78,0.0,0.0,0.036,0.507,0.577,0.048
477,2,places,121792,122048,256,0.1875,0.5399999618530273,178,60,0.9887640449438202,0.7666666666666667,0.8461538461538461,0.9583333333333334,0.15700000000000003,0.030000000000000027,0.015,0.014,0.587,8687,0.9833333333333333,0.7766666666666666,0.0,0.0,0.027,0.494,0.587,0.049
478,2,places,122048,122304,256,0.17578125,0.5399999618530273,196,42,0.9795918367346939,0.8809523809523809,0.909952606635071,0.8222222222222222,0.15500000000000003,0.041000000000000036,0.015,0.014,0.578,8709,0.9833333333333333,0.7966666666666666,0.0,0.0,0.028,0.498,0.578,0.049
479,2,places,122304,122560,256,0.14453125,0.5399999618530273,189,46,0.9894179894179894,0.717391304347826,0.8538812785388128,0.8918918918918919,0.122,0.038000000000000034,0.011,0.01,0.586,8729,0.99,0.7833333333333333,0.0,0.0,0.024,0.494,0.586,0.046
480,2,places,122560,122816,256,0.15625,0.5399999618530273,206,39,0.9757281553398058,0.7948717948717948,0.9305555555555556,0.775,0.135,0.03500000000000003,0.015,0.014,0.594,8748,0.9833333333333333,0.7866666666666666,0.0,0.0,0.023,0.494,0.594,0.047
481,2,places,122816,123072,256,0.1640625,0.5399999618530273,187,47,0.9893048128342246,0.723404255319149,0.8644859813084113,0.8095238095238095,0.10499999999999998,0.031000000000000028,0.016,0.015,0.601,8764,0.9866666666666667,0.7833333333333333,0.0,0.0,0.025,0.49,0.601,0.052
482,2,places,123072,123328,256,0.16015625,0.5399999618530273,189,48,0.9894179894179894,0.7708333333333334,0.8697674418604651,0.9024390243902439,0.129,0.03700000000000003,0.015,0.015,0.603,8780,0.9933333333333333,0.7766666666666666,0.0,0.0,0.017,0.489,0.603,0.051
483,2,places,123328,123584,256,0.1484375,0.5399999618530273,204,36,0.9803921568627451,0.8055555555555556,0.9174311926605505,0.7631578947368421,0.139,0.040000000000000036,0.014,0.014,0.589,8795,0.98,0.78,0.0,0.0,0.018,0.473,0.589,0.051
484,2,places,123584,123840,256,0.15234375,0.5399999618530273,194,49,0.9845360824742269,0.7142857142857143,0.880184331797235,0.8974358974358975,0.10399999999999998,0.03200000000000003,0.014,0.014,0.602,8813,0.9833333333333333,0.7633333333333333,0.0,0.0,0.014,0.479,0.602,0.055
485,2,places,123840,124096,256,0.16015625,0.550000011920929,198,46,0.9848484848484849,0.717391304347826,0.9069767441860465,0.8048780487804879,0.121,0.038000000000000034,0.017,0.017,0.608,8832,0.9866666666666667,0.75,0.0,0.0,0.013,0.482,0.608,0.055
486,2,places,124096,124352,256,0.1953125,0.550000011920929,187,54,0.9518716577540107,0.7037037037037037,0.8640776699029126,0.76,0.10999999999999999,0.029000000000000026,0.016,0.016,0.596,8848,0.9633333333333334,0.7366666666666667,0.0,0.0,0.011,0.469,0.596,0.053
487,2,places,124352,124608,256,0.15625,0.550000011920929,194,48,0.9845360824742269,0.75,0.8842592592592593,0.9,0.14900000000000002,0.04300000000000004,0.017,0.017,0.599,8866,0.9733333333333334,0.7433333333333333,0.0,0.0,0.012,0.468,0.599,0.055
488,2,places,124608,124864,256,0.1796875,0.550000011920929,183,56,0.9781420765027322,0.7142857142857143,0.8523809523809524,0.8695652173913043,0.132,0.03200000000000003,0.017,0.017,0.62,8881,0.98,0.73,0.0,0.0,0.014,0.468,0.62,0.056
489,2,places,124864,125120,256,0.1796875,0.550000011920929,190,55,0.9842105263157894,0.7636363636363637,0.8904761904761904,0.9130434782608695,0.14200000000000002,0.03200000000000003,0.012,0.012,0.595,8899,0.9866666666666667,0.73,0.0,0.0,0.01,0.46,0.595,0.047
490,2,places,125120,125376,256,0.16015625,0.550000011920929,190,49,0.9894736842105263,0.7142857142857143,0.8744186046511628,0.8536585365853658,0.14,0.03500000000000003,0.013,0.013,0.598,8915,0.9866666666666667,0.7366666666666667,0.0,0.0,0.005,0.464,0.598,0.046
491,2,places,125376,125632,256,0.16796875,0.550000011920929,191,57,0.9895287958115183,0.6842105263157895,0.8873239436619719,0.9069767441860465,0.11399999999999999,0.027000000000000024,0.014,0.014,0.593,8923,0.99,0.72,0.0,0.0,0.005,0.472,0.593,0.051
492,2,places,125632,125888,256,0.19140625,0.550000011920929,183,52,0.9672131147540983,0.7692307692307693,0.855072463768116,0.8163265306122449,0.14200000000000002,0.03300000000000003,0.013,0.013,0.583,8943,0.9766666666666667,0.7333333333333333,0.0,0.0,0.004,0.47,0.583,0.051
493,2,places,125888,126144,256,0.1875,0.550000011920929,198,43,0.9696969696969697,0.9069767441860465,0.9230769230769231,0.8125,0.11699999999999999,0.028000000000000025,0.011,0.011,0.592,8956,0.97,0.75,0.0,0.0,0.005,0.472,0.592,0.052
494,2,places,126144,126400,256,0.12890625,0.550000011920929,208,35,0.9807692307692307,0.7142857142857143,0.9147982062780269,0.7575757575757576,0.11699999999999999,0.025000000000000022,0.009,0.009,0.57,8974,0.97,0.7566666666666667,0.0,0.0,0.005,0.466,0.57,0.053
495,2,places,126400,126656,256,0.1484375,0.550000011920929,191,43,0.9738219895287958,0.7209302325581395,0.8532110091743119,0.8157894736842105,0.10499999999999998,0.03500000000000003,0.008,0.008,0.572,8981,0.9766666666666667,0.7466666666666667,0.0,0.0,0.007,0.467,0.572,0.051
496,2,places,126656,126912,256,0.18359375,0.550000011920929,189,45,0.9682539682539683,0.7777777777777778,0.8755980861244019,0.7446808510638298,0.11299999999999999,0.040000000000000036,0.011,0.011,0.588,8993,0.9733333333333334,0.7466666666666667,0.0,0.0,0.007,0.478,0.588,0.057
497,2,places,126912,127168,256,0.140625,0.550000011920929,203,40,0.9802955665024631,0.75,0.9045454545454545,0.8333333333333334,0.125,0.03500000000000003,0.013,0.013,0.582,9005,0.9733333333333334,0.7566666666666667,0.0,0.0,0.008,0.482,0.582,0.063
498,2,places,127168,127424,256,0.1640625,0.550000011920929,196,44,0.9744897959183674,0.7954545454545454,0.8925233644859814,0.8333333333333334,0.127,0.049000000000000044,0.012,0.012,0.588,9024,0.9733333333333334,0.7766666666666666,0.0,0.0,0.014,0.496,0.588,0.054
499,2,places,127424,127680,256,0.1796875,0.550000011920929,190,53,0.9894736842105263,0.7358490566037735,0.8952380952380953,0.8478260869565217,0.13,0.040000000000000036,0.014,0.014,0.578,9040,0.9866666666666667,0.77,0.0,0.0,0.015,0.511,0.578,0.055
500,2,places,127680,127936,256,0.16015625,0.550000011920929,192,47,0.9739583333333334,0.7446808510638298,0.8697674418604651,0.8536585365853658,0.139,0.03300000000000003,0.014,0.014,0.583,9054,0.9833333333333333,0.7466666666666667,0.0,0.0,0.021,0.502,0.583,0.06
501,2,places,127936,128192,256,0.15625,0.550000011920929,196,45,0.9897959183673469,0.7333333333333333,0.8981481481481481,0.825,0.127,0.029000000000000026,0.016,0.016,0.571,9069,0.9833333333333333,0.7533333333333333,0.0,0.0,0.021,0.483,0.571,0.064
502,2,places,128192,128448,256,0.1796875,0.550000011920929,182,46,0.9945054945054945,0.8695652173913043,0.861904761904762,0.8695652173913043,0.131,0.04200000000000004,0.017,0.016,0.593,9075,0.99,0.7666666666666667,0.0,0.0,0.017,0.505,0.593,0.065
503,2,places,128448,128704,256,0.15234375,0.550000011920929,192,49,0.9947916666666666,0.7346938775510204,0.880184331797235,0.9230769230769231,0.13,0.03300000000000003,0.017,0.016,0.591,9086,0.9933333333333333,0.7666666666666667,0.0,0.0,0.021,0.504,0.591,0.061
504,2,places,128704,128960,256,0.11328125,0.550000011920929,202,32,1.0,0.75,0.8898678414096917,0.8275862068965517,0.11199999999999999,0.03400000000000003,0.016,0.015,0.592,9095,1.0,0.7633333333333333,0.0,0.0,0.024,0.5,0.592,0.059
505,2,places,128960,129216,256,0.18359375,0.550000011920929,182,55,0.989010989010989,0.7272727272727273,0.861244019138756,0.851063829787234,0.08999999999999997,0.028000000000000025,0.017,0.016,0.605,9102,0.9933333333333333,0.76,0.0,0.0,0.02,0.496,0.605,0.058
506,2,places,129216,129472,256,0.15234375,0.550000011920929,193,47,0.9948186528497409,0.7446808510638298,0.8847926267281107,0.8974358974358975,0.129,0.038000000000000034,0.017,0.016,0.6,9119,0.99,0.76,0.0,0.0,0.02,0.49,0.6,0.061
507,2,places,129472,129728,256,0.17578125,0.550000011920929,197,49,0.9847715736040609,0.7959183673469388,0.919431279620853,0.8666666666666667,0.128,0.041000000000000036,0.016,0.015,0.617,9124,0.9866666666666667,0.7633333333333333,0.0,0.0,0.014,0.509,0.617,0.059
508,2,places,129728,129984,256,0.12890625,0.550000011920929,201,38,0.9751243781094527,0.6842105263157895,0.8789237668161435,0.7878787878787878,0.12,0.029000000000000026,0.017,0.016,0.603,9139,0.98,0.7566666666666667,0.0,0.0,0.013,0.494,0.603,0.05
509,2,places,129984,130240,256,0.2109375,0.550000011920929,180,57,0.9722222222222222,0.7543859649122807,0.8663366336633663,0.7962962962962963,0.118,0.03600000000000003,0.015,0.015,0.583,9155,0.9766666666666667,0.7466666666666667,0.0,0.0,0.018,0.48,0.583,0.045
510,2,places,130240,130496,256,0.125,0.550000011920929,202,41,0.9752475247524752,0.6585365853658537,0.8794642857142857,0.84375,0.15300000000000002,0.039000000000000035,0.012,0.012,0.567,9168,0.98,0.7266666666666667,0.0,0.0,0.016,0.468,0.567,0.045
511,2,places,130496,130752,256,0.14453125,0.5600000023841858,186,48,0.989247311827957,0.6875,0.8401826484018264,0.8918918918918919,0.129,0.031000000000000028,0.013,0.013,0.59,9178,0.98,0.72,0.0,0.0,0.013,0.468,0.59,0.047
512,2,places,130752,131008,256,0.1328125,0.5600000023841858,188,49,0.9893617021276596,0.6326530612244898,0.8378378378378378,0.9117647058823529,0.121,0.031000000000000028,0.013,0.013,0.588,9193,0.9933333333333333,0.7033333333333334,0.0,0.0,0.012,0.461,0.588,0.049
513,2,places,131008,131264,256,0.17578125,0.5600000023841858,182,53,0.989010989010989,0.7547169811320755,0.8530805687203792,0.8888888888888888,0.136,0.031000000000000028,0.015,0.015,0.586,9203,0.99,0.7033333333333334,0.0,0.0,0.012,0.461,0.586,0.051
514,2,places,131264,131520,256,0.17578125,0.5600000023841858,181,54,0.9779005524861878,0.6666666666666666,0.8388625592417062,0.8,0.124,0.039000000000000035,0.016,0.016,0.58,9216,0.9833333333333333,0.6966666666666667,0.0,0.0,0.012,0.449,0.58,0.049
515,2,places,131520,131776,256,0.171875,0.5600000023841858,187,57,0.9572192513368984,0.631578947368421,0.8443396226415094,0.8181818181818182,0.15700000000000003,0.031000000000000028,0.012,0.012,0.582,9231,0.9666666666666667,0.6733333333333333,0.0,0.0,0.009,0.459,0.582,0.043
516,2,places,131776,132032,256,0.15234375,0.5600000023841858,196,46,0.9846938775510204,0.717391304347826,0.8894009216589862,0.8461538461538461,0.15300000000000002,0.04400000000000004,0.014,0.014,0.574,9241,0.98,0.6733333333333333,0.0,0.0,0.006,0.491,0.574,0.043
517,2,places,132032,132288,256,0.21875,0.5600000023841858,175,65,0.9714285714285714,0.7538461538461538,0.85,0.875,0.134,0.03500000000000003,0.013,0.013,0.58,9249,0.98,0.7033333333333334,0.0,0.0,0.004,0.498,0.58,0.04
518,2,places,132288,132544,256,0.15234375,0.5600000023841858,181,55,0.994475138121547,0.6727272727272727,0.8294930875576036,0.9487179487179487,0.15600000000000003,0.026000000000000023,0.011,0.011,0.58,9262,0.9833333333333333,0.7,0.0,0.0,0.005,0.505,0.58,0.041
519,2,places,132544,132800,256,0.125,0.5600000023841858,198,40,0.9747474747474747,0.625,0.8616071428571429,0.78125,0.14700000000000002,0.03600000000000003,0.013,0.013,0.535,9284,0.98,0.68,0.0,0.0,0.009,0.478,0.535,0.047
520,2,places,132800,133056,256,0.1875,0.5600000023841858,189,51,0.9894179894179894,0.803921568627451,0.8990384615384616,0.8541666666666666,0.10499999999999998,0.030000000000000027,0.013,0.013,0.539,9296,0.9866666666666667,0.71,0.0,0.0,0.01,0.48,0.539,0.05
521,2,places,133056,133312,256,0.17578125,0.5600000023841858,192,51,0.953125,0.6666666666666666,0.8672985781990521,0.7555555555555555,0.14100000000000001,0.03700000000000003,0.013,0.013,0.547,9307,0.97,0.7133333333333334,0.0,0.0,0.012,0.489,0.547,0.049
522,2,places,133312,133568,256,0.12890625,0.5600000023841858,194,43,0.979381443298969,0.6744186046511628,0.852017937219731,0.8787878787878788,0.14600000000000002,0.03500000000000003,0.01,0.01,0.552,9315,0.9666666666666667,0.7033333333333334,0.0,0.0,0.011,0.487,0.552,0.039
523,2,places,133568,133824,256,0.15625,0.5600000023841858,189,53,0.9947089947089947,0.7358490566037735,0.8703703703703703,0.975,0.127,0.03500000000000003,0.01,0.01,0.542,9329,0.9933333333333333,0.7033333333333334,0.0,0.0,0.011,0.47,0.542,0.037
524,2,places,133824,134080,256,0.140625,0.5600000023841858,197,47,1.0,0.6808510638297872,0.8954545454545455,0.8888888888888888,0.128,0.038000000000000034,0.012,0.012,0.545,9343,1.0,0.6933333333333334,0.0,0.0,0.009,0.472,0.545,0.044
525,2,places,134080,134336,256,0.1796875,0.5600000023841858,187,54,0.9786096256684492,0.7407407407407407,0.8714285714285714,0.8695652173913043,0.11599999999999999,0.028000000000000025,0.01,0.01,0.573,9347,0.9866666666666667,0.7166666666666667,0.0,0.0,0.005,0.487,0.573,0.041
526,2,places,134336,134592,256,0.15234375,0.5699999928474426,195,48,0.9897435897435898,0.6875,0.8894009216589862,0.8461538461538461,0.13,0.038000000000000034,0.013,0.013,0.581,9354,0.9866666666666667,0.6966666666666667,0.0,0.0,0.007,0.499,0.581,0.036
527,2,places,134592,134848,256,0.140625,0.5699999928474426,210,38,0.9809523809523809,0.8157894736842105,0.9363636363636364,0.8611111111111112,0.122,0.03400000000000003,0.015,0.015,0.564,9367,0.98,0.72,0.0,0.0,0.008,0.483,0.564,0.04
528,2,places,134848,135104,256,0.1796875,0.5699999928474426,189,51,0.9735449735449735,0.7254901960784313,0.8761904761904762,0.8043478260869565,0.14100000000000001,0.038000000000000034,0.015,0.015,0.562,9375,0.9733333333333334,0.72,0.0,0.0,0.009,0.475,0.562,0.044
529,2,places,135104,135360,256,0.22265625,0.5699999928474426,168,68,0.9761904761904762,0.7647058823529411,0.8241206030150754,0.9122807017543859,0.14800000000000002,0.041000000000000036,0.018,0.018,0.591,9390,0.9833333333333333,0.7333333333333333,0.0,0.0,0.01,0.495,0.591,0.052
530,2,places,135360,135616,256,0.1796875,0.5699999928474426,185,52,0.9675675675675676,0.6923076923076923,0.8523809523809524,0.782608695652174,0.15800000000000003,0.03600000000000003,0.016,0.016,0.606,9406,0.9733333333333334,0.7466666666666667,0.0,0.0,0.018,0.503,0.606,0.047
531,2,places,135616,135872,256,0.16015625,0.5699999928474426,188,47,0.9787234042553191,0.6808510638297872,0.8558139534883721,0.7804878048780488,0.122,0.026000000000000023,0.015,0.015,0.609,9418,0.98,0.7266666666666667,0.0,0.0,0.017,0.503,0.609,0.042
532,2,places,135872,136128,256,0.15625,0.5699999928474426,191,41,0.9895287958115183,0.8048780487804879,0.875,0.825,0.13,0.04300000000000004,0.012,0.012,0.594,9434,0.98,0.74,0.0,0.0,0.014,0.487,0.594,0.043
533,2,places,136128,136384,256,0.1484375,0.5699999928474426,201,46,0.9800995024875622,0.717391304347826,0.9036697247706422,0.868421052631579,0.119,0.04200000000000004,0.013,0.013,0.61,9447,0.9866666666666667,0.7266666666666667,0.0,0.0,0.014,0.498,0.61,0.05
534,2,places,136384,136640,256,0.17578125,0.5699999928474426,194,45,0.9896907216494846,0.8666666666666667,0.909952606635071,0.8666666666666667,0.10599999999999998,0.028000000000000025,0.016,0.016,0.613,9457,0.99,0.7533333333333333,0.0,0.0,0.013,0.495,0.613,0.052
535,2,places,136640,136896,256,0.1484375,0.5699999928474426,199,43,0.9748743718592965,0.6976744186046512,0.8899082568807339,0.7894736842105263,0.11399999999999999,0.027000000000000024,0.015,0.015,0.601,9465,0.98,0.75,0.0,0.0,0.012,0.49,0.601,0.04
536,2,places,136896,137152,256,0.171875,0.5699999928474426,186,58,0.9946236559139785,0.7413793103448276,0.8726415094339622,0.9772727272727273,0.11299999999999999,0.030000000000000027,0.016,0.016,0.593,9472,0.99,0.74,0.0,0.0,0.013,0.484,0.593,0.047
537,2,places,137152,137408,256,0.17578125,0.5699999928474426,185,55,0.972972972972973,0.6909090909090909,0.8530805687203792,0.8444444444444444,0.15100000000000002,0.039000000000000035,0.014,0.013,0.574,9490,0.9833333333333333,0.7366666666666667,0.0,0.0,0.013,0.467,0.574,0.044
538,2,places,137408,137664,256,0.203125,0.5699999928474426,176,57,0.9943181818181818,0.8596491228070176,0.8578431372549019,0.9423076923076923,0.136,0.03300000000000003,0.016,0.015,0.595,9503,0.98,0.7633333333333333,0.0,0.0,0.012,0.478,0.595,0.049
539,2,places,137664,137920,256,0.14453125,0.5699999928474426,197,43,0.9746192893401016,0.6511627906976745,0.8767123287671232,0.7567567567567568,0.137,0.03500000000000003,0.018,0.017,0.615,9512,0.9833333333333333,0.7533333333333333,0.0,0.0,0.014,0.495,0.615,0.055
540,2,places,137920,138176,256,0.1640625,0.5699999928474426,187,56,0.9893048128342246,0.6607142857142857,0.8644859813084113,0.8809523809523809,0.10099999999999998,0.028000000000000025,0.017,0.016,0.627,9517,0.9866666666666667,0.7266666666666667,0.0,0.0,0.015,0.51,0.627,0.055
541,2,places,138176,138432,256,0.16015625,0.5699999928474426,197,44,0.9898477157360406,0.8181818181818182,0.9069767441860465,0.8780487804878049,0.15100000000000002,0.04200000000000004,0.015,0.014,0.615,9532,0.99,0.7366666666666667,0.0,0.0,0.018,0.507,0.615,0.056
542,2,places,138432,138688,256,0.171875,0.5699999928474426,190,44,0.9736842105263158,0.7954545454545454,0.8726415094339622,0.7954545454545454,0.11099999999999999,0.03300000000000003,0.015,0.014,0.616,9542,0.98,0.7466666666666667,0.0,0.0,0.015,0.507,0.616,0.052
543,2,places,138688,138944,256,0.1640625,0.5699999928474426,184,55,0.9836956521739131,0.6727272727272727,0.8457943925233645,0.8809523809523809,0.11599999999999999,0.03500000000000003,0.018,0.017,0.603,9549,0.9766666666666667,0.7433333333333333,0.0,0.0,0.023,0.503,0.603,0.052
544,2,places,138944,139200,256,0.15625,0.5699999928474426,189,45,0.9788359788359788,0.6888888888888889,0.8564814814814815,0.775,0.14600000000000002,0.029000000000000026,0.015,0.015,0.597,9557,0.9833333333333333,0.7133333333333334,0.0,0.0,0.023,0.501,0.597,0.05
545,2,places,139200,139456,256,0.19921875,0.5699999928474426,181,56,0.9834254143646409,0.8392857142857143,0.8682926829268293,0.9215686274509803,0.12,0.03700000000000003,0.014,0.014,0.591,9574,0.9833333333333333,0.7433333333333333,0.0,0.0,0.016,0.498,0.591,0.043
546,2,places,139456,139712,256,0.171875,0.5699999928474426,177,56,0.9943502824858758,0.6964285714285714,0.8301886792452831,0.8863636363636364,0.132,0.03300000000000003,0.013,0.013,0.59,9586,0.99,0.75,0.0,0.0,0.015,0.479,0.59,0.038
547,2,places,139712,139968,256,0.15234375,0.5699999928474426,201,42,0.9800995024875622,0.7857142857142857,0.9078341013824884,0.8461538461538461,0.14,0.03200000000000003,0.016,0.016,0.599,9605,0.9866666666666667,0.7466666666666667,0.0,0.0,0.022,0.482,0.599,0.043
548,2,places,139968,140224,256,0.1484375,0.5699999928474426,198,43,0.98989898989899,0.813953488372093,0.8990825688073395,0.9210526315789473,0.122,0.041000000000000036,0.017,0.017,0.614,9609,0.9866666666666667,0.7466666666666667,0.0,0.0,0.025,0.48,0.614,0.049
549,2,places,140224,140480,256,0.12890625,0.5699999928474426,194,45,0.9845360824742269,0.6444444444444445,0.8565022421524664,0.8787878787878788,0.10699999999999998,0.04400000000000004,0.014,0.014,0.618,9617,0.99,0.7333333333333333,0.0,0.0,0.023,0.478,0.618,0.041
550,2,places,140480,140736,256,0.1328125,0.5799999833106995,186,47,1.0,0.7021276595744681,0.8378378378378378,0.9705882352941176,0.119,0.03300000000000003,0.015,0.015,0.615,9629,0.9966666666666667,0.7366666666666667,0.0,0.0,0.017,0.467,0.615,0.046
551,2,places,140736,140992,256,0.1875,0.5799999833106995,185,58,0.9783783783783784,0.7241379310344828,0.8701923076923077,0.875,0.11099999999999999,0.02100000000000002,0.013,0.013,0.602,9642,0.9866666666666667,0.7233333333333334,0.0,0.0,0.017,0.469,0.602,0.042
552,2,places,140992,141248,256,0.18359375,0.5799999833106995,184,55,0.9782608695652174,0.7272727272727273,0.861244019138756,0.851063829787234,0.14700000000000002,0.029000000000000026,0.016,0.016,0.603,9655,0.9766666666666667,0.7266666666666667,0.0,0.0,0.019,0.472,0.603,0.051
553,2,places,141248,141504,256,0.21484375,0.5699999928474426,181,58,0.9834254143646409,0.8275862068965517,0.8855721393034826,0.8727272727272727,0.13,0.03500000000000003,0.015,0.015,0.613,9666,0.9866666666666667,0.74,0.0,0.0,0.017,0.486,0.613,0.048
554,2,places,141504,141760,256,0.16015625,0.5799999833106995,190,44,0.9736842105263158,0.75,0.8604651162790697,0.8048780487804879,0.14600000000000002,0.02400000000000002,0.015,0.015,0.601,9677,0.9766666666666667,0.7366666666666667,0.0,0.0,0.011,0.472,0.601,0.046
555,2,places,141760,142016,256,0.1796875,0.5799999833106995,166,59,0.9939759036144579,0.6610169491525424,0.7857142857142857,0.8478260869565217,0.11299999999999999,0.028000000000000025,0.016,0.015,0.567,9687,0.9866666666666667,0.73,0.0,0.0,0.006,0.448,0.567,0.044
556,2,places,142016,142272,256,0.16796875,0.5799999833106995,191,49,0.9738219895287958,0.7346938775510204,0.8732394366197183,0.8372093023255814,0.15100000000000002,0.038000000000000034,0.02,0.019,0.547,9702,0.98,0.7333333333333333,0.0,0.0,0.011,0.448,0.547,0.052
557,2,places,142272,142528,256,0.1484375,0.5799999833106995,179,55,0.994413407821229,0.6181818181818182,0.8165137614678899,0.8947368421052632,0.139,0.03700000000000003,0.022,0.021,0.551,9713,0.98,0.7166666666666667,0.0,0.0,0.01,0.445,0.551,0.059
558,2,places,142528,142784,256,0.15625,0.5799999833106995,187,47,0.9946524064171123,0.7659574468085106,0.8611111111111112,0.9,0.14100000000000001,0.03700000000000003,0.018,0.017,0.537,9726,0.9933333333333333,0.7266666666666667,0.0,0.0,0.011,0.423,0.537,0.053
559,2,places,142784,143040,256,0.15625,0.5799999833106995,192,46,0.96875,0.6739130434782609,0.8611111111111112,0.775,0.12,0.03600000000000003,0.02,0.019,0.538,9741,0.9766666666666667,0.6966666666666667,0.0,0.0,0.016,0.433,0.538,0.06
560,2,places,143040,143296,256,0.1484375,0.5799999833106995,182,51,0.989010989010989,0.6862745098039216,0.8256880733944955,0.9210526315789473,0.11399999999999999,0.03500000000000003,0.019,0.018,0.537,9751,0.9833333333333333,0.69,0.0,0.0,0.015,0.447,0.537,0.061
561,2,places,143296,143552,256,0.12890625,0.5799999833106995,193,39,0.9740932642487047,0.6410256410256411,0.8430493273542601,0.7575757575757576,0.14500000000000002,0.04500000000000004,0.016,0.016,0.538,9762,0.98,0.6833333333333333,0.0,0.0,0.019,0.44,0.538,0.054
562,2,places,143552,143808,256,0.1875,0.5799999833106995,179,58,0.9776536312849162,0.7413793103448276,0.8413461538461539,0.8958333333333334,0.118,0.04400000000000004,0.016,0.016,0.552,9777,0.97,0.6833333333333333,0.0,0.0,0.016,0.448,0.552,0.054
563,2,places,143808,144064,256,0.19140625,0.5799999833106995,182,58,0.9835164835164835,0.7413793103448276,0.8647342995169082,0.8775510204081632,0.16300000000000003,0.04400000000000004,0.013,0.013,0.547,9789,0.98,0.7133333333333334,0.0,0.0,0.021,0.462,0.547,0.039
564,2,places,144064,144320,256,0.15234375,0.5799999833106995,188,47,0.9574468085106383,0.5957446808510638,0.8294930875576036,0.717948717948718,0.14500000000000002,0.03600000000000003,0.014,0.014,0.557,9805,0.9666666666666667,0.6866666666666666,0.0,0.0,0.02,0.457,0.557,0.045
565,2,places,144320,144576,256,0.12890625,0.5799999833106995,196,47,0.9795918367346939,0.5957446808510638,0.8609865470852018,0.8484848484848485,0.139,0.029000000000000026,0.014,0.014,0.545,9817,0.9666666666666667,0.6733333333333333,0.0,0.0,0.027,0.452,0.545,0.037
566,2,places,144576,144832,256,0.1484375,0.5799999833106995,194,46,0.9845360824742269,0.7608695652173914,0.8761467889908257,0.9210526315789473,0.131,0.04600000000000004,0.013,0.013,0.543,9835,0.98,0.68,0.0,0.0,0.026,0.447,0.543,0.036
567,2,places,144832,145088,256,0.171875,0.5799999833106995,193,46,0.9740932642487047,0.6956521739130435,0.8867924528301887,0.7272727272727273,0.128,0.04700000000000004,0.013,0.012,0.554,9846,0.98,0.69,0.0,0.0,0.026,0.434,0.554,0.036
568,2,places,145088,145344,256,0.1796875,0.5799999833106995,189,50,0.9894179894179894,0.86,0.8904761904761904,0.9347826086956522,0.11699999999999999,0.040000000000000036,0.014,0.013,0.585,9850,0.99,0.7166666666666667,0.0,0.0,0.025,0.463,0.585,0.039
569,2,places,145344,145600,256,0.19140625,0.5799999833106995,175,59,0.9828571428571429,0.7457627118644068,0.8309178743961353,0.8979591836734694,0.12,0.028000000000000025,0.014,0.013,0.593,9856,0.9866666666666667,0.7133333333333334,0.0,0.0,0.028,0.46,0.593,0.037
570,2,places,145600,145856,256,0.1484375,0.5799999833106995,191,50,0.9790575916230366,0.64,0.8577981651376146,0.8421052631578947,0.14900000000000002,0.03200000000000003,0.014,0.013,0.596,9863,0.98,0.72,0.0,0.0,0.028,0.491,0.596,0.039
571,2,places,145856,146112,256,0.1875,0.5799999833106995,177,63,0.9774011299435028,0.6507936507936508,0.8317307692307693,0.8541666666666666,0.14100000000000001,0.026000000000000023,0.014,0.013,0.609,9870,0.9766666666666667,0.72,0.0,0.0,0.032,0.497,0.609,0.043
572,2,places,146112,146368,256,0.1796875,0.5799999833106995,181,57,0.988950276243094,0.6666666666666666,0.8523809523809524,0.8260869565217391,0.15100000000000002,0.04300000000000004,0.014,0.013,0.612,9878,0.9866666666666667,0.7133333333333334,0.0,0.0,0.033,0.514,0.612,0.048
573,2,places,146368,146624,256,0.18359375,0.5799999833106995,189,53,0.9735449735449735,0.7169811320754716,0.8803827751196173,0.8085106382978723,0.14900000000000002,0.03200000000000003,0.016,0.015,0.595,9883,0.9766666666666667,0.7,0.0,0.0,0.038,0.51,0.595,0.053
574,2,places,146624,146880,256,0.1796875,0.5799999833106995,181,54,0.9779005524861878,0.7407407407407407,0.8428571428571429,0.8695652173913043,0.15300000000000002,0.04200000000000004,0.014,0.013,0.58,9892,0.98,0.6833333333333333,0.0,0.0,0.032,0.484,0.58,0.051
575,2,places,146880,147136,256,0.171875,0.5699999928474426,183,60,0.9890710382513661,0.6166666666666667,0.8537735849056604,0.8409090909090909,0.14200000000000002,0.038000000000000034,0.012,0.011,0.574,9906,0.9833333333333333,0.68,0.0,0.0,0.034,0.469,0.574,0.049
576,2,places,147136,147392,256,0.14453125,0.5699999928474426,195,49,0.9846153846153847,0.6530612244897959,0.8767123287671232,0.8648648648648649,0.16800000000000004,0.025000000000000022,0.015,0.014,0.568,9924,0.99,0.66,0.0,0.0,0.027,0.465,0.568,0.061
577,2,places,147392,147648,256,0.16015625,0.5799999833106995,198,45,0.9747474747474747,0.7111111111111111,0.8976744186046511,0.7804878048780488,0.14200000000000002,0.03500000000000003,0.015,0.015,0.553,9938,0.9833333333333333,0.68,0.0,0.0,0.021,0.447,0.553,0.056
578,2,places,147648,147904,256,0.1640625,0.5799999833106995,198,44,0.9696969696969697,0.75,0.897196261682243,0.7857142857142857,0.10899999999999999,0.03200000000000003,0.014,0.014,0.569,9945,0.9633333333333334,0.6933333333333334,0.0,0.0,0.017,0.459,0.569,0.055
579,2,places,147904,148160,256,0.16015625,0.5799999833106995,189,51,0.9894179894179894,0.7058823529411765,0.8697674418604651,0.8780487804878049,0.11099999999999999,0.03400000000000003,0.015,0.015,0.58,9948,0.9733333333333334,0.6966666666666667,0.0,0.0,0.013,0.474,0.58,0.054
580,2,places,148160,148416,256,0.21484375,0.5699999928474426,180,59,0.9666666666666667,0.8135593220338984,0.8656716417910447,0.8727272727272727,0.136,0.040000000000000036,0.015,0.015,0.586,9958,0.9733333333333334,0.7033333333333334,0.0,0.0,0.013,0.483,0.586,0.051
581,2,places,148416,148672,256,0.17578125,0.5799999833106995,181,54,1.0,0.7407407407407407,0.8578199052132701,0.8888888888888888,0.14100000000000001,0.028000000000000025,0.013,0.013,0.598,9961,0.9866666666666667,0.73,0.0,0.0,0.012,0.501,0.598,0.049
582,2,places,148672,148928,256,0.15234375,0.5799999833106995,194,51,0.9896907216494846,0.7254901960784313,0.8847926267281107,0.9487179487179487,0.14,0.03400000000000003,0.013,0.013,0.601,9976,0.9933333333333333,0.74,0.0,0.0,0.019,0.501,0.601,0.039
583,2,places,148928,149184,256,0.13671875,0.5799999833106995,189,46,0.9947089947089947,0.717391304347826,0.8506787330316742,0.9428571428571428,0.118,0.03300000000000003,0.015,0.015,0.612,9984,0.9933333333333333,0.7466666666666667,0.0,0.0,0.019,0.505,0.612,0.04
584,2,places,149184,149440,256,0.1484375,0.5799999833106995,190,49,0.9736842105263158,0.6530612244897959,0.8486238532110092,0.8421052631578947,0.129,0.03200000000000003,0.015,0.015,0.602,9992,0.98,0.7233333333333334,0.0,0.0,0.017,0.51,0.602,0.038
585,2,places,149440,149696,256,0.17578125,0.5799999833106995,170,63,0.9764705882352941,0.6349206349206349,0.7867298578199052,0.8888888888888888,0.11399999999999999,0.027000000000000024,0.016,0.016,0.569,10000,0.9733333333333334,0.7066666666666667,0.0,0.0,0.019,0.479,0.569,0.036
586,2,places,149696,149952,256,0.10546875,0.5699999928474426,204,38,0.9852941176470589,0.5263157894736842,0.8777292576419214,0.7407407407407407,0.16500000000000004,0.028000000000000025,0.013,0.013,0.56,10007,0.9833333333333333,0.67,0.0,0.0,0.017,0.465,0.56,0.032
587,2,places,149952,150208,256,0.171875,0.5799999833106995,191,48,0.9842931937172775,0.7291666666666666,0.8867924528301887,0.7954545454545454,0.124,0.03300000000000003,0.013,0.013,0.548,10012,0.9866666666666667,0.67,0.0,0.0,0.01,0.452,0.548,0.031
588,2,places,150208,150464,256,0.12890625,0.5799999833106995,182,50,0.9835164835164835,0.58,0.8026905829596412,0.8787878787878788,0.13,0.038000000000000034,0.014,0.014,0.573,10018,0.9833333333333333,0.6466666666666666,0.0,0.0,0.007,0.464,0.573,0.036
589,2,places,150464,150720,256,0.1953125,0.5699999928474426,175,60,0.9885714285714285,0.7166666666666667,0.8398058252427184,0.86,0.121,0.028000000000000025,0.012,0.012,0.568,10029,0.99,0.6533333333333333,0.0,0.0,0.008,0.467,0.568,0.037
590,2,places,150720,150976,256,0.16796875,0.5699999928474426,188,55,0.9893617021276596,0.7272727272727273,0.8732394366197183,0.9302325581395349,0.139,0.03400000000000003,0.012,0.012,0.577,10040,0.99,0.6633333333333333,0.0,0.0,0.009,0.479,0.577,0.037
591,2,places,150976,151232,256,0.140625,0.5699999928474426,196,50,0.9846938775510204,0.66,0.8772727272727273,0.9166666666666666,0.14,0.03700000000000003,0.013,0.013,0.587,10043,0.9866666666666667,0.6666666666666666,0.0,0.0,0.01,0.477,0.587,0.048
592,2,places,151232,151488,256,0.17578125,0.5699999928474426,188,49,0.973404255319149,0.7346938775510204,0.8672985781990521,0.8,0.127,0.03200000000000003,0.014,0.014,0.588,10048,0.9766666666666667,0.7,0.0,0.0,0.012,0.492,0.588,0.053
593,2,places,151488,151744,256,0.17578125,0.5699999928474426,184,53,0.9836956521739131,0.7358490566037735,0.8578199052132701,0.8666666666666667,0.12,0.030000000000000027,0.014,0.014,0.599,10053,0.98,0.7,0.0,0.0,0.014,0.509,0.599,0.052
594,2,places,151744,152000,256,0.15625,0.5699999928474426,188,52,0.9840425531914894,0.6153846153846154,0.8564814814814815,0.8,0.124,0.028000000000000025,0.015,0.015,0.593,10059,0.9866666666666667,0.6966666666666667,0.0,0.0,0.015,0.5,0.593,0.057
595,2,places,152000,152256,256,0.1640625,0.5699999928474426,190,53,0.9894736842105263,0.7358490566037735,0.8785046728971962,0.9285714285714286,0.132,0.038000000000000034,0.015,0.015,0.59,10073,0.99,0.7,0.0,0.0,0.012,0.491,0.59,0.057
596,2,places,152256,152512,256,0.1640625,0.5699999928474426,187,56,0.9946524064171123,0.7142857142857143,0.8691588785046729,0.9523809523809523,0.122,0.025000000000000022,0.014,0.014,0.6,10078,0.9933333333333333,0.7066666666666667,0.0,0.0,0.011,0.495,0.6,0.058
597,2,places,152512,152768,256,0.16796875,0.5699999928474426,185,57,0.9945945945945946,0.6842105263157895,0.863849765258216,0.9069767441860465,0.138,0.03500000000000003,0.014,0.014,0.593,10088,0.9933333333333333,0.7,0.0,0.0,0.009,0.485,0.593,0.049
598,2,places,152768,153024,256,0.19140625,0.5699999928474426,183,56,0.9890710382513661,0.8035714285714286,0.8743961352657005,0.9183673469387755,0.13,0.041000000000000036,0.012,0.012,0.587,10101,0.99,0.7033333333333334,0.0,0.0,0.009,0.474,0.587,0.044
599,2,places,153024,153280,256,0.1953125,0.5699999928474426,185,55,0.9891891891891892,0.8545454545454545,0.8883495145631068,0.94,0.14600000000000002,0.03600000000000003,0.013,0.013,0.596,10113,0.99,0.7433333333333333,0.0,0.0,0.01,0.467,0.596,0.044
600,2,places,153280,153536,256,0.1640625,0.5699999928474426,182,55,0.989010989010989,0.6727272727272727,0.8411214953271028,0.8809523809523809,0.131,0.029000000000000026,0.012,0.012,0.614,10120,0.9866666666666667,0.75,0.0,0.0,0.013,0.475,0.614,0.043
601,2,places,153536,153792,256,0.15234375,0.5699999928474426,189,46,0.9894179894179894,0.717391304347826,0.8617511520737328,0.8461538461538461,0.15100000000000002,0.030000000000000027,0.011,0.011,0.618,10128,0.9933333333333333,0.7433333333333333,0.0,0.0,0.012,0.48,0.618,0.047
602,2,places,153792,154048,256,0.1796875,0.5699999928474426,195,46,0.9692307692307692,0.7391304347826086,0.9,0.7391304347826086,0.129,0.038000000000000034,0.012,0.012,0.615,10139,0.9766666666666667,0.7433333333333333,0.0,0.0,0.013,0.481,0.615,0.047
603,2,places,154048,154304,256,0.16796875,0.5699999928474426,182,58,0.989010989010989,0.6724137931034483,0.8450704225352113,0.9069767441860465,0.12,0.03200000000000003,0.011,0.011,0.6,10146,0.98,0.75,0.0,0.0,0.015,0.467,0.6,0.044
604,2,places,154304,154560,256,0.171875,0.5699999928474426,183,56,0.9890710382513661,0.75,0.8537735849056604,0.9545454545454546,0.17700000000000005,0.03400000000000003,0.013,0.013,0.578,10164,0.99,0.7233333333333334,0.0,0.0,0.018,0.448,0.578,0.048
605,2,places,154560,154816,256,0.17578125,0.5699999928474426,176,57,0.9715909090909091,0.6842105263157895,0.8104265402843602,0.8666666666666667,0.14300000000000002,0.040000000000000036,0.013,0.013,0.585,10172,0.98,0.7,0.0,0.0,0.018,0.444,0.585,0.044
606,2,places,154816,155072,256,0.13671875,0.5799999833106995,187,51,0.9786096256684492,0.6078431372549019,0.8280542986425339,0.8857142857142857,0.137,0.04300000000000004,0.015,0.014,0.559,10185,0.9766666666666667,0.6966666666666667,0.0,0.0,0.026,0.426,0.559,0.038
607,2,places,155072,155328,256,0.18359375,0.5799999833106995,176,57,0.9829545454545454,0.7192982456140351,0.8277511961722488,0.8723404255319149,0.11499999999999999,0.03300000000000003,0.016,0.015,0.566,10188,0.98,0.6933333333333334,0.0,0.0,0.024,0.438,0.566,0.037
608,2,places,155328,155584,256,0.1328125,0.5799999833106995,191,46,1.0,0.6521739130434783,0.8603603603603603,0.8823529411764706,0.16300000000000003,0.039000000000000035,0.014,0.013,0.569,10196,0.9933333333333333,0.6733333333333333,0.0,0.0,0.025,0.452,0.569,0.034
609,2,places,155584,155840,256,0.1953125,0.5799999833106995,175,61,0.9771428571428571,0.6885245901639344,0.8300970873786407,0.84,0.128,0.03300000000000003,0.015,0.014,0.577,10203,0.9866666666666667,0.6833333333333333,0.0,0.0,0.02,0.449,0.577,0.037
610,2,places,155840,156096,256,0.19921875,0.5799999833106995,173,65,0.9942196531791907,0.7538461538461538,0.8390243902439024,0.9607843137254902,0.14700000000000002,0.040000000000000036,0.015,0.014,0.6,10215,0.9833333333333333,0.6866666666666666,0.0,0.0,0.021,0.472,0.6,0.041
611,2,places,156096,156352,256,0.171875,0.5799999833106995,180,57,0.9944444444444445,0.7192982456140351,0.8443396226415094,0.9318181818181818,0.15200000000000002,0.030000000000000027,0.015,0.014,0.572,10231,0.9933333333333333,0.7066666666666667,0.0,0.0,0.019,0.47,0.572,0.045
612,2,places,156352,156608,256,0.1796875,0.5799999833106995,194,44,0.979381443298969,0.8863636363636364,0.9047619047619048,0.8478260869565217,0.133,0.040000000000000036,0.013,0.013,0.59,10241,0.9866666666666667,0.74,0.0,0.0,0.022,0.489,0.59,0.047
613,2,places,156608,156864,256,0.140625,0.5799999833106995,178,51,0.9887640449438202,0.6274509803921569,0.8,0.8888888888888888,0.124,0.03600000000000003,0.013,0.013,0.607,10248,0.9833333333333333,0.7266666666666667,0.0,0.0,0.019,0.496,0.607,0.052
614,2,places,156864,157120,256,0.20703125,0.5799999833106995,172,61,0.9767441860465116,0.7540983606557377,0.8275862068965517,0.8679245283018868,0.14200000000000002,0.04700000000000004,0.014,0.014,0.601,10248,0.9833333333333333,0.75,0.0,0.0,0.02,0.517,0.601,0.051
615,2,places,157120,157376,256,0.171875,0.5799999833106995,194,46,0.9742268041237113,0.782608695652174,0.8915094339622641,0.8181818181818182,0.136,0.03400000000000003,0.015,0.015,0.595,10256,0.9733333333333334,0.7433333333333333,0.0,0.0,0.022,0.51,0.595,0.045
616,2,places,157376,157632,256,0.23828125,0.5799999833106995,171,65,0.9883040935672515,0.8307692307692308,0.8666666666666667,0.8852459016393442,0.11299999999999999,0.03300000000000003,0.015,0.015,0.605,10261,0.98,0.77,0.0,0.0,0.02,0.51,0.605,0.044
617,2,places,157632,157888,256,0.16015625,0.5799999833106995,194,50,1.0,0.8,0.9023255813953488,0.975609756097561,0.138,0.04300000000000004,0.013,0.013,0.615,10263,0.9933333333333333,0.7733333333333333,0.0,0.0,0.016,0.515,0.615,0.042
618,2,places,157888,158144,256,0.16015625,0.5799999833106995,185,49,0.9891891891891892,0.7551020408163265,0.8511627906976744,0.9024390243902439,0.11699999999999999,0.02400000000000002,0.014,0.014,0.611,10271,0.9933333333333333,0.7733333333333333,0.0,0.0,0.012,0.515,0.611,0.042
619,2,places,158144,158400,256,0.1484375,0.5799999833106995,190,48,0.9736842105263158,0.625,0.8486238532110092,0.7894736842105263,0.11599999999999999,0.03300000000000003,0.014,0.014,0.593,10280,0.98,0.7566666666666667,0.0,0.0,0.012,0.501,0.593,0.036
620,2,places,158400,158656,256,0.1328125,0.5799999833106995,203,40,0.9852216748768473,0.775,0.9009009009009009,0.9117647058823529,0.14200000000000002,0.039000000000000035,0.012,0.012,0.598,10289,0.9766666666666667,0.7666666666666667,0.0,0.0,0.008,0.481,0.598,0.039
621,2,places,158656,158912,256,0.16796875,0.5799999833106995,182,52,0.9725274725274725,0.7115384615384616,0.8309859154929577,0.8604651162790697,0.125,0.03400000000000003,0.012,0.012,0.597,10294,0.9766666666666667,0.7533333333333333,0.0,0.0,0.008,0.465,0.597,0.042
622,2,places,158912,159168,256,0.16796875,0.5799999833106995,187,51,0.9893048128342246,0.7647058823529411,0.8685446009389671,0.9069767441860465,0.131,0.03600000000000003,0.011,0.011,0.58,10301,0.99,0.7366666666666667,0.0,0.0,0.009,0.462,0.58,0.04
623,2,places,159168,159424,256,0.1875,0.5799999833106995,180,57,0.9888888888888889,0.7192982456140351,0.8557692307692307,0.8541666666666666,0.127,0.029000000000000026,0.009,0.009,0.562,10305,0.99,0.7266666666666667,0.0,0.0,0.011,0.461,0.562,0.043
624,2,places,159424,159680,256,0.12890625,0.5799999833106995,181,53,1.0,0.5660377358490566,0.8116591928251121,0.9090909090909091,0.14200000000000002,0.03200000000000003,0.01,0.01,0.574,10308,1.0,0.69,0.0,0.0,0.015,0.459,0.574,0.048
625,2,places,159680,159936,256,0.15625,0.5799999833106995,187,50,0.9893048128342246,0.74,0.8564814814814815,0.925,0.136,0.027000000000000024,0.011,0.011,0.575,10313,0.9933333333333333,0.71,0.0,0.0,0.016,0.445,0.575,0.058
626,2,places,159936,160192,256,0.1875,0.5799999833106995,179,64,0.9720670391061452,0.671875,0.8365384615384616,0.8958333333333334,0.12,0.03700000000000003,0.011,0.011,0.586,10320,0.9766666666666667,0.6866666666666666,0.0,0.0,0.015,0.445,0.586,0.055
627,2,places,160192,160448,256,0.16015625,0.5799999833106995,179,52,0.9776536312849162,0.6730769230769231,0.813953488372093,0.8536585365853658,0.17700000000000005,0.029000000000000026,0.012,0.012,0.583,10333,0.9766666666666667,0.6733333333333333,0.0,0.0,0.011,0.452,0.583,0.057
628,2,places,160448,160704,256,0.15234375,0.5799999833106995,187,45,0.9786096256684492,0.6888888888888889,0.8433179723502304,0.7948717948717948,0.14500000000000002,0.028000000000000025,0.015,0.014,0.568,10341,0.9766666666666667,0.6633333333333333,0.0,0.0,0.019,0.452,0.568,0.057
629,2,places,160704,160960,256,0.171875,0.5799999833106995,189,47,0.9894179894179894,0.8297872340425532,0.8820754716981132,0.8863636363636364,0.131,0.038000000000000034,0.018,0.017,0.561,10351,0.9866666666666667,0.69,0.0,0.0,0.019,0.441,0.561,0.055
630,2,places,160960,161216,256,0.15625,0.5799999833106995,191,53,0.9790575916230366,0.660377358490566,0.8657407407407407,0.875,0.123,0.038000000000000034,0.017,0.016,0.562,10360,0.98,0.7033333333333334,0.0,0.0,0.017,0.436,0.562,0.041
631,2,places,161216,161472,256,0.12890625,0.5799999833106995,190,44,0.9894736842105263,0.7045454545454546,0.8430493273542601,0.9393939393939394,0.137,0.029000000000000026,0.016,0.015,0.561,10367,0.9866666666666667,0.6966666666666667,0.0,0.0,0.017,0.446,0.561,0.038
632,2,places,161472,161728,256,0.16015625,0.5799999833106995,177,52,0.9887005649717514,0.6923076923076923,0.813953488372093,0.8780487804878049,0.10499999999999998,0.026000000000000023,0.016,0.015,0.545,10376,0.9933333333333333,0.71,0.0,0.0,0.017,0.429,0.545,0.031
633,2,places,161728,161984,256,0.1796875,0.5799999833106995,184,52,0.9836956521739131,0.7692307692307693,0.861904761904762,0.8695652173913043,0.14400000000000002,0.03300000000000003,0.015,0.014,0.542,10394,0.9866666666666667,0.7233333333333334,0.0,0.0,0.017,0.441,0.542,0.032
634,2,places,161984,162240,256,0.12890625,0.5799999833106995,201,35,0.9850746268656716,0.7714285714285715,0.8878923766816144,0.8181818181818182,0.14300000000000002,0.04600000000000004,0.014,0.014,0.537,10404,0.9866666666666667,0.73,0.0,0.0,0.015,0.453,0.537,0.033
635,2,places,162240,162496,256,0.1640625,0.5799999833106995,191,49,0.9842931937172775,0.7346938775510204,0.8785046728971962,0.8571428571428571,0.10199999999999998,0.039000000000000035,0.012,0.012,0.538,10416,0.98,0.7233333333333334,0.0,0.0,0.016,0.446,0.538,0.03
636,2,places,162496,162752,256,0.15625,0.5799999833106995,193,46,0.9896373056994818,0.7391304347826086,0.8842592592592593,0.85,0.134,0.04200000000000004,0.008,0.008,0.527,10426,0.9866666666666667,0.7333333333333333,0.0,0.0,0.012,0.437,0.527,0.025
637,2,places,162752,163008,256,0.14453125,0.5799999833106995,182,48,0.9945054945054945,0.7083333333333334,0.8264840182648402,0.918918918918919,0.118,0.03300000000000003,0.011,0.011,0.537,10435,0.99,0.7366666666666667,0.0,0.0,0.012,0.451,0.537,0.028
638,2,places,163008,163264,256,0.15234375,0.5799999833106995,195,52,0.9794871794871794,0.6730769230769231,0.880184331797235,0.8974358974358975,0.137,0.041000000000000036,0.012,0.012,0.544,10443,0.9866666666666667,0.72,0.0,0.0,0.012,0.458,0.544,0.033
639,2,places,163264,163520,256,0.17578125,0.5799999833106995,183,54,0.994535519125683,0.7962962962962963,0.8625592417061612,0.9555555555555556,0.14400000000000002,0.04200000000000004,0.01,0.01,0.551,10447,0.9833333333333333,0.7266666666666667,0.0,0.0,0.013,0.476,0.551,0.031
640,2,places,163520,163776,256,0.1484375,0.5799999833106995,196,49,0.9744897959183674,0.673469387755102,0.8761467889908257,0.868421052631579,0.14300000000000002,0.03200000000000003,0.01,0.01,0.546,10454,0.9833333333333333,0.72,0.0,0.0,0.014,0.467,0.546,0.034
641,2,places,163776,164032,256,0.16796875,0.5799999833106995,190,49,0.9894736842105263,0.7551020408163265,0.8826291079812206,0.8604651162790697,0.136,0.040000000000000036,0.011,0.011,0.539,10472,0.9833333333333333,0.7266666666666667,0.0,0.0,0.008,0.458,0.539,0.035
642,2,places,164032,164288,256,0.16015625,0.5799999833106995,181,54,0.988950276243094,0.6481481481481481,0.8325581395348837,0.8536585365853658,0.135,0.038000000000000034,0.012,0.012,0.544,10484,0.9933333333333333,0.7066666666666667,0.0,0.0,0.009,0.477,0.544,0.044
643,2,places,164288,164544,256,0.15234375,0.5799999833106995,198,46,0.9848484848484849,0.7391304347826086,0.8986175115207373,0.8717948717948718,0.124,0.031000000000000028,0.011,0.011,0.536,10491,0.99,0.7133333333333334,0.0,0.0,0.011,0.474,0.536,0.042
644,2,places,164544,164800,256,0.1875,0.5799999833106995,188,55,0.9840425531914894,0.7636363636363637,0.8894230769230769,0.875,0.124,0.027000000000000024,0.014,0.014,0.54,10502,0.98,0.73,0.0,0.0,0.013,0.468,0.54,0.042
645,2,places,164800,165056,256,0.19921875,0.5799999833106995,174,61,0.9770114942528736,0.7377049180327869,0.8292682926829268,0.8823529411764706,0.128,0.028000000000000025,0.014,0.014,0.559,10510,0.98,0.72,0.0,0.0,0.018,0.467,0.559,0.047
646,2,places,165056,165312,256,0.23046875,0.5799999833106995,171,67,0.9941520467836257,0.7761194029850746,0.8629441624365483,0.8813559322033898,0.14200000000000002,0.038000000000000034,0.011,0.011,0.555,10518,0.9833333333333333,0.7333333333333333,0.0,0.0,0.02,0.472,0.555,0.044
647,2,places,165312,165568,256,0.17578125,0.5799999833106995,182,52,0.9835164835164835,0.75,0.8483412322274881,0.8666666666666667,0.16300000000000003,0.03600000000000003,0.013,0.013,0.564,10533,0.9866666666666667,0.7533333333333333,0.0,0.0,0.028,0.486,0.564,0.04
648,2,places,165568,165824,256,0.16015625,0.5799999833106995,184,54,0.9945652173913043,0.7222222222222222,0.8511627906976744,0.9512195121951219,0.133,0.03300000000000003,0.014,0.014,0.58,10537,0.9866666666666667,0.7566666666666667,0.0,0.0,0.029,0.491,0.58,0.037
649,2,places,165824,166080,256,0.16015625,0.5799999833106995,193,46,0.9792746113989638,0.7391304347826086,0.8790697674418605,0.8292682926829268,0.16400000000000003,0.03500000000000003,0.014,0.013,0.594,10542,0.9866666666666667,0.75,0.0,0.0,0.023,0.494,0.594,0.043
650,2,places,166080,166336,256,0.171875,0.5799999833106995,195,48,0.9794871794871794,0.7708333333333334,0.9009433962264151,0.8409090909090909,0.118,0.03700000000000003,0.011,0.011,0.582,10546,0.9833333333333333,0.75,0.0,0.0,0.023,0.499,0.582,0.039
651,2,places,166336,166592,256,0.16015625,0.5799999833106995,202,42,0.9851485148514851,0.8095238095238095,0.9255813953488372,0.8292682926829268,0.12,0.031000000000000028,0.011,0.011,0.573,10549,0.98,0.76,0.0,0.0,0.02,0.48,0.573,0.041
652,2,places,166592,166848,256,0.14453125,0.5799999833106995,187,54,0.9893048128342246,0.6296296296296297,0.8447488584474886,0.918918918918919,0.11599999999999999,0.028000000000000025,0.012,0.012,0.57,10555,0.9866666666666667,0.7333333333333333,0.0,0.0,0.023,0.486,0.57,0.046
653,2,places,166848,167104,256,0.18359375,0.5799999833106995,183,58,0.9726775956284153,0.7241379310344828,0.8516746411483254,0.8936170212765957,0.118,0.031000000000000028,0.012,0.012,0.559,10561,0.98,0.7266666666666667,0.0,0.0,0.02,0.472,0.559,0.047
654,2,places,167104,167360,256,0.1875,0.5799999833106995,182,57,0.978021978021978,0.6842105263157895,0.8557692307692307,0.8125,0.14300000000000002,0.029000000000000026,0.012,0.012,0.575,10568,0.98,0.7166666666666667,0.0,0.0,0.011,0.471,0.575,0.049
655,2,places,167360,167616,256,0.1640625,0.5799999833106995,182,62,0.989010989010989,0.6290322580645161,0.8411214953271028,0.9285714285714286,0.14900000000000002,0.03200000000000003,0.011,0.011,0.578,10583,0.98,0.6933333333333334,0.0,0.0,0.007,0.467,0.578,0.048
656,2,places,167616,167872,256,0.15234375,0.5799999833106995,185,54,0.9783783783783784,0.5925925925925926,0.8341013824884793,0.8205128205128205,0.15900000000000003,0.03300000000000003,0.011,0.011,0.591,10591,0.98,0.66,0.0,0.0,0.007,0.484,0.591,0.05
657,2,places,167872,168128,256,0.15625,0.5799999833106995,186,49,0.989247311827957,0.7346938775510204,0.8518518518518519,0.9,0.14900000000000002,0.03300000000000003,0.011,0.011,0.572,10593,0.9833333333333333,0.6733333333333333,0.0,0.0,0.008,0.466,0.572,0.049
658,2,places,168128,168384,256,0.1875,0.5799999833106995,187,58,0.983957219251337,0.7586206896551724,0.8846153846153846,0.9166666666666666,0.12,0.038000000000000034,0.013,0.013,0.565,10600,0.9833333333333333,0.6733333333333333,0.0,0.0,0.009,0.458,0.565,0.05
659,2,places,168384,168640,256,0.17578125,0.5799999833106995,180,53,0.9666666666666667,0.7169811320754716,0.8246445497630331,0.8444444444444444,0.14200000000000002,0.03400000000000003,0.015,0.015,0.554,10607,0.9733333333333334,0.68,0.0,0.0,0.016,0.467,0.554,0.044
660,2,places,168640,168896,256,0.140625,0.5799999833106995,188,51,0.9787234042553191,0.6078431372549019,0.8363636363636363,0.8611111111111112,0.14600000000000002,0.03700000000000003,0.014,0.014,0.546,10621,0.97,0.6633333333333333,0.0,0.0,0.019,0.476,0.546,0.047
661,2,places,168896,169152,256,0.1796875,0.5799999833106995,179,59,0.9832402234636871,0.6949152542372882,0.8380952380952381,0.8913043478260869,0.136,0.03700000000000003,0.014,0.014,0.525,10629,0.98,0.69,0.0,0.0,0.019,0.446,0.525,0.044
662,2,places,169152,169408,256,0.18359375,0.5799999833106995,185,51,0.9783783783783784,0.7647058823529411,0.8660287081339713,0.8297872340425532,0.16900000000000004,0.04400000000000004,0.016,0.016,0.553,10639,0.98,0.71,0.0,0.0,0.018,0.465,0.553,0.049
663,2,places,169408,169664,256,0.16796875,0.5799999833106995,176,55,0.9886363636363636,0.6909090909090909,0.8169014084507042,0.8837209302325582,0.14700000000000002,0.030000000000000027,0.016,0.015,0.573,10646,0.9866666666666667,0.6933333333333334,0.0,0.0,0.022,0.491,0.573,0.049
664,2,places,169664,169920,256,0.13671875,0.5799999833106995,191,43,1.0,0.7674418604651163,0.8642533936651584,0.9428571428571428,0.14900000000000002,0.03500000000000003,0.017,0.016,0.559,10652,0.9966666666666667,0.7066666666666667,0.0,0.0,0.028,0.485,0.559,0.051
665,2,places,169920,170176,256,0.15625,0.5799999833106995,177,60,0.9887005649717514,0.6166666666666667,0.8101851851851852,0.925,0.11599999999999999,0.03600000000000003,0.015,0.014,0.565,10658,0.9933333333333333,0.6833333333333333,0.0,0.0,0.026,0.488,0.565,0.048
666,2,places,170176,170432,256,0.15234375,0.5799999833106995,182,51,0.989010989010989,0.6862745098039216,0.8294930875576036,0.8974358974358975,0.138,0.03500000000000003,0.014,0.013,0.569,10661,0.99,0.7033333333333334,0.0,0.0,0.027,0.471,0.569,0.047
667,2,places,170432,170688,256,0.16796875,0.5799999833106995,187,55,0.9893048128342246,0.7090909090909091,0.8685446009389671,0.9069767441860465,0.14600000000000002,0.038000000000000034,0.013,0.012,0.565,10668,0.9866666666666667,0.7,0.0,0.0,0.027,0.467,0.565,0.044
668,2,places,170688,170944,256,0.1796875,0.5799999833106995,182,59,0.9945054945054945,0.7457627118644068,0.861904761904762,0.9565217391304348,0.13,0.03500000000000003,0.011,0.01,0.552,10677,0.9933333333333333,0.6933333333333334,0.0,0.0,0.026,0.455,0.552,0.044
669,2,places,170944,171200,256,0.203125,0.5799999833106995,185,60,0.972972972972973,0.7333333333333333,0.8823529411764706,0.8461538461538461,0.15600000000000003,0.039000000000000035,0.01,0.01,0.557,10680,0.98,0.7033333333333334,0.0,0.0,0.033,0.453,0.557,0.041
670,2,places,171200,171456,256,0.15625,0.5799999833106995,197,45,0.9847715736040609,0.8,0.8981481481481481,0.9,0.16200000000000003,0.041000000000000036,0.009,0.009,0.552,10691,0.98,0.7166666666666667,0.0,0.0,0.032,0.444,0.552,0.041
671,2,places,171456,171712,256,0.1484375,0.5799999833106995,188,55,0.9840425531914894,0.6363636363636364,0.8486238532110092,0.9210526315789473,0.135,0.03400000000000003,0.009,0.009,0.547,10703,0.9833333333333333,0.7266666666666667,0.0,0.0,0.027,0.453,0.547,0.036
672,2,places,171712,171968,256,0.171875,0.5799999833106995,184,56,0.9782608695652174,0.6785714285714286,0.8490566037735849,0.8636363636363636,0.14900000000000002,0.04800000000000004,0.009,0.009,0.559,10713,0.9833333333333333,0.7166666666666667,0.0,0.0,0.026,0.467,0.559,0.037
673,2,places,171968,172224,256,0.16796875,0.5799999833106995,200,45,0.965,0.7555555555555555,0.9061032863849765,0.7906976744186046,0.14600000000000002,0.028000000000000025,0.01,0.01,0.555,10719,0.9666666666666667,0.72,0.0,0.0,0.025,0.465,0.555,0.036
674,2,places,172224,172480,256,0.1953125,0.5799999833106995,182,55,0.989010989010989,0.8363636363636363,0.8737864077669902,0.92,0.123,0.039000000000000035,0.009,0.009,0.542,10726,0.9766666666666667,0.7366666666666667,0.0,0.0,0.031,0.454,0.542,0.034
675,2,places,172480,172736,256,0.1796875,0.5799999833106995,189,52,0.9841269841269841,0.7692307692307693,0.8857142857142857,0.8695652173913043,0.138,0.031000000000000028,0.01,0.01,0.546,10731,0.9866666666666667,0.74,0.0,0.0,0.024,0.446,0.546,0.039
676,2,places,172736,172992,256,0.19140625,0.5799999833106995,184,56,0.9945652173913043,0.8035714285714286,0.8840579710144928,0.9183673469387755,0.134,0.03200000000000003,0.011,0.011,0.547,10739,0.9866666666666667,0.75,0.0,0.0,0.025,0.443,0.547,0.04
677,2,places,172992,173248,256,0.171875,0.5799999833106995,188,53,0.9840425531914894,0.7358490566037735,0.8726415094339622,0.8863636363636364,0.14700000000000002,0.04600000000000004,0.012,0.012,0.557,10752,0.9866666666666667,0.76,0.0,0.0,0.021,0.441,0.557,0.044
678,2,places,173248,173504,256,0.140625,0.5799999833106995,184,48,0.9945652173913043,0.7083333333333334,0.8318181818181818,0.9444444444444444,0.15600000000000003,0.041000000000000036,0.011,0.011,0.56,10757,0.9866666666666667,0.77,0.0,0.0,0.021,0.448,0.56,0.047
679,2,places,173504,173760,256,0.1640625,0.5799999833106995,174,54,0.9885057471264368,0.6666666666666666,0.8037383177570093,0.8571428571428571,0.14500000000000002,0.04700000000000004,0.016,0.016,0.581,10766,0.99,0.7466666666666667,0.0,0.0,0.019,0.459,0.581,0.054
680,2,places,173760,174016,256,0.18359375,0.5799999833106995,188,57,0.9946808510638298,0.7719298245614035,0.8947368421052632,0.9361702127659575,0.11499999999999999,0.040000000000000036,0.013,0.013,0.572,10777,0.99,0.7466666666666667,0.0,0.0,0.022,0.46,0.572,0.054
681,2,places,174016,174272,256,0.15625,0.5799999833106995,187,52,0.983957219251337,0.7115384615384616,0.8518518518518519,0.925,0.14700000000000002,0.03600000000000003,0.014,0.014,0.567,10784,0.9866666666666667,0.73,0.0,0.0,0.019,0.454,0.567,0.06
682,2,places,174272,174528,256,0.1875,0.5799999833106995,184,49,0.9565217391304348,0.7959183673469388,0.8461538461538461,0.8125,0.121,0.03400000000000003,0.018,0.018,0.572,10791,0.9633333333333334,0.7366666666666667,0.0,0.0,0.02,0.456,0.572,0.069
683,2,places,174528,174784,256,0.16015625,0.5799999833106995,184,52,0.9728260869565217,0.6730769230769231,0.8325581395348837,0.8536585365853658,0.121,0.03200000000000003,0.016,0.016,0.587,10795,0.9666666666666667,0.72,0.0,0.0,0.018,0.465,0.587,0.072
684,2,places,174784,175040,256,0.1875,0.5799999833106995,173,65,0.9884393063583815,0.6615384615384615,0.8221153846153846,0.8958333333333334,0.132,0.03400000000000003,0.015,0.015,0.583,10804,0.9866666666666667,0.7133333333333334,0.0,0.0,0.02,0.454,0.583,0.071
685,2,places,175040,175296,256,0.13671875,0.5799999833106995,191,46,0.9842931937172775,0.6304347826086957,0.8506787330316742,0.8285714285714286,0.15500000000000003,0.03500000000000003,0.015,0.015,0.597,10813,0.9833333333333333,0.7033333333333334,0.0,0.0,0.015,0.466,0.597,0.069
686,2,places,175296,175552,256,0.16796875,0.5799999833106995,179,62,0.994413407821229,0.6612903225806451,0.8356807511737089,0.9534883720930233,0.10999999999999999,0.03300000000000003,0.014,0.014,0.597,10818,0.9933333333333333,0.69,0.0,0.0,0.013,0.479,0.597,0.073
687,2,places,175552,175808,256,0.1953125,0.5799999833106995,175,63,0.9942857142857143,0.7142857142857143,0.8446601941747572,0.9,0.16800000000000004,0.025000000000000022,0.015,0.015,0.595,10833,0.9933333333333333,0.6766666666666666,0.0,0.0,0.009,0.489,0.595,0.069
688,2,places,175808,176064,256,0.140625,0.5799999833106995,184,50,0.9945652173913043,0.64,0.8318181818181818,0.8888888888888888,0.14200000000000002,0.03600000000000003,0.013,0.013,0.579,10848,0.9933333333333333,0.66,0.0,0.0,0.008,0.467,0.579,0.068
689,2,places,176064,176320,256,0.20703125,0.5799999833106995,179,54,0.9832402234636871,0.8333333333333334,0.8669950738916257,0.8490566037735849,0.137,0.03500000000000003,0.014,0.014,0.574,10861,0.9866666666666667,0.69,0.0,0.0,0.009,0.466,0.574,0.064
690,2,places,176320,176576,256,0.16015625,0.5799999833106995,186,47,0.989247311827957,0.7659574468085106,0.8558139534883721,0.8780487804878049,0.131,0.030000000000000027,0.014,0.014,0.571,10864,0.9866666666666667,0.7166666666666667,0.0,0.0,0.009,0.443,0.571,0.065
691,2,places,176576,176832,256,0.1875,0.5799999833106995,183,54,0.9836065573770492,0.7777777777777778,0.8653846153846154,0.875,0.124,0.029000000000000026,0.013,0.013,0.574,10870,0.99,0.7333333333333333,0.0,0.0,0.009,0.456,0.574,0.056
692,2,places,176832,177088,256,0.1953125,0.5799999833106995,176,53,0.9602272727272727,0.7169811320754716,0.8203883495145631,0.76,0.14100000000000001,0.039000000000000035,0.014,0.014,0.588,10873,0.97,0.7466666666666667,0.0,0.0,0.01,0.445,0.588,0.053
693,2,places,177088,177344,256,0.203125,0.5799999833106995,175,57,0.9885714285714285,0.7894736842105263,0.8480392156862745,0.8653846153846154,0.14200000000000002,0.03500000000000003,0.015,0.015,0.56,10882,0.9766666666666667,0.7733333333333333,0.0,0.0,0.014,0.44,0.56,0.053
694,2,places,177344,177600,256,0.2109375,0.5799999833106995,169,66,0.9822485207100592,0.7121212121212122,0.8217821782178217,0.8703703703703703,0.16400000000000003,0.029000000000000026,0.016,0.016,0.564,10889,0.9866666666666667,0.76,0.0,0.0,0.014,0.426,0.564,0.057
695,2,places,177600,177856,256,0.1484375,0.5799999833106995,191,49,0.9895287958115183,0.6938775510204082,0.8669724770642202,0.8947368421052632,0.15600000000000003,0.03200000000000003,0.017,0.017,0.584,10892,0.9866666666666667,0.7433333333333333,0.0,0.0,0.015,0.449,0.584,0.061
696,2,places,177856,178112,256,0.15234375,0.5799999833106995,185,53,0.9945945945945946,0.7169811320754716,0.847926267281106,0.9743589743589743,0.121,0.03300000000000003,0.017,0.017,0.591,10899,0.9933333333333333,0.7333333333333333,0.0,0.0,0.014,0.446,0.591,0.065
697,2,places,178112,178368,256,0.2109375,0.5799999833106995,182,56,0.967032967032967,0.7857142857142857,0.8712871287128713,0.8148148148148148,0.11599999999999999,0.03300000000000003,0.017,0.017,0.59,10906,0.9766666666666667,0.74,0.0,0.0,0.019,0.455,0.59,0.066
698,2,places,178368,178624,256,0.171875,0.5799999833106995,183,52,0.9781420765027322,0.7307692307692307,0.8443396226415094,0.8636363636363636,0.15700000000000003,0.03500000000000003,0.012,0.012,0.61,10910,0.9766666666666667,0.73,0.0,0.0,0.021,0.461,0.61,0.06
699,2,places,178624,178880,256,0.17578125,0.5799999833106995,190,49,0.9789473684210527,0.7346938775510204,0.8815165876777251,0.8,0.14100000000000001,0.03700000000000003,0.013,0.013,0.617,10918,0.98,0.72,0.0,0.0,0.019,0.482,0.617,0.064
700,2,places,178880,179136,256,0.14453125,0.5799999833106995,190,50,0.9789473684210527,0.62,0.8493150684931506,0.8378378378378378,0.118,0.027000000000000024,0.014,0.014,0.614,10923,0.9833333333333333,0.7133333333333334,0.0,0.0,0.02,0.48,0.614,0.06
701,2,places,179136,179392,256,0.1640625,0.5799999833106995,187,45,0.983957219251337,0.8222222222222222,0.8598130841121495,0.8809523809523809,0.127,0.04200000000000004,0.014,0.014,0.613,10930,0.98,0.7333333333333333,0.0,0.0,0.02,0.493,0.613,0.056
702,2,places,179392,179648,256,0.14453125,0.5799999833106995,200,38,0.97,0.7631578947368421,0.8858447488584474,0.7837837837837838,0.09899999999999998,0.03400000000000003,0.014,0.014,0.624,10931,0.9766666666666667,0.7433333333333333,0.0,0.0,0.017,0.515,0.624,0.053
703,2,places,179648,179904,256,0.17578125,0.5799999833106995,195,47,0.9743589743589743,0.7446808510638298,0.9004739336492891,0.7777777777777778,0.09899999999999998,0.03600000000000003,0.014,0.014,0.628,10935,0.9733333333333334,0.7366666666666667,0.0,0.0,0.015,0.524,0.628,0.054
704,2,places,179904,180000,96,0.22916666666666666,0.5799999833106995,68,23,0.9705882352941176,0.8695652173913043,0.8918918918918919,0.9090909090909091,0.129,0.029000000000000026,0.013,0.013,0.627,10938,0.9733333333333334,0.7433333333333333,0.0,0.0,0.012,0.527,0.627,0.058
705,3,textures_all,180000,180256,256,0.0859375,0.5799999833106995,210,27,0.9666666666666667,0.37037037037037035,0.8675213675213675,0.45454545454545453,0.06399999999999995,0.04700000000000004,0.017,0.017,0.082,10951,0.97,0.7166666666666667,0.0,0.0,0.009,0.516,0.61,0.082
706,3,textures_all,180256,180512,256,0.12109375,0.5799999833106995,208,26,0.9471153846153846,0.5769230769230769,0.8755555555555555,0.4838709677419355,0.08599999999999997,0.04400000000000004,0.021,0.021,0.117,10966,0.9566666666666667,0.7,0.0,0.0,0.013,0.487,0.578,0.117
707,3,textures_all,180512,180768,256,0.1015625,0.5799999833106995,188,39,0.973404255319149,0.5128205128205128,0.7956521739130434,0.7692307692307693,0.09799999999999998,0.04300000000000004,0.029,0.029,0.146,10989,0.9633333333333334,0.67,0.0,0.0,0.011,0.453,0.539,0.146
708,3,textures_all,180768,181024,256,0.09375,0.5799999833106995,194,39,0.9896907216494846,0.41025641025641024,0.8275862068965517,0.6666666666666666,0.125,0.03400000000000003,0.038,0.038,0.2,11023,0.9833333333333333,0.6433333333333333,0.0,0.0,0.019,0.406,0.488,0.2
709,3,textures_all,181024,181280,256,0.109375,0.5799999833106995,195,42,0.9846153846153847,0.5,0.8421052631578947,0.75,0.14500000000000002,0.039000000000000035,0.048,0.048,0.268,11071,0.9866666666666667,0.6033333333333334,0.0,0.0,0.022,0.375,0.43,0.268
710,3,textures_all,181280,181536,256,0.09765625,0.5799999833106995,188,44,0.9946808510638298,0.5,0.8095238095238095,0.88,0.134,0.031000000000000028,0.059,0.059,0.331,11119,0.9866666666666667,0.5633333333333334,0.0,0.0,0.027,0.292,0.333,0.331
711,3,textures_all,181536,181792,256,0.11328125,0.5799999833106995,176,53,1.0,0.5094339622641509,0.775330396475771,0.9310344827586207,0.14300000000000002,0.03200000000000003,0.083,0.082,0.408,11188,0.9966666666666667,0.5133333333333333,0.0,0.0,0.032,0.228,0.25,0.408
712,3,textures_all,181792,182048,256,0.0859375,0.5799999833106995,192,38,0.9947916666666666,0.47368421052631576,0.8162393162393162,0.8181818181818182,0.19499999999999995,0.041000000000000036,0.108,0.107,0.519,11293,0.9966666666666667,0.48333333333333334,0.0,0.0,0.034,0.117,0.13,0.519
713,3,textures_all,182048,182304,256,0.140625,0.5799999833106995,176,54,0.9943181818181818,0.5925925925925926,0.7954545454545454,0.8888888888888888,0.10399999999999998,0.031000000000000028,0.109,0.108,0.554,11339,0.9933333333333333,0.49666666666666665,0.0,0.0,0.031,0.088,0.089,0.554
714,3,textures_all,182304,182560,256,0.09765625,0.5799999833106995,187,49,1.0,0.4897959183673469,0.8095238095238095,0.96,0.14400000000000002,0.029000000000000026,0.122,0.121,0.572,11395,1.0,0.5133333333333333,0.0,0.0,0.026,0.08,0.081,0.572
715,3,textures_all,182560,182816,256,0.0859375,0.5799999833106995,180,48,1.0,0.4375,0.7692307692307693,0.9545454545454546,0.125,0.030000000000000027,0.134,0.133,0.607,11454,1.0,0.5,0.0,0.0,0.027,0.073,0.075,0.607
716,3,textures_all,182816,183072,256,0.11328125,0.5799999833106995,180,54,1.0,0.5,0.7929515418502202,0.9310344827586207,0.118,0.027000000000000024,0.124,0.123,0.593,11512,1.0,0.5033333333333333,0.0,0.0,0.02,0.066,0.069,0.593
717,3,textures_all,183072,183328,256,0.109375,0.5799999833106995,177,58,0.9830508474576272,0.41379310344827586,0.7631578947368421,0.8571428571428571,0.136,0.03600000000000003,0.118,0.117,0.597,11587,0.99,0.4866666666666667,0.0,0.0,0.009,0.058,0.063,0.597
718,3,textures_all,183328,183584,256,0.0859375,0.5799999833106995,186,46,1.0,0.4782608695652174,0.7948717948717948,1.0,0.126,0.02300000000000002,0.1,0.1,0.585,11658,0.9933333333333333,0.48333333333333334,0.0,0.0,0.009,0.059,0.065,0.585
719,3,textures_all,183584,183840,256,0.0859375,0.5799999833106995,188,38,1.0,0.5,0.8034188034188035,0.8636363636363636,0.123,0.02400000000000002,0.106,0.106,0.589,11704,1.0,0.47,0.0,0.0,0.012,0.053,0.06,0.589
720,3,textures_all,183840,184096,256,0.09765625,0.5799999833106995,195,45,1.0,0.5333333333333333,0.8441558441558441,0.96,0.10899999999999999,0.03700000000000003,0.095,0.095,0.584,11749,1.0,0.47333333333333333,0.0,0.0,0.017,0.05,0.058,0.584
721,3,textures_all,184096,184352,256,0.09765625,0.5799999833106995,192,43,0.9947916666666666,0.5581395348837209,0.8268398268398268,0.96,0.137,0.03700000000000003,0.088,0.088,0.591,11790,0.9966666666666667,0.49,0.0,0.0,0.026,0.063,0.067,0.591
722,3,textures_all,184352,184608,256,0.09375,0.5799999833106995,193,44,0.9948186528497409,0.5,0.8275862068965517,0.9166666666666666,0.11199999999999999,0.03600000000000003,0.087,0.087,0.591,11830,0.9966666666666667,0.49,0.0,0.0,0.024,0.055,0.059,0.591
723,3,textures_all,184608,184864,256,0.07421875,0.5799999833106995,202,38,1.0,0.47368421052631576,0.8523206751054853,0.9473684210526315,0.10899999999999999,0.031000000000000028,0.094,0.094,0.593,11869,1.0,0.48333333333333334,0.0,0.0,0.028,0.05,0.051,0.593
724,3,textures_all,184864,185120,256,0.09765625,0.5799999833106995,186,46,0.9946236559139785,0.5217391304347826,0.8008658008658008,0.96,0.08699999999999997,0.03500000000000003,0.094,0.094,0.594,11900,0.9966666666666667,0.51,0.0,0.0,0.03,0.049,0.049,0.594
725,3,textures_all,185120,185376,256,0.09375,0.5799999833106995,186,50,1.0,0.46,0.8017241379310345,0.9583333333333334,0.10399999999999998,0.029000000000000026,0.099,0.099,0.603,11932,0.9966666666666667,0.51,0.0,0.0,0.029,0.048,0.049,0.603
726,3,textures_all,185376,185632,256,0.1171875,0.5799999833106995,188,42,0.9946808510638298,0.6428571428571429,0.827433628318584,0.9,0.10499999999999998,0.030000000000000027,0.103,0.103,0.611,11963,0.9966666666666667,0.5233333333333333,0.0,0.0,0.032,0.05,0.051,0.611
727,3,textures_all,185632,185888,256,0.08203125,0.5799999833106995,191,42,1.0,0.5,0.8127659574468085,1.0,0.10699999999999998,0.02300000000000002,0.105,0.105,0.604,12002,1.0,0.5166666666666667,0.0,0.0,0.022,0.037,0.034,0.604
728,3,textures_all,185888,186144,256,0.11328125,0.5799999833106995,185,46,0.9945945945945946,0.5652173913043478,0.8105726872246696,0.896551724137931,0.123,0.031000000000000028,0.117,0.117,0.618,12036,0.9966666666666667,0.5233333333333333,0.0,0.0,0.02,0.025,0.027,0.618
729,3,textures_all,186144,186400,256,0.09765625,0.5799999833106995,187,52,1.0,0.4230769230769231,0.8095238095238095,0.88,0.10799999999999998,0.030000000000000027,0.125,0.125,0.606,12075,1.0,0.5166666666666667,0.0,0.0,0.008,0.033,0.033,0.606
730,3,textures_all,186400,186656,256,0.078125,0.5799999833106995,177,52,1.0,0.38461538461538464,0.75,1.0,0.11499999999999999,0.03300000000000003,0.119,0.119,0.596,12111,1.0,0.4866666666666667,0.0,0.0,0.009,0.037,0.038,0.596
731,3,textures_all,186656,186912,256,0.08984375,0.5799999833106995,182,50,1.0,0.46,0.7811158798283262,1.0,0.11499999999999999,0.03600000000000003,0.114,0.114,0.588,12141,1.0,0.48333333333333334,0.0,0.0,0.009,0.041,0.041,0.588
732,3,textures_all,186912,187168,256,0.08203125,0.5799999833106995,192,47,1.0,0.425531914893617,0.8170212765957446,0.9523809523809523,0.11399999999999999,0.031000000000000028,0.117,0.117,0.568,12188,1.0,0.47,0.0,0.0,0.008,0.04,0.039,0.568
733,3,textures_all,187168,187424,256,0.07421875,0.5799999833106995,166,55,1.0,0.34545454545454546,0.70042194092827,1.0,0.126,0.031000000000000028,0.109,0.109,0.564,12223,1.0,0.43333333333333335,0.0,0.0,0.003,0.042,0.041,0.564
734,3,textures_all,187424,187680,256,0.10546875,0.5799999833106995,185,44,1.0,0.6136363636363636,0.8078602620087336,1.0,0.11399999999999999,0.031000000000000028,0.11,0.11,0.561,12251,1.0,0.43666666666666665,0.0,0.0,0.003,0.041,0.047,0.561
735,3,textures_all,187680,187936,256,0.10546875,0.5799999833106995,177,57,0.9943502824858758,0.45614035087719296,0.7685589519650655,0.9629629629629629,0.11299999999999999,0.03300000000000003,0.113,0.113,0.547,12283,0.9966666666666667,0.44666666666666666,0.0,0.0,0.007,0.035,0.041,0.547
736,3,textures_all,187936,188192,256,0.10546875,0.5799999833106995,180,52,0.9944444444444445,0.5,0.7816593886462883,0.9629629629629629,0.15000000000000002,0.03200000000000003,0.098,0.098,0.546,12329,0.9933333333333333,0.47,0.0,0.0,0.008,0.04,0.047,0.546
737,3,textures_all,188192,188448,256,0.12109375,0.5799999833106995,190,48,1.0,0.625,0.8444444444444444,0.967741935483871,0.11499999999999999,0.03700000000000003,0.105,0.105,0.583,12347,1.0,0.4866666666666667,0.0,0.0,0.008,0.046,0.051,0.583
738,3,textures_all,188448,188704,256,0.09375,0.5799999833106995,189,46,1.0,0.5,0.8146551724137931,0.9583333333333334,0.10199999999999998,0.026000000000000023,0.111,0.111,0.589,12371,1.0,0.5033333333333333,0.0,0.0,0.009,0.044,0.051,0.589
739,3,textures_all,188704,188960,256,0.1328125,0.5799999833106995,177,58,0.9830508474576272,0.5344827586206896,0.7837837837837838,0.9117647058823529,0.11599999999999999,0.031000000000000028,0.11,0.11,0.595,12403,0.99,0.5366666666666666,0.0,0.0,0.01,0.045,0.053,0.595
740,3,textures_all,188960,189216,256,0.1484375,0.5799999833106995,165,60,0.9939393939393939,0.6166666666666667,0.7522935779816514,0.9736842105263158,0.122,0.03300000000000003,0.106,0.105,0.605,12437,0.9866666666666667,0.5433333333333333,0.0,0.0,0.009,0.042,0.044,0.605
741,3,textures_all,189216,189472,256,0.10546875,0.5799999833106995,172,52,0.9767441860465116,0.4230769230769231,0.7336244541484717,0.8148148148148148,0.129,0.030000000000000027,0.102,0.101,0.611,12467,0.9833333333333333,0.5433333333333333,0.0,0.0,0.009,0.041,0.041,0.611
742,3,textures_all,189472,189728,256,0.109375,0.5799999833106995,185,48,0.9945945945945946,0.5208333333333334,0.8070175438596491,0.8928571428571429,0.127,0.028000000000000025,0.104,0.104,0.612,12496,0.9866666666666667,0.5366666666666666,0.0,0.0,0.007,0.037,0.039,0.612
743,3,textures_all,189728,189984,256,0.09765625,0.5799999833106995,188,49,0.9946808510638298,0.46938775510204084,0.8095238095238095,0.92,0.10699999999999998,0.026000000000000023,0.118,0.118,0.606,12523,0.9933333333333333,0.5133333333333333,0.0,0.0,0.006,0.039,0.039,0.606
744,3,textures_all,189984,190240,256,0.08984375,0.5799999833106995,188,44,1.0,0.5,0.8068669527896996,0.9565217391304348,0.119,0.03400000000000003,0.112,0.112,0.582,12555,1.0,0.52,0.0,0.0,0.006,0.037,0.039,0.582
745,3,textures_all,190240,190496,256,0.125,0.5799999833106995,177,57,0.9943502824858758,0.5087719298245614,0.7857142857142857,0.90625,0.09299999999999997,0.02400000000000002,0.123,0.123,0.594,12583,0.9966666666666667,0.51,0.0,0.0,0.011,0.039,0.04,0.594
746,3,textures_all,190496,190752,256,0.09765625,0.5799999833106995,177,53,0.9943502824858758,0.4528301886792453,0.7619047619047619,0.96,0.11699999999999999,0.016000000000000014,0.118,0.119,0.588,12622,0.9933333333333333,0.48,0.0,0.0,0.01,0.036,0.039,0.588
747,3,textures_all,190752,191008,256,0.10546875,0.5799999833106995,174,53,1.0,0.4528301886792453,0.759825327510917,0.8888888888888888,0.11299999999999999,0.027000000000000024,0.121,0.122,0.568,12647,1.0,0.4866666666666667,0.0,0.0,0.009,0.035,0.039,0.568
748,3,textures_all,191008,191264,256,0.11328125,0.5799999833106995,185,48,1.0,0.5833333333333334,0.8149779735682819,0.9655172413793104,0.10799999999999998,0.030000000000000027,0.136,0.135,0.579,12668,1.0,0.49666666666666665,0.0,0.0,0.009,0.036,0.036,0.579
749,3,textures_all,191264,191520,256,0.1015625,0.5799999833106995,191,45,0.9895287958115183,0.4666666666666667,0.8217391304347826,0.8076923076923077,0.10899999999999999,0.030000000000000027,0.117,0.116,0.568,12688,0.9933333333333333,0.49333333333333335,0.0,0.0,0.011,0.037,0.038,0.568
750,3,textures_all,191520,191776,256,0.11328125,0.5799999833106995,182,50,0.9945054945054945,0.52,0.7973568281938326,0.896551724137931,0.11299999999999999,0.027000000000000024,0.118,0.117,0.581,12706,0.99,0.49666666666666665,0.0,0.0,0.017,0.039,0.038,0.581
751,3,textures_all,191776,192032,256,0.11328125,0.5799999833106995,161,72,0.9937888198757764,0.375,0.7048458149779736,0.9310344827586207,0.133,0.028000000000000025,0.128,0.127,0.601,12722,0.9933333333333333,0.4633333333333333,0.0,0.0,0.017,0.047,0.044,0.601
752,3,textures_all,192032,192288,256,0.09765625,0.5799999833106995,178,54,0.9887640449438202,0.42592592592592593,0.7619047619047619,0.92,0.16000000000000003,0.03300000000000003,0.134,0.133,0.59,12749,0.99,0.45666666666666667,0.0,0.0,0.007,0.044,0.045,0.59
753,3,textures_all,192288,192544,256,0.09375,0.5799999833106995,190,51,0.9947368421052631,0.43137254901960786,0.8146551724137931,0.9166666666666666,0.128,0.02400000000000002,0.13,0.129,0.589,12774,0.9933333333333333,0.4533333333333333,0.0,0.0,0.019,0.042,0.046,0.589
754,3,textures_all,192544,192800,256,0.109375,0.5799999833106995,178,42,0.9887640449438202,0.5952380952380952,0.7719298245614035,0.8928571428571429,0.118,0.027000000000000024,0.127,0.126,0.587,12798,0.99,0.4633333333333333,0.0,0.0,0.018,0.041,0.045,0.587
755,3,textures_all,192800,193056,256,0.09375,0.5799999833106995,185,55,1.0,0.43636363636363634,0.7974137931034483,1.0,0.11699999999999999,0.03500000000000003,0.137,0.136,0.587,12825,0.9933333333333333,0.44666666666666666,0.0,0.0,0.02,0.043,0.049,0.587
756,3,textures_all,193056,193312,256,0.140625,0.5799999833106995,159,67,1.0,0.5223880597014925,0.7227272727272728,0.9722222222222222,0.11299999999999999,0.03500000000000003,0.143,0.142,0.593,12838,1.0,0.4633333333333333,0.0,0.0,0.016,0.041,0.046,0.593
757,3,textures_all,193312,193568,256,0.08203125,0.5799999833106995,181,44,0.994475138121547,0.4090909090909091,0.7659574468085106,0.8571428571428571,0.15900000000000003,0.03400000000000003,0.139,0.139,0.585,12864,0.9966666666666667,0.4766666666666667,0.0,0.0,0.021,0.04,0.047,0.585
758,3,textures_all,193568,193824,256,0.08203125,0.5799999833106995,171,51,1.0,0.39215686274509803,0.7276595744680852,0.9523809523809523,0.119,0.02300000000000002,0.137,0.137,0.597,12880,0.9966666666666667,0.46,0.0,0.0,0.029,0.044,0.05,0.597
759,3,textures_all,193824,194080,256,0.07421875,0.5899999737739563,181,45,0.988950276243094,0.37777777777777777,0.7552742616033755,0.8947368421052632,0.12,0.03600000000000003,0.14,0.14,0.594,12901,0.9933333333333333,0.4533333333333333,0.0,0.0,0.027,0.045,0.056,0.594
760,3,textures_all,194080,194336,256,0.14453125,0.5799999833106995,169,58,1.0,0.5862068965517241,0.771689497716895,0.918918918918919,0.119,0.038000000000000034,0.131,0.131,0.61,12920,1.0,0.46,0.0,0.0,0.029,0.049,0.054,0.61
761,3,textures_all,194336,194592,256,0.07421875,0.5799999833106995,191,43,1.0,0.3953488372093023,0.8059071729957806,0.8947368421052632,0.138,0.031000000000000028,0.114,0.114,0.587,12944,1.0,0.4533333333333333,0.0,0.0,0.035,0.055,0.063,0.587
762,3,textures_all,194592,194848,256,0.109375,0.5899999737739563,189,49,1.0,0.5510204081632653,0.8289473684210527,0.9642857142857143,0.11599999999999999,0.03200000000000003,0.104,0.104,0.585,12960,1.0,0.46,0.0,0.0,0.028,0.051,0.061,0.585
763,3,textures_all,194848,195104,256,0.08203125,0.5899999737739563,181,46,1.0,0.45652173913043476,0.7702127659574468,1.0,0.118,0.03300000000000003,0.095,0.095,0.604,12984,1.0,0.46,0.0,0.0,0.034,0.05,0.057,0.604
764,3,textures_all,195104,195360,256,0.09765625,0.5899999737739563,176,49,1.0,0.46938775510204084,0.7619047619047619,0.92,0.11299999999999999,0.03500000000000003,0.105,0.105,0.597,13003,1.0,0.4766666666666667,0.0,0.0,0.024,0.056,0.062,0.597
765,3,textures_all,195360,195616,256,0.08984375,0.5899999737739563,168,51,1.0,0.45098039215686275,0.721030042918455,1.0,0.10699999999999998,0.026000000000000023,0.103,0.103,0.611,13021,1.0,0.49333333333333335,0.0,0.0,0.027,0.054,0.055,0.611
766,3,textures_all,195616,195872,256,0.0859375,0.5899999737739563,189,41,1.0,0.4878048780487805,0.8076923076923077,0.9090909090909091,0.11199999999999999,0.03700000000000003,0.103,0.103,0.617,13045,1.0,0.4766666666666667,0.0,0.0,0.035,0.046,0.052,0.617
767,3,textures_all,195872,196128,256,0.1171875,0.5899999737739563,182,58,1.0,0.5,0.8053097345132744,0.9666666666666667,0.09899999999999998,0.025000000000000022,0.105,0.105,0.616,13065,1.0,0.48333333333333334,0.0,0.0,0.031,0.038,0.041,0.616
768,3,textures_all,196128,196384,256,0.11328125,0.5899999737739563,184,50,0.9945652173913043,0.52,0.8061674008810573,0.896551724137931,0.14100000000000001,0.030000000000000027,0.1,0.1,0.614,13104,0.9966666666666667,0.4866666666666667,0.0,0.0,0.027,0.043,0.045,0.614
769,3,textures_all,196384,196640,256,0.1171875,0.5899999737739563,190,48,0.9947368421052631,0.5625,0.8362831858407079,0.9,0.136,0.03700000000000003,0.106,0.106,0.612,13120,0.9933333333333333,0.49666666666666665,0.0,0.0,0.03,0.038,0.039,0.612
770,3,textures_all,196640,196896,256,0.06640625,0.5899999737739563,198,33,0.9949494949494949,0.45454545454545453,0.8242677824267782,0.8823529411764706,0.10799999999999998,0.03200000000000003,0.106,0.106,0.608,13136,0.9966666666666667,0.48,0.0,0.0,0.024,0.039,0.036,0.608
771,3,textures_all,196896,197152,256,0.125,0.5899999737739563,184,45,1.0,0.6666666666666666,0.8214285714285714,0.9375,0.08399999999999996,0.040000000000000036,0.104,0.104,0.601,13145,1.0,0.5333333333333333,0.0,0.0,0.02,0.046,0.045,0.601
772,3,textures_all,197152,197408,256,0.1015625,0.5899999737739563,186,48,0.9946236559139785,0.5,0.8043478260869565,0.9230769230769231,0.11199999999999999,0.03500000000000003,0.117,0.117,0.636,13153,0.9966666666666667,0.5266666666666666,0.0,0.0,0.018,0.05,0.05,0.636
773,3,textures_all,197408,197664,256,0.109375,0.5899999737739563,170,54,0.9941176470588236,0.48148148148148145,0.7412280701754386,0.9285714285714286,0.125,0.02200000000000002,0.122,0.122,0.611,13168,0.9966666666666667,0.5266666666666666,0.0,0.0,0.009,0.056,0.055,0.611
774,3,textures_all,197664,197920,256,0.1015625,0.5899999737739563,176,52,1.0,0.46153846153846156,0.7652173913043478,0.9230769230769231,0.11299999999999999,0.028000000000000025,0.114,0.114,0.616,13179,0.9966666666666667,0.5166666666666667,0.0,0.0,0.012,0.065,0.061,0.616
775,3,textures_all,197920,198176,256,0.1171875,0.5899999737739563,178,49,0.9943820224719101,0.5306122448979592,0.7831858407079646,0.8666666666666667,0.10999999999999999,0.029000000000000026,0.109,0.109,0.604,13191,0.9966666666666667,0.53,0.0,0.0,0.011,0.064,0.061,0.604
776,3,textures_all,198176,198432,256,0.09375,0.5899999737739563,183,48,0.994535519125683,0.4791666666666667,0.7844827586206896,0.9583333333333334,0.124,0.029000000000000026,0.105,0.105,0.591,13209,0.9966666666666667,0.5166666666666667,0.0,0.0,0.006,0.059,0.059,0.591
777,3,textures_all,198432,198688,256,0.1015625,0.5899999737739563,172,59,0.9941860465116279,0.423728813559322,0.7434782608695653,0.9615384615384616,0.121,0.031000000000000028,0.096,0.096,0.581,13226,0.9933333333333333,0.4666666666666667,0.0,0.0,0.012,0.058,0.055,0.581
778,3,textures_all,198688,198944,256,0.1015625,0.5899999737739563,186,51,1.0,0.49019607843137253,0.808695652173913,0.9615384615384616,0.138,0.03400000000000003,0.077,0.077,0.56,13242,0.9966666666666667,0.4766666666666667,0.0,0.0,0.022,0.061,0.059,0.56
779,3,textures_all,198944,199200,256,0.08203125,0.5899999737739563,174,42,0.9885057471264368,0.40476190476190477,0.7319148936170212,0.8095238095238095,0.124,0.038000000000000034,0.082,0.082,0.573,13259,0.9933333333333333,0.4633333333333333,0.0,0.0,0.02,0.045,0.047,0.573
780,3,textures_all,199200,199456,256,0.12109375,0.5899999737739563,173,57,1.0,0.5263157894736842,0.7688888888888888,0.967741935483871,0.09799999999999998,0.028000000000000025,0.072,0.072,0.566,13278,0.9966666666666667,0.48,0.0,0.0,0.019,0.046,0.047,0.566
781,3,textures_all,199456,199712,256,0.1015625,0.5899999737739563,171,59,1.0,0.4406779661016949,0.7434782608695653,1.0,0.11599999999999999,0.025000000000000022,0.075,0.075,0.574,13294,1.0,0.4666666666666667,0.0,0.0,0.02,0.046,0.047,0.574
782,3,textures_all,199712,199968,256,0.08203125,0.5899999737739563,189,44,0.9947089947089947,0.4090909090909091,0.8,0.8571428571428571,0.123,0.03300000000000003,0.067,0.067,0.553,13309,0.9966666666666667,0.45666666666666667,0.0,0.0,0.024,0.049,0.051,0.553
783,3,textures_all,199968,200224,256,0.140625,0.5899999737739563,176,62,0.9943181818181818,0.5483870967741935,0.7954545454545454,0.9444444444444444,0.10699999999999998,0.02400000000000002,0.073,0.074,0.531,13336,0.9966666666666667,0.4866666666666667,0.0,0.0,0.013,0.04,0.045,0.531
784,3,textures_all,200224,200480,256,0.08203125,0.5899999737739563,181,43,1.0,0.4883720930232558,0.7702127659574468,1.0,0.136,0.027000000000000024,0.085,0.085,0.552,13353,0.9966666666666667,0.47333333333333333,0.0,0.0,0.013,0.035,0.041,0.552
785,3,textures_all,200480,200736,256,0.11328125,0.5899999737739563,177,41,0.9943502824858758,0.5853658536585366,0.775330396475771,0.8275862068965517,0.09799999999999998,0.03200000000000003,0.078,0.078,0.538,13372,0.9966666666666667,0.49666666666666665,0.0,0.0,0.012,0.037,0.042,0.538
786,3,textures_all,200736,200992,256,0.0859375,0.5899999737739563,175,53,1.0,0.41509433962264153,0.7478632478632479,1.0,0.10499999999999998,0.025000000000000022,0.087,0.087,0.548,13384,0.9966666666666667,0.48333333333333334,0.0,0.0,0.018,0.031,0.04,0.548
787,3,textures_all,200992,201248,256,0.09375,0.5899999737739563,182,50,0.9945054945054945,0.44,0.7801724137931034,0.9166666666666666,0.09999999999999998,0.026000000000000023,0.074,0.074,0.531,13406,0.9966666666666667,0.4766666666666667,0.0,0.0,0.019,0.028,0.036,0.531
788,3,textures_all,201248,201504,256,0.0859375,0.5899999737739563,172,53,0.9883720930232558,0.37735849056603776,0.7264957264957265,0.9090909090909091,0.126,0.03400000000000003,0.079,0.079,0.545,13430,0.99,0.47333333333333333,0.0,0.0,0.023,0.033,0.035,0.545
789,3,textures_all,201504,201760,256,0.09375,0.5899999737739563,172,55,1.0,0.41818181818181815,0.7413793103448276,0.9583333333333334,0.127,0.031000000000000028,0.08,0.08,0.564,13450,0.9966666666666667,0.45666666666666667,0.0,0.0,0.015,0.037,0.035,0.564
790,3,textures_all,201760,202016,256,0.09375,0.5899999737739563,186,48,1.0,0.5,0.8017241379310345,1.0,0.11699999999999999,0.028000000000000025,0.07,0.07,0.559,13473,1.0,0.45,0.0,0.0,0.013,0.04,0.034,0.559
791,3,textures_all,202016,202272,256,0.15234375,0.5899999737739563,171,62,1.0,0.5645161290322581,0.7880184331797235,0.8974358974358975,0.10799999999999998,0.027000000000000024,0.07,0.07,0.563,13486,1.0,0.45666666666666667,0.0,0.0,0.014,0.041,0.036,0.563
792,3,textures_all,202272,202528,256,0.078125,0.5899999737739563,190,47,1.0,0.425531914893617,0.8050847457627118,1.0,0.14900000000000002,0.040000000000000036,0.088,0.088,0.57,13511,1.0,0.4533333333333333,0.0,0.0,0.007,0.039,0.035,0.57
793,3,textures_all,202528,202784,256,0.10546875,0.5899999737739563,167,62,0.9940119760479041,0.41935483870967744,0.7248908296943232,0.9629629629629629,0.121,0.027000000000000024,0.083,0.083,0.561,13531,0.9966666666666667,0.45666666666666667,0.0,0.0,0.012,0.029,0.035,0.561
794,3,textures_all,202784,203040,256,0.11328125,0.5899999737739563,184,53,0.9945652173913043,0.5283018867924528,0.8061674008810573,0.9655172413793104,0.14300000000000002,0.027000000000000024,0.075,0.075,0.552,13550,0.9933333333333333,0.48333333333333334,0.0,0.0,0.011,0.031,0.034,0.552
795,3,textures_all,203040,203296,256,0.0859375,0.5899999737739563,181,52,0.9834254143646409,0.3269230769230769,0.7606837606837606,0.7727272727272727,0.09999999999999998,0.02300000000000002,0.07,0.07,0.547,13570,0.9866666666666667,0.4533333333333333,0.0,0.0,0.019,0.032,0.036,0.547
796,3,textures_all,203296,203552,256,0.08984375,0.5899999737739563,179,47,0.9832402234636871,0.425531914893617,0.7553648068669528,0.8695652173913043,0.11499999999999999,0.029000000000000026,0.075,0.075,0.538,13580,0.9833333333333333,0.44333333333333336,0.0,0.0,0.025,0.027,0.031,0.538
797,3,textures_all,203552,203808,256,0.12890625,0.5899999737739563,191,43,0.9947643979057592,0.6976744186046512,0.852017937219731,0.9090909090909091,0.10499999999999998,0.03600000000000003,0.073,0.073,0.558,13590,0.9866666666666667,0.4633333333333333,0.0,0.0,0.036,0.028,0.033,0.558
798,3,textures_all,203808,204064,256,0.08203125,0.5899999737739563,192,37,1.0,0.5405405405405406,0.8170212765957446,0.9523809523809523,0.09699999999999998,0.02400000000000002,0.067,0.067,0.53,13609,0.9966666666666667,0.48,0.0,0.0,0.036,0.029,0.033,0.53
799,3,textures_all,204064,204320,256,0.109375,0.5899999737739563,185,45,0.9891891891891892,0.5777777777777777,0.8026315789473685,0.9285714285714286,0.09999999999999998,0.025000000000000022,0.081,0.081,0.553,13619,0.9933333333333333,0.5066666666666667,0.0,0.0,0.032,0.029,0.031,0.553
800,3,textures_all,204320,204576,256,0.09765625,0.5899999737739563,183,49,0.9890710382513661,0.46938775510204084,0.7835497835497836,0.92,0.118,0.03500000000000003,0.089,0.089,0.565,13631,0.9866666666666667,0.49666666666666665,0.0,0.0,0.039,0.027,0.032,0.565
801,3,textures_all,204576,204832,256,0.125,0.5899999737739563,178,59,0.9943820224719101,0.5254237288135594,0.7901785714285714,0.96875,0.128,0.038000000000000034,0.099,0.099,0.572,13644,0.9933333333333333,0.5233333333333333,0.0,0.0,0.025,0.032,0.037,0.572
802,3,textures_all,204832,205088,256,0.08984375,0.5899999737739563,182,51,0.9945054945054945,0.43137254901960786,0.776824034334764,0.9565217391304348,0.128,0.026000000000000023,0.107,0.107,0.582,13659,0.9966666666666667,0.53,0.0,0.0,0.033,0.035,0.039,0.582
803,3,textures_all,205088,205344,256,0.109375,0.5899999737739563,180,51,1.0,0.5490196078431373,0.7894736842105263,1.0,0.11599999999999999,0.029000000000000026,0.111,0.111,0.582,13686,1.0,0.5166666666666667,0.0,0.0,0.026,0.035,0.038,0.582
804,3,textures_all,205344,205600,256,0.109375,0.5899999737739563,183,51,0.994535519125683,0.5098039215686274,0.7982456140350878,0.9285714285714286,0.11099999999999999,0.04300000000000004,0.11,0.11,0.583,13699,0.9966666666666667,0.5066666666666667,0.0,0.0,0.035,0.036,0.038,0.583
805,3,textures_all,205600,205856,256,0.05859375,0.5899999737739563,196,35,0.9948979591836735,0.37142857142857144,0.8091286307053942,0.8666666666666667,0.11299999999999999,0.03200000000000003,0.095,0.095,0.588,13707,0.9933333333333333,0.48333333333333334,0.0,0.0,0.032,0.035,0.037,0.588
806,3,textures_all,205856,206112,256,0.09765625,0.5899999737739563,174,58,0.9885057471264368,0.3793103448275862,0.7445887445887446,0.88,0.07499999999999996,0.028000000000000025,0.095,0.095,0.59,13712,0.99,0.4633333333333333,0.0,0.0,0.033,0.034,0.037,0.59
807,3,textures_all,206112,206368,256,0.08203125,0.5899999737739563,181,47,1.0,0.44680851063829785,0.7702127659574468,1.0,0.128,0.031000000000000028,0.102,0.102,0.597,13721,0.9933333333333333,0.45666666666666667,0.0,0.0,0.036,0.031,0.034,0.597
808,3,textures_all,206368,206624,256,0.13671875,0.5899999737739563,178,60,1.0,0.55,0.8054298642533937,0.9428571428571428,0.09799999999999998,0.030000000000000027,0.105,0.105,0.604,13726,1.0,0.4766666666666667,0.0,0.0,0.038,0.03,0.034,0.604
809,3,textures_all,206624,206880,256,0.1171875,0.5899999737739563,182,54,1.0,0.5555555555555556,0.8053097345132744,1.0,0.14,0.03500000000000003,0.114,0.114,0.616,13736,1.0,0.47333333333333333,0.0,0.0,0.041,0.034,0.037,0.616
810,3,textures_all,206880,207136,256,0.1015625,0.5899999737739563,167,65,1.0,0.4,0.7260869565217392,1.0,0.09799999999999998,0.019000000000000017,0.107,0.107,0.602,13746,1.0,0.46,0.0,0.0,0.031,0.03,0.034,0.602
811,3,textures_all,207136,207392,256,0.1015625,0.5899999737739563,174,55,1.0,0.4727272727272727,0.7565217391304347,1.0,0.133,0.025000000000000022,0.113,0.113,0.584,13761,1.0,0.48,0.0,0.0,0.03,0.028,0.032,0.584
812,3,textures_all,207392,207648,256,0.0859375,0.5899999737739563,188,49,0.9946808510638298,0.42857142857142855,0.7991452991452992,0.9545454545454546,0.123,0.03400000000000003,0.118,0.118,0.59,13774,0.9966666666666667,0.47,0.0,0.0,0.019,0.036,0.039,0.59
813,3,textures_all,207648,207904,256,0.08984375,0.5899999737739563,182,53,0.9945054945054945,0.39622641509433965,0.776824034334764,0.9130434782608695,0.10199999999999998,0.02300000000000002,0.126,0.126,0.587,13781,0.9933333333333333,0.45666666666666667,0.0,0.0,0.006,0.045,0.047,0.587
814,3,textures_all,207904,208160,256,0.09765625,0.5899999737739563,183,59,0.994535519125683,0.4067796610169492,0.7878787878787878,0.96,0.137,0.026000000000000023,0.107,0.107,0.576,13797,0.9966666666666667,0.43666666666666665,0.0,0.0,0.009,0.043,0.044,0.576
815,3,textures_all,208160,208416,256,0.08984375,0.5899999737739563,170,51,1.0,0.43137254901960786,0.7296137339055794,0.9565217391304348,0.15500000000000003,0.03300000000000003,0.097,0.097,0.576,13817,0.9966666666666667,0.4166666666666667,0.0,0.0,0.01,0.042,0.04,0.576
816,3,textures_all,208416,208672,256,0.14453125,0.5899999737739563,177,54,0.9943502824858758,0.6296296296296297,0.8036529680365296,0.918918918918919,0.127,0.03700000000000003,0.094,0.094,0.586,13829,0.9966666666666667,0.45666666666666667,0.0,0.0,0.016,0.041,0.04,0.586
817,3,textures_all,208672,208928,256,0.10546875,0.5899999737739563,175,50,1.0,0.52,0.7641921397379913,0.9629629629629629,0.136,0.029000000000000026,0.101,0.101,0.601,13835,0.9966666666666667,0.4766666666666667,0.0,0.0,0.022,0.039,0.036,0.601
818,3,textures_all,208928,209184,256,0.1171875,0.5899999737739563,165,65,0.9878787878787879,0.4307692307692308,0.7212389380530974,0.9333333333333333,0.11099999999999999,0.031000000000000028,0.104,0.104,0.606,13842,0.9933333333333333,0.4666666666666667,0.0,0.0,0.012,0.036,0.033,0.606
819,3,textures_all,209184,209440,256,0.0859375,0.5899999737739563,188,41,0.9893617021276596,0.4634146341463415,0.7948717948717948,0.8636363636363636,0.131,0.027000000000000024,0.098,0.098,0.587,13852,0.9866666666666667,0.48,0.0,0.0,0.009,0.031,0.033,0.587
820,3,textures_all,209440,209696,256,0.10546875,0.5899999737739563,185,57,1.0,0.45614035087719296,0.8078602620087336,0.9629629629629629,0.08399999999999996,0.03300000000000003,0.101,0.101,0.596,13858,0.9933333333333333,0.49666666666666665,0.0,0.0,0.008,0.034,0.036,0.596
821,3,textures_all,209696,209952,256,0.09765625,0.5899999737739563,175,56,0.9942857142857143,0.4107142857142857,0.7532467532467533,0.92,0.15000000000000002,0.02300000000000002,0.12,0.12,0.632,13876,0.9966666666666667,0.4666666666666667,0.0,0.0,0.008,0.037,0.037,0.632
822,3,textures_all,209952,210208,256,0.14453125,0.5899999737739563,175,56,0.9885714285714285,0.5714285714285714,0.7899543378995434,0.8648648648648649,0.124,0.026000000000000023,0.112,0.112,0.589,13899,0.9933333333333333,0.48,0.0,0.0,0.003,0.04,0.04,0.589
823,3,textures_all,210208,210464,256,0.08203125,0.5899999737739563,187,44,0.9893048128342246,0.4318181818181818,0.7872340425531915,0.9047619047619048,0.126,0.03700000000000003,0.1,0.101,0.571,13912,0.99,0.46,0.0,0.0,0.002,0.046,0.048,0.571
824,3,textures_all,210464,210720,256,0.11328125,0.5899999737739563,172,64,0.9941860465116279,0.421875,0.7533039647577092,0.9310344827586207,0.11199999999999999,0.03400000000000003,0.097,0.098,0.547,13928,0.99,0.4633333333333333,0.0,0.0,0.002,0.046,0.049,0.547
825,3,textures_all,210720,210976,256,0.07421875,0.5899999737739563,188,44,0.9946808510638298,0.4090909090909091,0.7890295358649789,0.9473684210526315,0.14,0.03600000000000003,0.105,0.106,0.559,13955,0.9966666666666667,0.46,0.0,0.0,0.004,0.046,0.046,0.559
826,3,textures_all,210976,211232,256,0.109375,0.5899999737739563,179,56,0.9888268156424581,0.42857142857142855,0.7763157894736842,0.8571428571428571,0.09799999999999998,0.027000000000000024,0.099,0.099,0.56,13959,0.9933333333333333,0.46,0.0,0.0,0.015,0.036,0.038,0.56
827,3,textures_all,211232,211488,256,0.078125,0.5899999737739563,181,46,1.0,0.43478260869565216,0.7669491525423728,1.0,0.128,0.029000000000000026,0.083,0.083,0.555,13974,0.9966666666666667,0.46,0.0,0.0,0.016,0.037,0.037,0.555
828,3,textures_all,211488,211744,256,0.1171875,0.5899999737739563,178,44,0.9887640449438202,0.5681818181818182,0.7787610619469026,0.8333333333333334,0.09399999999999997,0.03300000000000003,0.085,0.086,0.545,13981,0.9933333333333333,0.45,0.0,0.0,0.014,0.037,0.039,0.545
829,3,textures_all,211744,212000,256,0.09765625,0.5899999737739563,181,50,0.994475138121547,0.48,0.7792207792207793,0.96,0.10299999999999998,0.039000000000000035,0.079,0.079,0.525,13989,0.99,0.4533333333333333,0.0,0.0,0.011,0.037,0.038,0.525
830,3,textures_all,212000,212256,256,0.11328125,0.5899999737739563,177,51,1.0,0.5294117647058824,0.7797356828193832,0.9310344827586207,0.11699999999999999,0.028000000000000025,0.084,0.085,0.529,14005,1.0,0.4666666666666667,0.0,0.0,0.014,0.038,0.042,0.529
831,3,textures_all,212256,212512,256,0.125,0.5899999737739563,164,64,1.0,0.5,0.7321428571428571,1.0,0.11099999999999999,0.031000000000000028,0.096,0.097,0.552,14015,1.0,0.49333333333333335,0.0,0.0,0.026,0.045,0.049,0.552
832,3,textures_all,212512,212768,256,0.109375,0.5899999737739563,187,43,0.9946524064171123,0.6046511627906976,0.8157894736842105,0.9285714285714286,0.14700000000000002,0.03500000000000003,0.12,0.121,0.576,14031,0.9966666666666667,0.52,0.0,0.0,0.029,0.041,0.045,0.576
833,3,textures_all,212768,213024,256,0.11328125,0.5899999737739563,177,56,1.0,0.5,0.7797356828193832,0.9655172413793104,0.10399999999999998,0.018000000000000016,0.13,0.131,0.596,14044,0.9966666666666667,0.52,0.0,0.0,0.027,0.044,0.045,0.596
834,3,textures_all,213024,213280,256,0.1015625,0.5899999737739563,187,40,1.0,0.65,0.8130434782608695,1.0,0.11599999999999999,0.031000000000000028,0.154,0.155,0.621,14052,1.0,0.5366666666666666,0.0,0.0,0.024,0.043,0.046,0.621
835,3,textures_all,213280,213536,256,0.0703125,0.5899999737739563,196,36,0.9948979591836735,0.4722222222222222,0.819327731092437,0.9444444444444444,0.10099999999999998,0.030000000000000027,0.151,0.152,0.64,14058,0.9966666666666667,0.54,0.0,0.0,0.025,0.04,0.041,0.64
836,3,textures_all,213536,213792,256,0.1015625,0.5899999737739563,180,46,0.9944444444444445,0.4782608695652174,0.7782608695652173,0.8461538461538461,0.08699999999999997,0.02300000000000002,0.163,0.164,0.653,14063,0.9966666666666667,0.5333333333333333,0.0,0.0,0.026,0.038,0.038,0.653
837,3,textures_all,213792,214048,256,0.09375,0.5899999737739563,177,45,0.9887005649717514,0.4444444444444444,0.7543103448275862,0.8333333333333334,0.09699999999999998,0.030000000000000027,0.139,0.14,0.64,14070,0.99,0.5066666666666667,0.0,0.0,0.026,0.036,0.037,0.64
838,3,textures_all,214048,214304,256,0.04296875,0.5899999737739563,192,35,1.0,0.2857142857142857,0.7836734693877551,0.9090909090909091,0.09399999999999997,0.02200000000000002,0.132,0.133,0.612,14084,1.0,0.49666666666666665,0.0,0.0,0.009,0.037,0.037,0.612
839,3,textures_all,214304,214560,256,0.0703125,0.5899999737739563,191,43,0.9947643979057592,0.3953488372093023,0.7983193277310925,0.9444444444444444,0.08199999999999996,0.027000000000000024,0.135,0.136,0.615,14098,0.9966666666666667,0.4633333333333333,0.0,0.0,0.006,0.033,0.036,0.615
840,3,textures_all,214560,214816,256,0.1015625,0.5899999737739563,187,42,1.0,0.5238095238095238,0.8130434782608695,0.8461538461538461,0.121,0.040000000000000036,0.122,0.122,0.605,14113,1.0,0.47333333333333333,0.0,0.0,0.004,0.033,0.036,0.605
841,3,textures_all,214816,215072,256,0.1015625,0.5899999737739563,194,42,0.9948453608247423,0.5714285714285714,0.8391304347826087,0.9230769230769231,0.09699999999999998,0.03200000000000003,0.105,0.105,0.613,14123,0.9966666666666667,0.4633333333333333,0.0,0.0,0.002,0.038,0.04,0.613
842,3,textures_all,215072,215328,256,0.08984375,0.5899999737739563,191,44,1.0,0.5227272727272727,0.8197424892703863,1.0,0.09199999999999997,0.028000000000000025,0.095,0.095,0.59,14133,1.0,0.46,0.0,0.0,0.001,0.035,0.036,0.59
843,3,textures_all,215328,215584,256,0.1171875,0.5899999737739563,180,52,1.0,0.5576923076923077,0.7964601769911505,0.9666666666666667,0.09099999999999997,0.02400000000000002,0.095,0.095,0.582,14143,1.0,0.47333333333333333,0.0,0.0,0.001,0.038,0.038,0.582
844,3,textures_all,215584,215840,256,0.109375,0.5899999737739563,174,53,1.0,0.5094339622641509,0.7631578947368421,0.9642857142857143,0.11199999999999999,0.03200000000000003,0.104,0.104,0.601,14148,1.0,0.49,0.0,0.0,0.001,0.035,0.036,0.601
845,3,textures_all,215840,216096,256,0.12109375,0.5899999737739563,180,50,0.9944444444444445,0.56,0.7955555555555556,0.9032258064516129,0.10499999999999998,0.02300000000000002,0.099,0.099,0.604,14158,0.9966666666666667,0.5266666666666666,0.0,0.0,0.002,0.04,0.039,0.604
846,3,textures_all,216096,216352,256,0.09765625,0.5899999737739563,181,46,0.994475138121547,0.5,0.7792207792207793,0.92,0.11299999999999999,0.03400000000000003,0.112,0.112,0.624,14170,0.9933333333333333,0.5333333333333333,0.0,0.0,0.003,0.035,0.035,0.624
847,3,textures_all,216352,216608,256,0.10546875,0.5899999737739563,194,43,0.9948453608247423,0.5348837209302325,0.8427947598253275,0.8518518518518519,0.10199999999999998,0.029000000000000026,0.11,0.11,0.638,14176,0.9933333333333333,0.5333333333333333,0.0,0.0,0.005,0.033,0.035,0.638
848,3,textures_all,216608,216864,256,0.11328125,0.5899999737739563,183,46,1.0,0.6086956521739131,0.8061674008810573,0.9655172413793104,0.10399999999999998,0.025000000000000022,0.113,0.113,0.641,14183,0.9966666666666667,0.5466666666666666,0.0,0.0,0.01,0.035,0.039,0.641
849,3,textures_all,216864,217120,256,0.12109375,0.5899999737739563,171,58,0.9941520467836257,0.5172413793103449,0.7555555555555555,0.967741935483871,0.10399999999999998,0.03200000000000003,0.119,0.119,0.652,14197,0.9966666666666667,0.5433333333333333,0.0,0.0,0.011,0.033,0.038,0.652
850,3,textures_all,217120,217376,256,0.10546875,0.5899999737739563,170,53,1.0,0.4716981132075472,0.74235807860262,0.9259259259259259,0.10699999999999998,0.02400000000000002,0.111,0.111,0.631,14206,0.9966666666666667,0.53,0.0,0.0,0.012,0.032,0.037,0.631
851,3,textures_all,217376,217632,256,0.11328125,0.5899999737739563,179,54,0.9888268156424581,0.48148148148148145,0.7797356828193832,0.896551724137931,0.10699999999999998,0.026000000000000023,0.118,0.118,0.629,14217,0.9933333333333333,0.5166666666666667,0.0,0.0,0.009,0.034,0.036,0.629
852,3,textures_all,217632,217888,256,0.09375,0.5899999737739563,188,46,1.0,0.5,0.8103448275862069,0.9583333333333334,0.121,0.025000000000000022,0.106,0.106,0.602,14221,0.9966666666666667,0.5166666666666667,0.0,0.0,0.007,0.035,0.035,0.602
853,3,textures_all,217888,218144,256,0.0546875,0.5899999737739563,189,37,1.0,0.35135135135135137,0.78099173553719,0.9285714285714286,0.10399999999999998,0.03600000000000003,0.1,0.1,0.581,14227,1.0,0.49333333333333335,0.0,0.0,0.009,0.039,0.041,0.581
854,3,textures_all,218144,218400,256,0.1328125,0.5899999737739563,174,49,0.9885057471264368,0.5714285714285714,0.7747747747747747,0.8235294117647058,0.08199999999999996,0.019000000000000017,0.106,0.106,0.578,14239,0.9933333333333333,0.49,0.0,0.0,0.004,0.037,0.04,0.578
855,3,textures_all,218400,218656,256,0.12109375,0.5899999737739563,178,49,0.9943820224719101,0.5714285714285714,0.7866666666666666,0.9032258064516129,0.11199999999999999,0.03600000000000003,0.107,0.107,0.596,14242,0.99,0.49666666666666665,0.0,0.0,0.019,0.034,0.034,0.596
856,3,textures_all,218656,218912,256,0.09765625,0.5899999737739563,171,53,1.0,0.4528301886792453,0.7402597402597403,0.96,0.10399999999999998,0.027000000000000024,0.117,0.117,0.615,14248,0.9966666666666667,0.48333333333333334,0.0,0.0,0.03,0.031,0.032,0.615
857,3,textures_all,218912,219168,256,0.1171875,0.5899999737739563,172,52,0.9941860465116279,0.5384615384615384,0.7566371681415929,0.9333333333333333,0.11099999999999999,0.028000000000000025,0.112,0.112,0.591,14259,0.9966666666666667,0.51,0.0,0.0,0.031,0.039,0.04,0.591
858,3,textures_all,219168,219424,256,0.1328125,0.5899999737739563,173,65,0.9942196531791907,0.47692307692307695,0.7747747747747747,0.9117647058823529,0.118,0.028000000000000025,0.122,0.122,0.626,14263,0.9966666666666667,0.5033333333333333,0.0,0.0,0.029,0.04,0.045,0.626
859,3,textures_all,219424,219680,256,0.1015625,0.5899999737739563,190,43,1.0,0.6046511627906976,0.8260869565217391,1.0,0.137,0.02200000000000002,0.125,0.124,0.625,14274,1.0,0.5233333333333333,0.0,0.0,0.025,0.041,0.049,0.625
860,3,textures_all,219680,219936,256,0.10546875,0.5899999737739563,178,51,0.9887640449438202,0.49019607843137253,0.7685589519650655,0.9259259259259259,0.10199999999999998,0.03200000000000003,0.131,0.131,0.638,14279,0.9933333333333333,0.51,0.0,0.0,0.019,0.043,0.05,0.638
861,3,textures_all,219936,220192,256,0.1171875,0.5899999737739563,186,54,1.0,0.5370370370370371,0.8230088495575221,0.9666666666666667,0.10899999999999999,0.029000000000000026,0.12,0.12,0.631,14290,0.9966666666666667,0.5133333333333333,0.0,0.0,0.005,0.047,0.051,0.631
862,3,textures_all,220192,220448,256,0.08984375,0.5899999737739563,188,41,1.0,0.5365853658536586,0.8068669527896996,0.9565217391304348,0.12,0.026000000000000023,0.134,0.134,0.636,14301,1.0,0.5233333333333333,0.0,0.0,0.004,0.045,0.047,0.636
863,3,textures_all,220448,220704,256,0.1328125,0.5899999737739563,166,59,1.0,0.559322033898305,0.7477477477477478,0.9705882352941176,0.09899999999999998,0.026000000000000023,0.137,0.137,0.645,14316,1.0,0.5433333333333333,0.0,0.0,0.004,0.044,0.048,0.645
864,3,textures_all,220704,220960,256,0.1015625,0.5899999737739563,186,50,0.9946236559139785,0.48,0.8043478260869565,0.9230769230769231,0.13,0.028000000000000025,0.156,0.156,0.659,14327,0.9966666666666667,0.53,0.0,0.0,0.008,0.047,0.046,0.659
865,3,textures_all,220960,221216,256,0.12890625,0.5899999737739563,176,54,1.0,0.5925925925925926,0.7892376681614349,0.9696969696969697,0.09699999999999998,0.027000000000000024,0.167,0.167,0.661,14334,0.9966666666666667,0.54,0.0,0.0,0.006,0.044,0.045,0.661
866,3,textures_all,221216,221472,256,0.0703125,0.5899999737739563,172,46,1.0,0.391304347826087,0.7226890756302521,1.0,0.11399999999999999,0.031000000000000028,0.156,0.155,0.635,14346,1.0,0.52,0.0,0.0,0.007,0.043,0.044,0.635
867,3,textures_all,221472,221728,256,0.1015625,0.5899999737739563,189,47,0.9947089947089947,0.5319148936170213,0.8173913043478261,0.9615384615384616,0.121,0.031000000000000028,0.166,0.166,0.622,14368,0.9966666666666667,0.5166666666666667,0.0,0.0,0.007,0.042,0.042,0.622
868,3,textures_all,221728,221984,256,0.16015625,0.5899999737739563,174,57,1.0,0.6842105263157895,0.8093023255813954,0.9512195121951219,0.11399999999999999,0.030000000000000027,0.17,0.169,0.626,14378,0.9966666666666667,0.54,0.0,0.0,0.008,0.051,0.048,0.626
869,3,textures_all,221984,222240,256,0.09375,0.5899999737739563,193,41,1.0,0.5609756097560976,0.8318965517241379,0.9583333333333334,0.134,0.03600000000000003,0.156,0.155,0.631,14389,1.0,0.5466666666666666,0.0,0.0,0.011,0.052,0.05,0.631
870,3,textures_all,222240,222496,256,0.08203125,0.5899999737739563,189,48,0.9947089947089947,0.4166666666666667,0.8,0.9523809523809523,0.09899999999999998,0.026000000000000023,0.15,0.15,0.626,14403,0.9966666666666667,0.5366666666666666,0.0,0.0,0.01,0.044,0.044,0.626
871,3,textures_all,222496,222752,256,0.09765625,0.5899999737739563,188,45,0.9840425531914894,0.4888888888888889,0.8008658008658008,0.88,0.10399999999999998,0.030000000000000027,0.122,0.122,0.619,14409,0.99,0.5133333333333333,0.0,0.0,0.009,0.043,0.048,0.619
872,3,textures_all,222752,223008,256,0.125,0.5899999737739563,176,54,0.9943181818181818,0.5555555555555556,0.78125,0.9375,0.10399999999999998,0.025000000000000022,0.11,0.11,0.59,14421,0.9933333333333333,0.5366666666666666,0.0,0.0,0.011,0.046,0.052,0.59
873,3,textures_all,223008,223264,256,0.09765625,0.5899999737739563,179,56,1.0,0.44642857142857145,0.7748917748917749,1.0,0.11299999999999999,0.026000000000000023,0.109,0.109,0.611,14431,0.9966666666666667,0.53,0.0,0.0,0.013,0.051,0.056,0.611
874,3,textures_all,223264,223520,256,0.12109375,0.5899999737739563,177,52,0.9943502824858758,0.5769230769230769,0.7822222222222223,0.967741935483871,0.134,0.027000000000000024,0.11,0.109,0.613,14439,0.9966666666666667,0.51,0.0,0.0,0.012,0.037,0.042,0.613
875,3,textures_all,223520,223776,256,0.13671875,0.5899999737739563,180,54,0.9944444444444445,0.6296296296296297,0.8099547511312217,0.9714285714285714,0.123,0.028000000000000025,0.108,0.108,0.603,14445,0.9933333333333333,0.53,0.0,0.0,0.012,0.049,0.052,0.603
876,3,textures_all,223776,224032,256,0.08203125,0.5899999737739563,194,40,0.9948453608247423,0.475,0.8212765957446808,0.9047619047619048,0.122,0.030000000000000027,0.115,0.115,0.629,14452,0.9933333333333333,0.53,0.0,0.0,0.017,0.047,0.048,0.629
877,3,textures_all,224032,224288,256,0.12109375,0.5899999737739563,182,49,0.9945054945054945,0.5102040816326531,0.8044444444444444,0.8064516129032258,0.10099999999999998,0.039000000000000035,0.117,0.117,0.614,14456,0.9933333333333333,0.5366666666666666,0.0,0.0,0.02,0.047,0.05,0.614
878,3,textures_all,224288,224544,256,0.078125,0.5899999737739563,180,51,1.0,0.39215686274509803,0.7627118644067796,1.0,0.10399999999999998,0.02200000000000002,0.123,0.122,0.63,14463,0.9966666666666667,0.5066666666666667,0.0,0.0,0.016,0.042,0.044,0.63
879,3,textures_all,224544,224800,256,0.1015625,0.5899999737739563,181,47,1.0,0.5319148936170213,0.7869565217391304,0.9615384615384616,0.10699999999999998,0.025000000000000022,0.139,0.138,0.626,14472,1.0,0.5166666666666667,0.0,0.0,0.02,0.039,0.044,0.626
880,3,textures_all,224800,225056,256,0.10546875,0.5899999737739563,178,52,1.0,0.4807692307692308,0.777292576419214,0.9259259259259259,0.09899999999999998,0.028000000000000025,0.134,0.133,0.626,14476,1.0,0.5033333333333333,0.0,0.0,0.025,0.043,0.051,0.626
881,3,textures_all,225056,225312,256,0.09765625,0.5899999737739563,178,53,1.0,0.4716981132075472,0.7705627705627706,1.0,0.125,0.030000000000000027,0.129,0.128,0.626,14485,1.0,0.48333333333333334,0.0,0.0,0.034,0.042,0.05,0.626
882,3,textures_all,225312,225568,256,0.12109375,0.5899999737739563,167,57,0.9940119760479041,0.49122807017543857,0.7377777777777778,0.9032258064516129,0.127,0.02200000000000002,0.127,0.126,0.607,14491,0.9966666666666667,0.48333333333333334,0.0,0.0,0.037,0.04,0.047,0.607
883,3,textures_all,225568,225824,256,0.0859375,0.5899999737739563,180,48,1.0,0.4166666666666667,0.7692307692307693,0.9090909090909091,0.125,0.02400000000000002,0.13,0.129,0.623,14502,0.9966666666666667,0.47,0.0,0.0,0.034,0.043,0.052,0.623
884,3,textures_all,225824,226080,256,0.06640625,0.5899999737739563,188,40,1.0,0.4,0.7866108786610879,0.9411764705882353,0.11099999999999999,0.038000000000000034,0.131,0.13,0.621,14509,1.0,0.4633333333333333,0.0,0.0,0.034,0.055,0.062,0.621
885,3,textures_all,226080,226336,256,0.10546875,0.5899999737739563,189,45,1.0,0.6,0.8253275109170306,1.0,0.09399999999999997,0.03200000000000003,0.115,0.115,0.627,14520,1.0,0.48,0.0,0.0,0.033,0.056,0.066,0.627
886,3,textures_all,226336,226592,256,0.10546875,0.5899999737739563,175,50,0.9942857142857143,0.5,0.759825327510917,0.9259259259259259,0.10899999999999999,0.025000000000000022,0.119,0.119,0.624,14530,0.9966666666666667,0.48,0.0,0.0,0.024,0.051,0.06,0.624
887,3,textures_all,226592,226848,256,0.10546875,0.5899999737739563,177,50,1.0,0.46,0.7729257641921398,0.8518518518518519,0.126,0.031000000000000028,0.11,0.11,0.62,14540,0.9966666666666667,0.48,0.0,0.0,0.018,0.044,0.055,0.62
888,3,textures_all,226848,227104,256,0.078125,0.5899999737739563,179,46,0.994413407821229,0.41304347826086957,0.7542372881355932,0.95,0.11399999999999999,0.027000000000000024,0.112,0.112,0.616,14548,0.9966666666666667,0.4633333333333333,0.0,0.0,0.011,0.046,0.053,0.616
889,3,textures_all,227104,227360,256,0.08203125,0.5899999737739563,174,51,1.0,0.37254901960784315,0.7404255319148936,0.9047619047619048,0.11499999999999999,0.027000000000000024,0.112,0.112,0.596,14562,1.0,0.4633333333333333,0.0,0.0,0.002,0.042,0.048,0.596
890,3,textures_all,227360,227616,256,0.0703125,0.5899999737739563,189,38,0.9894179894179894,0.39473684210526316,0.7857142857142857,0.8333333333333334,0.10199999999999998,0.031000000000000028,0.117,0.118,0.594,14573,0.9933333333333333,0.4633333333333333,0.0,0.0,0.003,0.042,0.044,0.594
891,3,textures_all,227616,227872,256,0.09765625,0.5899999737739563,186,43,1.0,0.5581395348837209,0.8051948051948052,0.96,0.09799999999999998,0.026000000000000023,0.125,0.125,0.584,14578,0.9966666666666667,0.45666666666666667,0.0,0.0,0.003,0.037,0.039,0.584
892,3,textures_all,227872,228128,256,0.109375,0.5899999737739563,171,55,0.9941520467836257,0.4727272727272727,0.7456140350877193,0.9285714285714286,0.10299999999999998,0.02300000000000002,0.122,0.122,0.587,14583,0.9966666666666667,0.45666666666666667,0.0,0.0,0.003,0.036,0.038,0.587
893,3,textures_all,228128,228384,256,0.1171875,0.5899999737739563,180,58,0.9944444444444445,0.4482758620689655,0.7920353982300885,0.8666666666666667,0.10999999999999999,0.029000000000000026,0.124,0.124,0.582,14592,0.9933333333333333,0.4533333333333333,0.0,0.0,0.003,0.035,0.038,0.582
894,3,textures_all,228384,228640,256,0.08984375,0.5899999737739563,194,42,1.0,0.47619047619047616,0.8326180257510729,0.8695652173913043,0.133,0.031000000000000028,0.124,0.124,0.58,14599,1.0,0.45666666666666667,0.0,0.0,0.003,0.035,0.036,0.58
895,3,textures_all,228640,228896,256,0.08984375,0.5899999737739563,189,44,1.0,0.4772727272727273,0.8111587982832618,0.9130434782608695,0.10499999999999998,0.03500000000000003,0.124,0.124,0.59,14609,1.0,0.47333333333333333,0.0,0.0,0.004,0.041,0.043,0.59
896,3,textures_all,228896,229152,256,0.09765625,0.5899999737739563,181,46,0.994475138121547,0.5,0.7792207792207793,0.92,0.10399999999999998,0.03400000000000003,0.119,0.118,0.591,14620,0.9966666666666667,0.48,0.0,0.0,0.003,0.044,0.048,0.591
897,3,textures_all,229152,229408,256,0.109375,0.5899999737739563,176,54,1.0,0.5,0.7719298245614035,0.9642857142857143,0.10299999999999998,0.025000000000000022,0.112,0.112,0.593,14625,1.0,0.48,0.0,0.0,0.005,0.05,0.052,0.593
898,3,textures_all,229408,229664,256,0.12109375,0.5899999737739563,178,50,1.0,0.6,0.7911111111111111,0.967741935483871,0.127,0.030000000000000027,0.109,0.109,0.605,14633,1.0,0.5033333333333333,0.0,0.0,0.012,0.054,0.058,0.605
899,3,textures_all,229664,229920,256,0.1328125,0.5899999737739563,176,60,0.9886363636363636,0.5333333333333333,0.7837837837837838,0.9411764705882353,0.10099999999999998,0.026000000000000023,0.099,0.099,0.615,14636,0.9933333333333333,0.5166666666666667,0.0,0.0,0.01,0.06,0.064,0.615
900,3,textures_all,229920,230176,256,0.09765625,0.5899999737739563,174,57,1.0,0.42105263157894735,0.7532467532467533,0.96,0.122,0.031000000000000028,0.097,0.097,0.618,14641,0.9933333333333333,0.5166666666666667,0.0,0.0,0.017,0.063,0.067,0.618
901,3,textures_all,230176,230432,256,0.08203125,0.5899999737739563,183,45,1.0,0.4666666666666667,0.7787234042553192,1.0,0.14300000000000002,0.03200000000000003,0.104,0.103,0.62,14646,1.0,0.5066666666666667,0.0,0.0,0.017,0.058,0.061,0.62
902,3,textures_all,230432,230688,256,0.06640625,0.5899999737739563,191,39,1.0,0.4358974358974359,0.799163179916318,1.0,0.10399999999999998,0.02400000000000002,0.098,0.097,0.619,14651,1.0,0.49666666666666665,0.0,0.0,0.021,0.045,0.051,0.619
903,3,textures_all,230688,230944,256,0.0859375,0.5899999737739563,193,37,0.9948186528497409,0.5405405405405406,0.8205128205128205,0.9090909090909091,0.08499999999999996,0.028000000000000025,0.091,0.09,0.615,14659,0.9966666666666667,0.5033333333333333,0.0,0.0,0.021,0.042,0.051,0.615
904,3,textures_all,230944,231200,256,0.1015625,0.5899999737739563,182,51,0.9945054945054945,0.49019607843137253,0.7869565217391304,0.9615384615384616,0.10699999999999998,0.02300000000000002,0.093,0.092,0.613,14666,0.9933333333333333,0.4866666666666667,0.0,0.0,0.011,0.044,0.052,0.613
905,3,textures_all,231200,231456,256,0.09765625,0.5899999737739563,187,48,1.0,0.5208333333333334,0.8095238095238095,1.0,0.10299999999999998,0.020000000000000018,0.087,0.086,0.588,14671,0.9966666666666667,0.48333333333333334,0.0,0.0,0.011,0.04,0.048,0.588
906,3,textures_all,231456,231712,256,0.11328125,0.5899999737739563,171,54,1.0,0.5185185185185185,0.7533039647577092,0.9655172413793104,0.10199999999999998,0.029000000000000026,0.09,0.089,0.589,14676,1.0,0.49333333333333335,0.0,0.0,0.014,0.043,0.05,0.589
907,3,textures_all,231712,231968,256,0.0859375,0.5899999737739563,184,50,0.9945652173913043,0.38,0.782051282051282,0.8636363636363636,0.123,0.027000000000000024,0.095,0.094,0.584,14681,0.9966666666666667,0.4766666666666667,0.0,0.0,0.015,0.043,0.049,0.584
908,3,textures_all,231968,232224,256,0.08984375,0.5899999737739563,174,52,0.9885057471264368,0.40384615384615385,0.7381974248927039,0.9130434782608695,0.119,0.020000000000000018,0.103,0.102,0.568,14689,0.99,0.47,0.0,0.0,0.016,0.041,0.046,0.568
909,3,textures_all,232224,232480,256,0.140625,0.5899999737739563,165,65,1.0,0.5384615384615384,0.75,0.9722222222222222,0.125,0.02300000000000002,0.103,0.102,0.573,14699,0.9966666666666667,0.4766666666666667,0.0,0.0,0.014,0.047,0.048,0.573
910,3,textures_all,232480,232736,256,0.05859375,0.5899999737739563,170,53,1.0,0.2830188679245283,0.7053941908713693,1.0,0.136,0.03200000000000003,0.104,0.103,0.567,14714,1.0,0.43666666666666665,0.0,0.0,0.01,0.041,0.041,0.567
911,3,textures_all,232736,232992,256,0.0859375,0.5899999737739563,185,48,1.0,0.4583333333333333,0.7905982905982906,1.0,0.121,0.030000000000000027,0.105,0.104,0.561,14724,1.0,0.43666666666666665,0.0,0.0,0.01,0.04,0.041,0.561
912,3,textures_all,232992,233248,256,0.10546875,0.5899999737739563,176,55,0.9943181818181818,0.45454545454545453,0.7641921397379913,0.9259259259259259,0.121,0.03500000000000003,0.099,0.098,0.558,14737,0.9966666666666667,0.4166666666666667,0.0,0.0,0.01,0.042,0.045,0.558
913,3,textures_all,233248,233504,256,0.12109375,0.5899999737739563,164,65,0.9939024390243902,0.4307692307692308,0.7244444444444444,0.9032258064516129,0.134,0.030000000000000027,0.1,0.099,0.559,14746,0.9933333333333333,0.43333333333333335,0.0,0.0,0.003,0.045,0.045,0.559
914,3,textures_all,233504,233760,256,0.08203125,0.5899999737739563,188,43,1.0,0.4418604651162791,0.8,0.9047619047619048,0.135,0.03300000000000003,0.092,0.092,0.548,14760,1.0,0.42333333333333334,0.0,0.0,0.006,0.034,0.033,0.548
915,3,textures_all,233760,234016,256,0.10546875,0.5899999737739563,179,52,1.0,0.5,0.7816593886462883,0.9629629629629629,0.10399999999999998,0.03300000000000003,0.088,0.088,0.562,14766,1.0,0.43666666666666665,0.0,0.0,0.011,0.035,0.033,0.562
916,3,textures_all,234016,234272,256,0.10546875,0.5899999737739563,169,61,1.0,0.4426229508196721,0.7379912663755459,1.0,0.121,0.03300000000000003,0.09,0.09,0.555,14769,1.0,0.45666666666666667,0.0,0.0,0.01,0.036,0.036,0.555
917,3,textures_all,234272,234528,256,0.05859375,0.5899999737739563,192,35,1.0,0.4,0.7966804979253111,0.9333333333333333,0.124,0.025000000000000022,0.09,0.09,0.545,14778,1.0,0.44666666666666666,0.0,0.0,0.01,0.031,0.029,0.545
918,3,textures_all,234528,234784,256,0.109375,0.5899999737739563,184,50,0.9945652173913043,0.54,0.8026315789473685,0.9642857142857143,0.07399999999999995,0.030000000000000027,0.089,0.089,0.545,14783,0.9966666666666667,0.4633333333333333,0.0,0.0,0.012,0.028,0.026,0.545
919,3,textures_all,234784,235040,256,0.0859375,0.5899999737739563,190,32,0.9947368421052631,0.625,0.8076923076923077,0.9090909090909091,0.11499999999999999,0.03500000000000003,0.106,0.106,0.559,14789,0.9933333333333333,0.4766666666666667,0.0,0.0,0.014,0.035,0.029,0.559
920,3,textures_all,235040,235296,256,0.078125,0.5899999737739563,186,42,0.9946236559139785,0.4523809523809524,0.7838983050847458,0.95,0.08699999999999997,0.029000000000000026,0.117,0.117,0.577,14792,0.9933333333333333,0.48,0.0,0.0,0.01,0.038,0.031,0.577
921,3,textures_all,235296,235552,256,0.109375,0.5899999737739563,185,52,0.9945945945945946,0.5,0.8070175438596491,0.9285714285714286,0.09999999999999998,0.03400000000000003,0.112,0.112,0.587,14797,0.9966666666666667,0.4866666666666667,0.0,0.0,0.011,0.037,0.031,0.587
922,3,textures_all,235552,235640,88,0.10227272727272728,0.5899999737739563,68,15,0.9852941176470589,0.5333333333333333,0.8481012658227848,0.8888888888888888,0.136,0.04200000000000004,0.114,0.114,0.573,14806,0.9933333333333333,0.49,0.0,0.0,0.004,0.026,0.023,0.573
