batch,segment,segment_name,start,end,n,frac_ood,thr,n_admit_id,n_admit_ood,prec_admit_id,prec_admit_ood,recall_admit_id,recall_admit_ood,churn,churn_sel0_vs_sel,surv_first,surv_init,oracle_overlap,unique,pos_purity,neg_purity,pos_init_frac,neg_init_frac,overlap_oracle_seg0,overlap_oracle_seg1,overlap_oracle_seg2,overlap_oracle_seg3
0,0,sun,0,256,256,0.20703125,0.6200000047683716,155,73,0.9483870967741935,0.547945205479452,0.7241379310344828,0.7547169811320755,0.007000000000000006,0.007000000000000006,1.0,0.993,0.019,1007,0.9483870967741935,0.547945205479452,0.48333333333333334,0.17045454545454544,0.019,0.018,0.185,0.004
1,0,sun,256,512,256,0.18359375,0.6100000143051147,165,62,0.9939393939393939,0.7096774193548387,0.784688995215311,0.9361702127659575,0.619,0.03200000000000003,0.381,0.374,0.351,1626,0.98,0.6222222222222222,0.0,0.1,0.351,0.303,0.145,0.011
2,0,sun,512,768,256,0.16015625,0.5999999642372131,181,55,0.994475138121547,0.7272727272727273,0.8372093023255814,0.975609756097561,0.32499999999999996,0.038000000000000034,0.193,0.187,0.5,1951,0.9933333333333333,0.6526315789473685,0.0,0.07317073170731707,0.5,0.388,0.118,0.024
3,0,sun,768,1024,256,0.16015625,0.5899999737739563,189,51,1.0,0.803921568627451,0.8790697674418605,1.0,0.18600000000000005,0.030000000000000027,0.119,0.113,0.575,2125,0.9966666666666667,0.6846473029045643,0.0,0.05859375,0.575,0.438,0.094,0.017
4,0,sun,1024,1280,256,0.18359375,0.5899999737739563,184,55,1.0,0.8,0.8803827751196173,0.9361702127659575,0.14,0.039000000000000035,0.093,0.088,0.605,2244,1.0,0.706081081081081,0.0,0.013333333333333334,0.605,0.458,0.08,0.014
5,0,sun,1280,1536,256,0.203125,0.5799999833106995,181,62,0.9834254143646409,0.7741935483870968,0.8725490196078431,0.9230769230769231,0.124,0.04200000000000004,0.034,0.029,0.641,2339,0.99,0.7433333333333333,0.0,0.0,0.641,0.492,0.056,0.012
6,0,sun,1536,1792,256,0.13671875,0.5799999833106995,190,46,0.9947368421052631,0.7391304347826086,0.8552036199095022,0.9714285714285714,0.14,0.038000000000000034,0.021,0.017,0.653,2457,0.99,0.7666666666666667,0.0,0.0,0.653,0.501,0.049,0.008
7,0,sun,1792,2048,256,0.16015625,0.5699999928474426,199,49,1.0,0.8367346938775511,0.9255813953488372,1.0,0.09299999999999997,0.029000000000000026,0.018,0.015,0.65,2532,0.9966666666666667,0.7833333333333333,0.0,0.0,0.65,0.502,0.045,0.01
8,0,sun,2048,2304,256,0.1484375,0.5699999928474426,189,47,1.0,0.8085106382978723,0.8669724770642202,1.0,0.07299999999999995,0.027000000000000024,0.018,0.015,0.649,2592,1.0,0.79,0.0,0.0,0.649,0.507,0.047,0.012
9,0,sun,2304,2560,256,0.16796875,0.5699999928474426,189,53,1.0,0.7735849056603774,0.8873239436619719,0.9534883720930233,0.10199999999999998,0.038000000000000034,0.019,0.016,0.646,2659,1.0,0.7866666666666666,0.0,0.0,0.646,0.515,0.05,0.014
10,0,sun,2560,2816,256,0.16796875,0.5699999928474426,190,50,1.0,0.82,0.892018779342723,0.9534883720930233,0.10199999999999998,0.02400000000000002,0.02,0.017,0.64,2716,1.0,0.7933333333333333,0.0,0.0,0.64,0.504,0.047,0.017
11,0,sun,2816,3072,256,0.1640625,0.5600000023841858,190,58,1.0,0.7241379310344828,0.8878504672897196,1.0,0.10499999999999998,0.025000000000000022,0.02,0.017,0.662,2776,1.0,0.78,0.0,0.0,0.662,0.516,0.05,0.022
12,0,sun,3072,3328,256,0.1484375,0.5600000023841858,184,53,0.9945652173913043,0.6792452830188679,0.8394495412844036,0.9473684210526315,0.14200000000000002,0.026000000000000023,0.022,0.019,0.665,2866,0.9966666666666667,0.7666666666666667,0.0,0.0,0.665,0.518,0.049,0.029
13,0,sun,3328,3584,256,0.140625,0.5600000023841858,185,50,1.0,0.7,0.8409090909090909,0.9722222222222222,0.121,0.029000000000000026,0.023,0.02,0.682,2928,1.0,0.7433333333333333,0.0,0.0,0.682,0.532,0.056,0.025
14,0,sun,3584,3840,256,0.11328125,0.5600000023841858,201,39,1.0,0.717948717948718,0.8854625550660793,0.9655172413793104,0.10499999999999998,0.03700000000000003,0.021,0.018,0.684,2991,1.0,0.7333333333333333,0.0,0.0,0.684,0.533,0.051,0.025
15,0,sun,3840,4096,256,0.16796875,0.5600000023841858,181,54,1.0,0.7777777777777778,0.8497652582159625,0.9767441860465116,0.09199999999999997,0.03500000000000003,0.022,0.019,0.682,3035,1.0,0.7333333333333333,0.0,0.0,0.682,0.531,0.049,0.025
16,0,sun,4096,4352,256,0.1640625,0.5600000023841858,183,56,1.0,0.7321428571428571,0.8551401869158879,0.9761904761904762,0.118,0.030000000000000027,0.02,0.017,0.68,3090,1.0,0.72,0.0,0.0,0.68,0.525,0.042,0.024
17,0,sun,4352,4608,256,0.1640625,0.5600000023841858,190,55,1.0,0.7636363636363637,0.8878504672897196,1.0,0.121,0.03400000000000003,0.018,0.015,0.659,3159,1.0,0.7366666666666667,0.0,0.0,0.659,0.513,0.038,0.021
18,0,sun,4608,4864,256,0.1640625,0.5600000023841858,189,50,1.0,0.84,0.883177570093458,1.0,0.135,0.031000000000000028,0.017,0.014,0.673,3223,1.0,0.7633333333333333,0.0,0.0,0.673,0.525,0.035,0.022
19,0,sun,4864,5120,256,0.171875,0.5600000023841858,188,52,1.0,0.8461538461538461,0.8867924528301887,1.0,0.09999999999999998,0.03400000000000003,0.017,0.014,0.688,3264,1.0,0.79,0.0,0.0,0.688,0.543,0.04,0.027
20,0,sun,5120,5376,256,0.1484375,0.5600000023841858,195,45,1.0,0.8222222222222222,0.8944954128440367,0.9736842105263158,0.10099999999999998,0.02300000000000002,0.017,0.014,0.678,3307,1.0,0.7966666666666666,0.0,0.0,0.678,0.547,0.043,0.03
21,0,sun,5376,5632,256,0.2578125,0.5600000023841858,175,71,0.9885714285714285,0.9014084507042254,0.9105263157894737,0.9696969696969697,0.10199999999999998,0.025000000000000022,0.017,0.014,0.666,3363,0.9933333333333333,0.84,0.0,0.0,0.666,0.549,0.045,0.03
22,0,sun,5632,5888,256,0.17578125,0.550000011920929,181,57,0.994475138121547,0.7543859649122807,0.8530805687203792,0.9555555555555556,0.138,0.03300000000000003,0.017,0.014,0.692,3414,0.9933333333333333,0.83,0.0,0.0,0.692,0.571,0.048,0.033
23,0,sun,5888,6144,256,0.19921875,0.550000011920929,181,58,0.994475138121547,0.8620689655172413,0.8780487804878049,0.9803921568627451,0.13,0.029000000000000026,0.016,0.013,0.689,3483,0.9933333333333333,0.8366666666666667,0.0,0.0,0.689,0.557,0.045,0.034
24,0,sun,6144,6400,256,0.1484375,0.550000011920929,195,45,0.9948717948717949,0.8,0.8899082568807339,0.9473684210526315,0.11299999999999999,0.029000000000000026,0.015,0.012,0.684,3524,0.9966666666666667,0.8233333333333334,0.0,0.0,0.684,0.554,0.044,0.028
25,0,sun,6400,6656,256,0.16015625,0.550000011920929,193,48,0.9896373056994818,0.8125,0.8883720930232558,0.9512195121951219,0.10399999999999998,0.028000000000000025,0.015,0.012,0.685,3563,0.99,0.8366666666666667,0.0,0.0,0.685,0.55,0.04,0.025
26,0,sun,6656,6912,256,0.17578125,0.550000011920929,186,58,1.0,0.7758620689655172,0.8815165876777251,1.0,0.08899999999999997,0.02400000000000002,0.015,0.012,0.702,3595,0.9933333333333333,0.81,0.0,0.0,0.702,0.56,0.041,0.022
27,0,sun,6912,7168,256,0.16015625,0.550000011920929,193,48,1.0,0.8541666666666666,0.8976744186046511,1.0,0.11099999999999999,0.031000000000000028,0.016,0.013,0.713,3638,1.0,0.81,0.0,0.0,0.713,0.566,0.042,0.017
28,0,sun,7168,7424,256,0.18359375,0.550000011920929,189,57,1.0,0.7894736842105263,0.9043062200956937,0.9574468085106383,0.09699999999999998,0.026000000000000023,0.015,0.012,0.709,3657,1.0,0.81,0.0,0.0,0.709,0.57,0.037,0.017
29,0,sun,7424,7680,256,0.18359375,0.550000011920929,190,59,0.9894736842105263,0.7627118644067796,0.8995215311004785,0.9574468085106383,0.15300000000000002,0.03200000000000003,0.021,0.018,0.695,3699,0.9933333333333333,0.8033333333333333,0.0,0.0,0.695,0.578,0.055,0.009
30,0,sun,7680,7936,256,0.140625,0.550000011920929,198,44,1.0,0.8181818181818182,0.9,1.0,0.133,0.03300000000000003,0.02,0.017,0.671,3750,0.9933333333333333,0.8,0.0,0.0,0.671,0.566,0.047,0.008
31,0,sun,7936,8192,256,0.1796875,0.550000011920929,186,55,1.0,0.8363636363636363,0.8857142857142857,1.0,0.10999999999999999,0.027000000000000024,0.019,0.016,0.659,3782,1.0,0.81,0.0,0.0,0.659,0.546,0.049,0.01
32,0,sun,8192,8448,256,0.21875,0.550000011920929,179,69,1.0,0.8115942028985508,0.895,1.0,0.10599999999999998,0.027000000000000024,0.02,0.017,0.668,3814,1.0,0.7966666666666666,0.0,0.0,0.668,0.535,0.049,0.015
33,0,sun,8448,8704,256,0.15234375,0.550000011920929,187,49,0.9946524064171123,0.7755102040816326,0.8571428571428571,0.9743589743589743,0.127,0.027000000000000024,0.019,0.016,0.679,3838,0.9966666666666667,0.8066666666666666,0.0,0.0,0.679,0.526,0.047,0.016
34,0,sun,8704,8960,256,0.13671875,0.550000011920929,200,48,0.995,0.7083333333333334,0.9004524886877828,0.9714285714285714,0.10499999999999998,0.025000000000000022,0.017,0.014,0.679,3861,0.9966666666666667,0.79,0.0,0.0,0.679,0.528,0.038,0.013
35,0,sun,8960,9216,256,0.12109375,0.550000011920929,205,43,1.0,0.7209302325581395,0.9111111111111111,1.0,0.11199999999999999,0.03500000000000003,0.014,0.011,0.671,3898,1.0,0.7766666666666666,0.0,0.0,0.671,0.53,0.039,0.014
36,0,sun,9216,9472,256,0.140625,0.550000011920929,193,49,1.0,0.7346938775510204,0.8772727272727273,1.0,0.119,0.030000000000000027,0.014,0.011,0.678,3935,1.0,0.77,0.0,0.0,0.678,0.531,0.034,0.016
37,0,sun,9472,9728,256,0.16015625,0.550000011920929,188,51,1.0,0.7450980392156863,0.8744186046511628,0.926829268292683,0.10799999999999998,0.031000000000000028,0.016,0.013,0.676,3964,1.0,0.75,0.0,0.0,0.676,0.529,0.037,0.016
38,0,sun,9728,9984,256,0.19921875,0.550000011920929,192,55,0.9895833333333334,0.8545454545454545,0.926829268292683,0.9215686274509803,0.11699999999999999,0.03300000000000003,0.013,0.01,0.669,3997,0.9933333333333333,0.76,0.0,0.0,0.669,0.535,0.037,0.013
39,0,sun,9984,10240,256,0.17578125,0.550000011920929,184,56,0.9945652173913043,0.7678571428571429,0.8672985781990521,0.9555555555555556,0.119,0.027000000000000024,0.017,0.014,0.661,4025,0.99,0.76,0.0,0.0,0.661,0.547,0.044,0.016
40,0,sun,10240,10496,256,0.20703125,0.550000011920929,179,62,0.994413407821229,0.8387096774193549,0.8768472906403941,0.9811320754716981,0.11099999999999999,0.030000000000000027,0.021,0.018,0.657,4051,0.9933333333333333,0.7866666666666666,0.0,0.0,0.657,0.542,0.049,0.015
41,0,sun,10496,10752,256,0.15625,0.550000011920929,194,48,0.9948453608247423,0.8125,0.8935185185185185,0.975,0.131,0.02300000000000002,0.021,0.018,0.675,4072,0.9966666666666667,0.7933333333333333,0.0,0.0,0.675,0.545,0.047,0.016
42,0,sun,10752,11008,256,0.1640625,0.550000011920929,185,55,1.0,0.7636363636363637,0.8644859813084113,1.0,0.10399999999999998,0.029000000000000026,0.022,0.019,0.675,4092,1.0,0.8066666666666666,0.0,0.0,0.675,0.555,0.052,0.017
43,0,sun,11008,11264,256,0.11328125,0.550000011920929,201,41,0.9950248756218906,0.6585365853658537,0.8810572687224669,0.9310344827586207,0.136,0.02100000000000002,0.022,0.019,0.681,4130,0.9966666666666667,0.7866666666666666,0.0,0.0,0.681,0.577,0.056,0.014
44,0,sun,11264,11520,256,0.1875,0.550000011920929,186,61,0.9946236559139785,0.7704918032786885,0.8894230769230769,0.9791666666666666,0.10299999999999998,0.03700000000000003,0.02,0.017,0.685,4152,0.9933333333333333,0.7733333333333333,0.0,0.0,0.685,0.565,0.054,0.015
45,0,sun,11520,11776,256,0.18359375,0.550000011920929,185,57,1.0,0.8245614035087719,0.8851674641148325,1.0,0.136,0.03300000000000003,0.017,0.014,0.674,4190,1.0,0.78,0.0,0.0,0.674,0.555,0.05,0.025
46,0,sun,11776,12032,256,0.15234375,0.550000011920929,195,51,1.0,0.7450980392156863,0.8986175115207373,0.9743589743589743,0.122,0.028000000000000025,0.016,0.013,0.672,4218,1.0,0.7633333333333333,0.0,0.0,0.672,0.55,0.047,0.028
47,0,sun,12032,12288,256,0.13671875,0.550000011920929,200,45,1.0,0.7777777777777778,0.9049773755656109,1.0,0.09999999999999998,0.03200000000000003,0.018,0.014,0.678,4244,1.0,0.7633333333333333,0.0,0.0,0.678,0.544,0.047,0.027
48,0,sun,12288,12544,256,0.1328125,0.550000011920929,194,46,1.0,0.7391304347826086,0.8738738738738738,1.0,0.10599999999999998,0.029000000000000026,0.019,0.015,0.669,4262,1.0,0.7566666666666667,0.0,0.0,0.669,0.523,0.05,0.027
49,0,sun,12544,12800,256,0.1796875,0.550000011920929,187,56,1.0,0.8035714285714286,0.8904761904761904,0.9782608695652174,0.10999999999999999,0.02200000000000002,0.017,0.013,0.649,4300,1.0,0.7733333333333333,0.0,0.0,0.649,0.497,0.047,0.031
50,0,sun,12800,13056,256,0.1640625,0.550000011920929,194,53,1.0,0.7924528301886793,0.9065420560747663,1.0,0.119,0.031000000000000028,0.018,0.013,0.664,4331,1.0,0.78,0.0,0.0,0.664,0.499,0.046,0.029
51,0,sun,13056,13312,256,0.171875,0.550000011920929,195,52,0.9948717948717949,0.8269230769230769,0.9150943396226415,0.9772727272727273,0.122,0.03200000000000003,0.021,0.017,0.678,4351,0.9966666666666667,0.7866666666666666,0.0,0.0,0.678,0.51,0.051,0.022
52,0,sun,13312,13568,256,0.16796875,0.550000011920929,189,52,0.9894179894179894,0.7884615384615384,0.8779342723004695,0.9534883720930233,0.10699999999999998,0.02300000000000002,0.022,0.018,0.67,4375,0.9933333333333333,0.79,0.0,0.0,0.67,0.5,0.049,0.021
53,0,sun,13568,13824,256,0.140625,0.550000011920929,188,53,1.0,0.660377358490566,0.8545454545454545,0.9722222222222222,0.10299999999999998,0.027000000000000024,0.022,0.018,0.674,4390,0.9966666666666667,0.7733333333333333,0.0,0.0,0.674,0.516,0.052,0.019
54,0,sun,13824,14080,256,0.171875,0.550000011920929,179,62,1.0,0.7096774193548387,0.8443396226415094,1.0,0.11199999999999999,0.031000000000000028,0.019,0.015,0.687,4406,1.0,0.76,0.0,0.0,0.687,0.531,0.043,0.017
55,0,sun,14080,14336,256,0.17578125,0.550000011920929,185,62,0.9945945945945946,0.7096774193548387,0.8720379146919431,0.9777777777777777,0.123,0.02100000000000002,0.018,0.014,0.694,4425,0.9966666666666667,0.73,0.0,0.0,0.694,0.532,0.043,0.014
56,0,sun,14336,14592,256,0.16796875,0.550000011920929,185,52,1.0,0.7884615384615384,0.8685446009389671,0.9534883720930233,0.13,0.03600000000000003,0.016,0.013,0.674,4452,0.9966666666666667,0.7333333333333333,0.0,0.0,0.674,0.519,0.043,0.014
57,0,sun,14592,14848,256,0.14453125,0.550000011920929,200,43,0.99,0.7906976744186046,0.9041095890410958,0.918918918918919,0.134,0.040000000000000036,0.016,0.013,0.685,4481,0.9933333333333333,0.73,0.0,0.0,0.685,0.533,0.042,0.014
58,0,sun,14848,15104,256,0.1484375,0.550000011920929,201,49,1.0,0.7755102040816326,0.9220183486238532,1.0,0.09999999999999998,0.030000000000000027,0.016,0.013,0.682,4502,0.9933333333333333,0.75,0.0,0.0,0.682,0.526,0.039,0.014
59,0,sun,15104,15360,256,0.18359375,0.550000011920929,190,52,1.0,0.8846153846153846,0.9090909090909091,0.9787234042553191,0.09699999999999998,0.02300000000000002,0.016,0.013,0.693,4518,1.0,0.7733333333333333,0.0,0.0,0.693,0.531,0.036,0.012
60,0,sun,15360,15616,256,0.1640625,0.550000011920929,195,46,0.9897435897435898,0.8695652173913043,0.9018691588785047,0.9523809523809523,0.09999999999999998,0.030000000000000027,0.016,0.012,0.694,4537,0.9933333333333333,0.8,0.0,0.0,0.694,0.534,0.037,0.012
61,0,sun,15616,15872,256,0.15625,0.550000011920929,178,59,1.0,0.6779661016949152,0.8240740740740741,1.0,0.09799999999999998,0.03700000000000003,0.016,0.012,0.695,4557,0.9933333333333333,0.7966666666666666,0.0,0.0,0.695,0.546,0.035,0.014
62,0,sun,15872,16128,256,0.17578125,0.550000011920929,184,59,1.0,0.7627118644067796,0.8720379146919431,1.0,0.10799999999999998,0.02400000000000002,0.018,0.014,0.683,4583,1.0,0.7933333333333333,0.0,0.0,0.683,0.553,0.039,0.012
63,0,sun,16128,16384,256,0.15625,0.550000011920929,186,54,0.9946236559139785,0.7222222222222222,0.8564814814814815,0.975,0.14,0.028000000000000025,0.018,0.014,0.674,4615,0.9966666666666667,0.7766666666666666,0.0,0.0,0.674,0.54,0.034,0.013
64,0,sun,16384,16640,256,0.15625,0.550000011920929,187,52,1.0,0.75,0.8657407407407407,0.975,0.14300000000000002,0.028000000000000025,0.016,0.012,0.646,4645,0.9966666666666667,0.76,0.0,0.0,0.646,0.53,0.037,0.016
65,0,sun,16640,16896,256,0.1796875,0.550000011920929,189,54,1.0,0.8518518518518519,0.9,1.0,0.10799999999999998,0.028000000000000025,0.02,0.016,0.659,4667,1.0,0.7633333333333333,0.0,0.0,0.659,0.55,0.04,0.014
66,0,sun,16896,17152,256,0.14453125,0.550000011920929,190,51,1.0,0.7254901960784313,0.867579908675799,1.0,0.129,0.029000000000000026,0.017,0.013,0.668,4688,1.0,0.7533333333333333,0.0,0.0,0.668,0.56,0.041,0.016
67,0,sun,17152,17408,256,0.1796875,0.550000011920929,179,58,1.0,0.7758620689655172,0.8523809523809524,0.9782608695652174,0.12,0.026000000000000023,0.016,0.013,0.664,4715,1.0,0.76,0.0,0.0,0.664,0.556,0.04,0.014
68,0,sun,17408,17664,256,0.15234375,0.550000011920929,192,53,1.0,0.7358490566037735,0.8847926267281107,1.0,0.11199999999999999,0.029000000000000026,0.016,0.013,0.679,4733,1.0,0.7666666666666667,0.0,0.0,0.679,0.569,0.039,0.023
69,0,sun,17664,17920,256,0.1640625,0.550000011920929,195,52,0.9948717948717949,0.7884615384615384,0.9065420560747663,0.9761904761904762,0.10199999999999998,0.031000000000000028,0.019,0.016,0.665,4745,0.9966666666666667,0.77,0.0,0.0,0.665,0.566,0.043,0.018
70,0,sun,17920,18176,256,0.15625,0.550000011920929,200,47,1.0,0.8297872340425532,0.9259259259259259,0.975,0.11699999999999999,0.025000000000000022,0.018,0.015,0.663,4762,1.0,0.78,0.0,0.0,0.663,0.555,0.045,0.019
71,0,sun,18176,18432,256,0.15625,0.550000011920929,197,46,0.9898477157360406,0.8043478260869565,0.9027777777777778,0.925,0.09899999999999998,0.03500000000000003,0.018,0.015,0.667,4779,0.9933333333333333,0.78,0.0,0.0,0.667,0.545,0.041,0.023
72,0,sun,18432,18688,256,0.12109375,0.550000011920929,200,41,1.0,0.7560975609756098,0.8888888888888888,1.0,0.10399999999999998,0.03200000000000003,0.017,0.014,0.668,4790,0.9966666666666667,0.78,0.0,0.0,0.668,0.539,0.038,0.022
73,0,sun,18688,18944,256,0.15234375,0.550000011920929,197,47,0.9898477157360406,0.7872340425531915,0.8986175115207373,0.9487179487179487,0.09599999999999997,0.025000000000000022,0.019,0.016,0.678,4801,0.9933333333333333,0.79,0.0,0.0,0.678,0.555,0.042,0.021
74,0,sun,18944,19200,256,0.203125,0.550000011920929,169,70,1.0,0.7142857142857143,0.8284313725490197,0.9615384615384616,0.09399999999999997,0.028000000000000025,0.019,0.016,0.681,4815,1.0,0.7733333333333333,0.0,0.0,0.681,0.558,0.038,0.021
75,0,sun,19200,19456,256,0.140625,0.550000011920929,186,50,1.0,0.66,0.8454545454545455,0.9166666666666666,0.14900000000000002,0.026000000000000023,0.017,0.014,0.69,4834,1.0,0.7533333333333333,0.0,0.0,0.69,0.55,0.039,0.016
76,0,sun,19456,19712,256,0.1640625,0.5399999618530273,188,55,1.0,0.7454545454545455,0.8785046728971962,0.9761904761904762,0.09699999999999998,0.027000000000000024,0.019,0.016,0.691,4843,1.0,0.74,0.0,0.0,0.691,0.562,0.044,0.016
77,0,sun,19712,19968,256,0.15234375,0.5399999618530273,194,50,0.9948453608247423,0.76,0.8894009216589862,0.9743589743589743,0.11699999999999999,0.030000000000000027,0.018,0.015,0.692,4866,0.9966666666666667,0.7333333333333333,0.0,0.0,0.692,0.562,0.038,0.014
78,0,sun,19968,20224,256,0.17578125,0.5399999618530273,186,58,0.9946236559139785,0.7413793103448276,0.8767772511848341,0.9555555555555556,0.11299999999999999,0.03200000000000003,0.019,0.016,0.688,4887,0.9966666666666667,0.7266666666666667,0.0,0.0,0.688,0.566,0.044,0.012
79,0,sun,20224,20480,256,0.140625,0.5399999618530273,190,49,0.9947368421052631,0.7142857142857143,0.8590909090909091,0.9722222222222222,0.131,0.031000000000000028,0.018,0.015,0.695,4909,0.9933333333333333,0.7133333333333334,0.0,0.0,0.695,0.553,0.051,0.012
80,0,sun,20480,20736,256,0.19921875,0.5399999618530273,183,58,1.0,0.8620689655172413,0.8926829268292683,0.9803921568627451,0.09299999999999997,0.03200000000000003,0.017,0.014,0.685,4920,0.9966666666666667,0.7566666666666667,0.0,0.0,0.685,0.557,0.05,0.011
81,0,sun,20736,20992,256,0.17578125,0.5399999618530273,188,54,0.9946808510638298,0.7962962962962963,0.8862559241706162,0.9555555555555556,0.10399999999999998,0.025000000000000022,0.02,0.016,0.694,4936,0.9966666666666667,0.7766666666666666,0.0,0.0,0.694,0.562,0.051,0.014
82,0,sun,20992,21248,256,0.18359375,0.5399999618530273,190,57,0.9894736842105263,0.7894736842105263,0.8995215311004785,0.9574468085106383,0.11099999999999999,0.026000000000000023,0.019,0.015,0.685,4952,0.9933333333333333,0.79,0.0,0.0,0.685,0.569,0.054,0.015
83,0,sun,21248,21504,256,0.1953125,0.5399999618530273,181,61,0.994475138121547,0.8032786885245902,0.8737864077669902,0.98,0.10899999999999999,0.03300000000000003,0.021,0.017,0.677,4963,0.9933333333333333,0.79,0.0,0.0,0.677,0.567,0.056,0.014
84,0,sun,21504,21760,256,0.140625,0.5399999618530273,199,45,1.0,0.7777777777777778,0.9045454545454545,0.9722222222222222,0.11299999999999999,0.028000000000000025,0.024,0.02,0.677,4977,0.9966666666666667,0.8033333333333333,0.0,0.0,0.677,0.554,0.057,0.016
85,0,sun,21760,22016,256,0.1796875,0.5399999618530273,184,55,0.9945652173913043,0.8181818181818182,0.8714285714285714,0.9782608695652174,0.09799999999999998,0.026000000000000023,0.027,0.023,0.681,4990,0.9966666666666667,0.8066666666666666,0.0,0.0,0.681,0.561,0.053,0.017
86,0,sun,22016,22272,256,0.17578125,0.5399999618530273,192,54,0.9947916666666666,0.7777777777777778,0.9052132701421801,0.9333333333333333,0.12,0.028000000000000025,0.025,0.021,0.689,5010,0.9966666666666667,0.7933333333333333,0.0,0.0,0.689,0.566,0.054,0.016
87,0,sun,22272,22528,256,0.1953125,0.5399999618530273,177,60,0.9943502824858758,0.8166666666666667,0.8543689320388349,0.98,0.11699999999999999,0.028000000000000025,0.022,0.019,0.711,5024,0.9933333333333333,0.7966666666666666,0.0,0.0,0.711,0.546,0.048,0.015
88,0,sun,22528,22784,256,0.16015625,0.5399999618530273,201,46,0.9950248756218906,0.8260869565217391,0.9302325581395349,0.926829268292683,0.123,0.03200000000000003,0.023,0.02,0.722,5044,0.9966666666666667,0.8066666666666666,0.0,0.0,0.722,0.564,0.049,0.017
89,0,sun,22784,23040,256,0.1640625,0.5399999618530273,198,50,0.98989898989899,0.78,0.9158878504672897,0.9285714285714286,0.08999999999999997,0.028000000000000025,0.02,0.017,0.721,5054,0.9933333333333333,0.8066666666666666,0.0,0.0,0.721,0.564,0.048,0.02
90,0,sun,23040,23296,256,0.140625,0.5399999618530273,195,46,1.0,0.7608695652173914,0.8863636363636364,0.9722222222222222,0.09599999999999997,0.02300000000000002,0.021,0.018,0.707,5068,0.9966666666666667,0.7966666666666666,0.0,0.0,0.707,0.552,0.041,0.018
91,0,sun,23296,23552,256,0.16796875,0.5399999618530273,199,50,1.0,0.84,0.9342723004694836,0.9767441860465116,0.08099999999999996,0.020000000000000018,0.017,0.014,0.704,5077,1.0,0.8033333333333333,0.0,0.0,0.704,0.556,0.042,0.018
92,0,sun,23552,23808,256,0.16015625,0.5399999618530273,189,54,1.0,0.7592592592592593,0.8790697674418605,1.0,0.10899999999999999,0.029000000000000026,0.016,0.013,0.683,5097,1.0,0.8,0.0,0.0,0.683,0.555,0.032,0.018
93,0,sun,23808,24064,256,0.16796875,0.5399999618530273,189,55,1.0,0.7636363636363637,0.8873239436619719,0.9767441860465116,0.124,0.029000000000000026,0.019,0.016,0.683,5119,1.0,0.7866666666666666,0.0,0.0,0.683,0.546,0.037,0.015
94,0,sun,24064,24320,256,0.19921875,0.5399999618530273,191,53,1.0,0.9433962264150944,0.9317073170731708,0.9803921568627451,0.11199999999999999,0.030000000000000027,0.02,0.017,0.682,5130,1.0,0.8033333333333333,0.0,0.0,0.682,0.553,0.044,0.015
95,0,sun,24320,24576,256,0.15625,0.5399999618530273,195,49,0.9897435897435898,0.7551020408163265,0.8935185185185185,0.925,0.11299999999999999,0.028000000000000025,0.019,0.016,0.698,5139,0.9933333333333333,0.81,0.0,0.0,0.698,0.566,0.045,0.013
96,0,sun,24576,24832,256,0.171875,0.5399999618530273,193,48,0.9948186528497409,0.875,0.9056603773584906,0.9545454545454546,0.11599999999999999,0.03600000000000003,0.021,0.018,0.687,5148,0.9933333333333333,0.8233333333333334,0.0,0.0,0.687,0.571,0.047,0.007
97,0,sun,24832,25088,256,0.21875,0.5399999618530273,179,67,1.0,0.8059701492537313,0.895,0.9642857142857143,0.09899999999999998,0.02300000000000002,0.021,0.018,0.71,5151,0.9966666666666667,0.8233333333333334,0.0,0.0,0.71,0.557,0.046,0.012
98,0,sun,25088,25344,256,0.15234375,0.5399999618530273,194,46,0.9948453608247423,0.8260869565217391,0.8894009216589862,0.9743589743589743,0.14800000000000002,0.02400000000000002,0.021,0.018,0.71,5166,0.9966666666666667,0.8366666666666667,0.0,0.0,0.71,0.567,0.049,0.013
99,0,sun,25344,25600,256,0.15234375,0.5399999618530273,194,47,1.0,0.7659574468085106,0.8940092165898618,0.9230769230769231,0.10599999999999998,0.026000000000000023,0.02,0.017,0.718,5178,0.9966666666666667,0.8266666666666667,0.0,0.0,0.718,0.569,0.048,0.018
100,0,sun,25600,25856,256,0.19140625,0.5399999618530273,187,59,1.0,0.8305084745762712,0.9033816425120773,1.0,0.09699999999999998,0.02200000000000002,0.019,0.016,0.697,5187,1.0,0.81,0.0,0.0,0.697,0.547,0.043,0.019
101,0,sun,25856,26112,256,0.1640625,0.5399999618530273,197,48,1.0,0.875,0.9205607476635514,1.0,0.124,0.028000000000000025,0.018,0.015,0.693,5196,1.0,0.83,0.0,0.0,0.693,0.543,0.041,0.015
102,0,sun,26112,26368,256,0.16796875,0.5399999618530273,197,49,1.0,0.8571428571428571,0.9248826291079812,0.9767441860465116,0.10399999999999998,0.03300000000000003,0.015,0.012,0.69,5204,1.0,0.8233333333333334,0.0,0.0,0.69,0.55,0.035,0.016
103,0,sun,26368,26624,256,0.1796875,0.5399999618530273,191,55,1.0,0.8363636363636363,0.9095238095238095,1.0,0.10899999999999999,0.031000000000000028,0.015,0.012,0.693,5214,1.0,0.8333333333333334,0.0,0.0,0.693,0.558,0.041,0.014
104,0,sun,26624,26880,256,0.15625,0.5399999618530273,191,52,0.9947643979057592,0.7307692307692307,0.8796296296296297,0.95,0.10699999999999998,0.029000000000000026,0.014,0.011,0.684,5229,0.9966666666666667,0.8133333333333334,0.0,0.0,0.684,0.542,0.04,0.022
105,0,sun,26880,27136,256,0.17578125,0.5399999618530273,188,55,1.0,0.8,0.8909952606635071,0.9777777777777777,0.126,0.03500000000000003,0.014,0.011,0.67,5245,0.9966666666666667,0.83,0.0,0.0,0.67,0.534,0.037,0.022
106,0,sun,27136,27392,256,0.1640625,0.5399999618530273,192,51,0.9947916666666666,0.7843137254901961,0.8925233644859814,0.9523809523809523,0.123,0.031000000000000028,0.016,0.013,0.679,5252,0.9966666666666667,0.8066666666666666,0.0,0.0,0.679,0.544,0.039,0.021
107,0,sun,27392,27648,256,0.18359375,0.5399999618530273,186,59,1.0,0.7966101694915254,0.8899521531100478,1.0,0.09399999999999997,0.028000000000000025,0.018,0.015,0.674,5265,0.9966666666666667,0.8,0.0,0.0,0.674,0.545,0.05,0.021
108,0,sun,27648,27904,256,0.16796875,0.5399999618530273,192,48,1.0,0.8958333333333334,0.9014084507042254,1.0,0.11599999999999999,0.026000000000000023,0.019,0.016,0.672,5284,1.0,0.81,0.0,0.0,0.672,0.533,0.047,0.023
109,0,sun,27904,28160,256,0.19140625,0.5399999618530273,185,62,0.9945945945945946,0.7741935483870968,0.8888888888888888,0.9795918367346939,0.11299999999999999,0.03200000000000003,0.019,0.016,0.679,5301,0.9966666666666667,0.8,0.0,0.0,0.679,0.539,0.047,0.026
110,0,sun,28160,28416,256,0.20703125,0.5399999618530273,183,67,1.0,0.7761194029850746,0.9014778325123153,0.9811320754716981,0.135,0.026000000000000023,0.02,0.017,0.692,5322,0.9966666666666667,0.7933333333333333,0.0,0.0,0.692,0.531,0.046,0.02
111,0,sun,28416,28672,256,0.1328125,0.5399999618530273,202,44,0.995049504950495,0.75,0.9054054054054054,0.9705882352941176,0.16000000000000003,0.03200000000000003,0.021,0.018,0.678,5343,0.9966666666666667,0.7966666666666666,0.0,0.0,0.678,0.542,0.049,0.015
112,0,sun,28672,28928,256,0.13671875,0.5399999618530273,198,43,0.9949494949494949,0.7906976744186046,0.8914027149321267,0.9714285714285714,0.10299999999999998,0.029000000000000026,0.019,0.016,0.681,5360,0.9933333333333333,0.7933333333333333,0.0,0.0,0.681,0.53,0.041,0.017
113,0,sun,28928,29184,256,0.1328125,0.5399999618530273,199,46,1.0,0.7391304347826086,0.8963963963963963,1.0,0.10399999999999998,0.04300000000000004,0.014,0.011,0.674,5367,0.9966666666666667,0.78,0.0,0.0,0.674,0.525,0.029,0.015
114,0,sun,29184,29440,256,0.11328125,0.5399999618530273,201,43,1.0,0.6744186046511628,0.8854625550660793,1.0,0.10999999999999999,0.03300000000000003,0.013,0.009,0.681,5376,1.0,0.7533333333333333,0.0,0.0,0.681,0.536,0.027,0.013
115,0,sun,29440,29696,256,0.18359375,0.5399999618530273,184,56,1.0,0.8392857142857143,0.8803827751196173,1.0,0.10499999999999998,0.02400000000000002,0.014,0.01,0.674,5390,1.0,0.7666666666666667,0.0,0.0,0.674,0.532,0.028,0.01
116,0,sun,29696,29952,256,0.12109375,0.5399999618530273,193,47,1.0,0.6595744680851063,0.8577777777777778,1.0,0.119,0.02100000000000002,0.015,0.011,0.678,5405,1.0,0.7433333333333333,0.0,0.0,0.678,0.54,0.033,0.009
117,0,sun,29952,30208,256,0.17578125,0.5399999618530273,183,55,1.0,0.8,0.8672985781990521,0.9777777777777777,0.118,0.02200000000000002,0.016,0.012,0.662,5428,1.0,0.7566666666666667,0.0,0.0,0.662,0.533,0.036,0.013
118,0,sun,30208,30464,256,0.12109375,0.5399999618530273,206,41,0.9902912621359223,0.7073170731707317,0.9066666666666666,0.9354838709677419,0.123,0.030000000000000027,0.019,0.015,0.675,5436,0.9933333333333333,0.7466666666666667,0.0,0.0,0.675,0.539,0.039,0.017
119,0,sun,30464,30720,256,0.15625,0.5399999618530273,192,51,1.0,0.7647058823529411,0.8888888888888888,0.975,0.09799999999999998,0.029000000000000026,0.02,0.016,0.672,5444,0.9966666666666667,0.7533333333333333,0.0,0.0,0.672,0.551,0.041,0.014
120,0,sun,30720,30976,256,0.171875,0.5399999618530273,185,57,1.0,0.7719298245614035,0.8726415094339622,1.0,0.11699999999999999,0.041000000000000036,0.023,0.019,0.689,5454,1.0,0.7566666666666667,0.0,0.0,0.689,0.537,0.047,0.017
121,0,sun,30976,31232,256,0.1953125,0.5399999618530273,184,59,0.9945652173913043,0.8305084745762712,0.8883495145631068,0.98,0.11299999999999999,0.026000000000000023,0.023,0.019,0.677,5467,0.9966666666666667,0.76,0.0,0.0,0.677,0.519,0.049,0.018
122,0,sun,31232,31488,256,0.18359375,0.5399999618530273,199,52,0.9949748743718593,0.8846153846153846,0.9473684210526315,0.9787234042553191,0.11099999999999999,0.030000000000000027,0.021,0.018,0.686,5474,0.9966666666666667,0.79,0.0,0.0,0.686,0.529,0.046,0.017
123,0,sun,31488,31744,256,0.12890625,0.5399999618530273,199,44,1.0,0.7272727272727273,0.8923766816143498,0.9696969696969697,0.10099999999999998,0.029000000000000026,0.021,0.018,0.675,5487,1.0,0.79,0.0,0.0,0.675,0.533,0.047,0.016
124,0,sun,31744,32000,256,0.19921875,0.5399999618530273,180,62,1.0,0.8225806451612904,0.8780487804878049,1.0,0.11099999999999999,0.03400000000000003,0.023,0.02,0.682,5493,1.0,0.8166666666666667,0.0,0.0,0.682,0.54,0.047,0.017
125,0,sun,32000,32256,256,0.140625,0.5399999618530273,194,48,0.9948453608247423,0.7291666666666666,0.8772727272727273,0.9722222222222222,0.126,0.026000000000000023,0.018,0.015,0.679,5506,0.9966666666666667,0.8033333333333333,0.0,0.0,0.679,0.543,0.041,0.019
126,0,sun,32256,32512,256,0.12890625,0.5399999618530273,205,44,1.0,0.7045454545454546,0.9192825112107623,0.9393939393939394,0.11599999999999999,0.03600000000000003,0.018,0.015,0.69,5519,0.9966666666666667,0.79,0.0,0.0,0.69,0.552,0.046,0.017
127,0,sun,32512,32768,256,0.14453125,0.5399999618530273,187,52,1.0,0.7115384615384616,0.8538812785388128,1.0,0.10799999999999998,0.030000000000000027,0.018,0.015,0.667,5535,1.0,0.7666666666666667,0.0,0.0,0.667,0.553,0.045,0.014
128,0,sun,32768,33024,256,0.21484375,0.5399999618530273,175,65,1.0,0.8307692307692308,0.8706467661691543,0.9818181818181818,0.09799999999999998,0.031000000000000028,0.021,0.018,0.668,5549,1.0,0.76,0.0,0.0,0.668,0.541,0.047,0.015
129,0,sun,33024,33280,256,0.19140625,0.5399999618530273,185,60,0.9837837837837838,0.75,0.8792270531400966,0.9183673469387755,0.125,0.02400000000000002,0.021,0.018,0.653,5567,0.99,0.7633333333333333,0.0,0.0,0.653,0.52,0.044,0.015
130,0,sun,33280,33536,256,0.18359375,0.5399999618530273,189,58,1.0,0.8103448275862069,0.9043062200956937,1.0,0.136,0.027000000000000024,0.02,0.017,0.655,5585,0.9966666666666667,0.7566666666666667,0.0,0.0,0.655,0.512,0.042,0.016
131,0,sun,33536,33792,256,0.18359375,0.5399999618530273,188,56,1.0,0.8035714285714286,0.8995215311004785,0.9574468085106383,0.129,0.027000000000000024,0.02,0.017,0.647,5595,1.0,0.78,0.0,0.0,0.647,0.512,0.044,0.017
132,0,sun,33792,34048,256,0.14453125,0.5399999618530273,188,50,1.0,0.7,0.8584474885844748,0.9459459459459459,0.125,0.030000000000000027,0.017,0.014,0.66,5610,1.0,0.7733333333333333,0.0,0.0,0.66,0.506,0.039,0.019
133,0,sun,34048,34304,256,0.18359375,0.5399999618530273,180,52,1.0,0.8846153846153846,0.861244019138756,0.9787234042553191,0.10299999999999998,0.026000000000000023,0.015,0.012,0.672,5620,1.0,0.8033333333333333,0.0,0.0,0.672,0.518,0.036,0.018
134,0,sun,34304,34560,256,0.16015625,0.5399999618530273,190,53,0.9947368421052631,0.7169811320754716,0.8790697674418605,0.926829268292683,0.09899999999999998,0.027000000000000024,0.015,0.012,0.679,5625,0.9966666666666667,0.7833333333333333,0.0,0.0,0.679,0.523,0.038,0.018
135,0,sun,34560,34816,256,0.16015625,0.5399999618530273,191,52,1.0,0.7884615384615384,0.8883720930232558,1.0,0.128,0.03200000000000003,0.015,0.012,0.688,5634,1.0,0.7866666666666666,0.0,0.0,0.688,0.53,0.04,0.016
136,0,sun,34816,35072,256,0.16015625,0.5399999618530273,194,46,1.0,0.8695652173913043,0.9023255813953488,0.975609756097561,0.119,0.029000000000000026,0.016,0.013,0.684,5651,1.0,0.7933333333333333,0.0,0.0,0.684,0.523,0.042,0.018
137,0,sun,35072,35328,256,0.203125,0.5399999618530273,188,54,0.9946808510638298,0.8888888888888888,0.9166666666666666,0.9230769230769231,0.10099999999999998,0.02300000000000002,0.019,0.016,0.686,5664,0.9966666666666667,0.8133333333333334,0.0,0.0,0.686,0.527,0.043,0.021
138,0,sun,35328,35584,256,0.15625,0.5399999618530273,185,52,1.0,0.75,0.8564814814814815,0.975,0.118,0.03300000000000003,0.022,0.018,0.69,5678,1.0,0.8166666666666667,0.0,0.0,0.69,0.533,0.046,0.019
139,0,sun,35584,35840,256,0.16015625,0.5399999618530273,189,53,1.0,0.7358490566037735,0.8790697674418605,0.9512195121951219,0.127,0.038000000000000034,0.016,0.012,0.671,5706,1.0,0.7933333333333333,0.0,0.0,0.671,0.532,0.045,0.019
140,0,sun,35840,36096,256,0.16015625,0.5399999618530273,180,53,0.9833333333333333,0.6981132075471698,0.8232558139534883,0.9024390243902439,0.10799999999999998,0.03500000000000003,0.015,0.011,0.661,5717,0.99,0.78,0.0,0.0,0.661,0.529,0.043,0.024
141,0,sun,36096,36352,256,0.19921875,0.5399999618530273,187,58,1.0,0.8793103448275862,0.9121951219512195,1.0,0.128,0.026000000000000023,0.019,0.015,0.663,5730,0.99,0.8066666666666666,0.0,0.0,0.663,0.521,0.045,0.025
142,0,sun,36352,36608,256,0.1796875,0.5399999618530273,193,56,0.9948186528497409,0.7857142857142857,0.9142857142857143,0.9565217391304348,0.13,0.03700000000000003,0.019,0.015,0.673,5744,0.9966666666666667,0.79,0.0,0.0,0.673,0.527,0.048,0.015
143,0,sun,36608,36864,256,0.16015625,0.5399999618530273,200,42,1.0,0.9285714285714286,0.9302325581395349,0.9512195121951219,0.11499999999999999,0.030000000000000027,0.019,0.015,0.655,5759,1.0,0.7933333333333333,0.0,0.0,0.655,0.511,0.047,0.018
144,0,sun,36864,37120,256,0.19921875,0.5399999618530273,189,55,0.9894179894179894,0.8727272727272727,0.9121951219512195,0.9411764705882353,0.08799999999999997,0.027000000000000024,0.022,0.018,0.642,5761,0.9933333333333333,0.8166666666666667,0.0,0.0,0.642,0.496,0.047,0.018
145,0,sun,37120,37376,256,0.140625,0.5399999618530273,196,47,1.0,0.723404255319149,0.8909090909090909,0.9444444444444444,0.123,0.020000000000000018,0.023,0.02,0.661,5771,0.9966666666666667,0.8133333333333334,0.0,0.0,0.661,0.507,0.045,0.015
146,0,sun,37376,37632,256,0.1640625,0.5399999618530273,191,49,1.0,0.8163265306122449,0.8925233644859814,0.9523809523809523,0.11599999999999999,0.028000000000000025,0.024,0.02,0.67,5794,1.0,0.83,0.0,0.0,0.67,0.505,0.043,0.015
147,0,sun,37632,37888,256,0.19921875,0.5399999618530273,186,56,0.9946236559139785,0.8928571428571429,0.9024390243902439,0.9803921568627451,0.12,0.029000000000000026,0.021,0.018,0.699,5803,0.9966666666666667,0.8366666666666667,0.0,0.0,0.699,0.52,0.044,0.014
148,0,sun,37888,38144,256,0.1953125,0.5399999618530273,176,64,1.0,0.78125,0.8543689320388349,1.0,0.124,0.02400000000000002,0.019,0.016,0.686,5817,0.9966666666666667,0.83,0.0,0.0,0.686,0.523,0.04,0.014
149,0,sun,38144,38400,256,0.18359375,0.5399999618530273,191,54,1.0,0.8518518518518519,0.9138755980861244,0.9787234042553191,0.133,0.031000000000000028,0.02,0.017,0.679,5838,1.0,0.8233333333333334,0.0,0.0,0.679,0.527,0.04,0.01
150,0,sun,38400,38656,256,0.22265625,0.5399999618530273,178,66,1.0,0.8333333333333334,0.8944723618090452,0.9649122807017544,0.10299999999999998,0.025000000000000022,0.014,0.01,0.664,5847,1.0,0.83,0.0,0.0,0.664,0.53,0.029,0.008
151,0,sun,38656,38912,256,0.16796875,0.5399999618530273,196,45,1.0,0.8888888888888888,0.92018779342723,0.9302325581395349,0.128,0.029000000000000026,0.016,0.012,0.684,5860,1.0,0.84,0.0,0.0,0.684,0.555,0.035,0.007
152,0,sun,38912,39168,256,0.15625,0.5399999618530273,204,44,1.0,0.8636363636363636,0.9444444444444444,0.95,0.09699999999999998,0.03200000000000003,0.015,0.012,0.683,5868,1.0,0.8366666666666667,0.0,0.0,0.683,0.558,0.038,0.007
153,0,sun,39168,39424,256,0.1328125,0.5399999618530273,201,43,1.0,0.7674418604651163,0.9054054054054054,0.9705882352941176,0.09799999999999998,0.027000000000000024,0.015,0.012,0.681,5881,1.0,0.8266666666666667,0.0,0.0,0.681,0.548,0.039,0.01
154,0,sun,39424,39680,256,0.16796875,0.5399999618530273,200,48,1.0,0.875,0.9389671361502347,0.9767441860465116,0.09699999999999998,0.019000000000000017,0.019,0.015,0.68,5888,1.0,0.8466666666666667,0.0,0.0,0.68,0.547,0.044,0.009
155,0,sun,39680,39936,256,0.203125,0.5399999618530273,188,59,1.0,0.847457627118644,0.9215686274509803,0.9615384615384616,0.11099999999999999,0.026000000000000023,0.016,0.012,0.707,5894,1.0,0.8433333333333334,0.0,0.0,0.707,0.56,0.041,0.007
156,0,sun,39936,40192,256,0.171875,0.5399999618530273,190,51,1.0,0.8431372549019608,0.8962264150943396,0.9772727272727273,0.12,0.02100000000000002,0.016,0.013,0.693,5904,1.0,0.85,0.0,0.0,0.693,0.549,0.045,0.009
157,0,sun,40192,40448,256,0.12890625,0.5399999618530273,210,40,1.0,0.8,0.9417040358744395,0.9696969696969697,0.10199999999999998,0.027000000000000024,0.017,0.014,0.698,5916,1.0,0.84,0.0,0.0,0.698,0.549,0.048,0.011
158,0,sun,40448,40704,256,0.16796875,0.5399999618530273,198,50,1.0,0.84,0.9295774647887324,0.9767441860465116,0.08099999999999996,0.026000000000000023,0.018,0.015,0.701,5918,1.0,0.8366666666666667,0.0,0.0,0.701,0.543,0.049,0.009
159,0,sun,40704,40960,256,0.1875,0.5399999618530273,176,67,1.0,0.7164179104477612,0.8461538461538461,1.0,0.12,0.025000000000000022,0.019,0.016,0.688,5924,1.0,0.8133333333333334,0.0,0.0,0.688,0.557,0.051,0.009
160,0,sun,40960,41216,256,0.17578125,0.5399999618530273,187,54,1.0,0.7962962962962963,0.8862559241706162,0.9555555555555556,0.127,0.02200000000000002,0.021,0.018,0.691,5935,1.0,0.8033333333333333,0.0,0.0,0.691,0.555,0.056,0.008
161,0,sun,41216,41472,256,0.21484375,0.5399999618530273,173,67,1.0,0.8059701492537313,0.8606965174129353,0.9818181818181818,0.10599999999999998,0.030000000000000027,0.021,0.018,0.697,5945,1.0,0.7833333333333333,0.0,0.0,0.697,0.56,0.058,0.01
162,0,sun,41472,41728,256,0.13671875,0.5399999618530273,202,45,0.995049504950495,0.7333333333333333,0.9095022624434389,0.9428571428571428,0.134,0.02100000000000002,0.024,0.021,0.694,5954,0.9966666666666667,0.78,0.0,0.0,0.694,0.559,0.061,0.012
163,0,sun,41728,41984,256,0.14453125,0.5399999618530273,192,49,0.9947916666666666,0.7346938775510204,0.8721461187214612,0.972972972972973,0.08599999999999997,0.02400000000000002,0.022,0.019,0.69,5966,0.9933333333333333,0.76,0.0,0.0,0.69,0.557,0.052,0.01
164,0,sun,41984,42240,256,0.15625,0.5399999618530273,184,52,1.0,0.7307692307692307,0.8518518518518519,0.95,0.08799999999999997,0.031000000000000028,0.022,0.019,0.678,5977,0.9966666666666667,0.76,0.0,0.0,0.678,0.537,0.052,0.01
165,0,sun,42240,42496,256,0.1875,0.5399999618530273,184,56,0.9782608695652174,0.75,0.8653846153846154,0.875,0.10099999999999998,0.03300000000000003,0.023,0.02,0.686,5980,0.9866666666666667,0.7533333333333333,0.0,0.0,0.686,0.534,0.051,0.013
166,0,sun,42496,42752,256,0.1640625,0.5399999618530273,198,49,0.98989898989899,0.7959183673469388,0.9158878504672897,0.9285714285714286,0.11699999999999999,0.03200000000000003,0.024,0.021,0.682,5994,0.9866666666666667,0.7566666666666667,0.0,0.0,0.682,0.534,0.047,0.014
167,0,sun,42752,43008,256,0.15234375,0.5399999618530273,195,45,0.9948717948717949,0.8,0.8940092165898618,0.9230769230769231,0.124,0.025000000000000022,0.02,0.017,0.676,6010,0.99,0.7533333333333333,0.0,0.0,0.676,0.527,0.043,0.013
168,0,sun,43008,43264,256,0.18359375,0.5399999618530273,179,57,1.0,0.8070175438596491,0.8564593301435407,0.9787234042553191,0.11099999999999999,0.026000000000000023,0.018,0.015,0.682,6022,1.0,0.7666666666666667,0.0,0.0,0.682,0.53,0.041,0.014
169,0,sun,43264,43520,256,0.18359375,0.5399999618530273,190,52,0.9947368421052631,0.8653846153846154,0.9043062200956937,0.9574468085106383,0.10899999999999999,0.029000000000000026,0.02,0.017,0.666,6038,0.9966666666666667,0.7933333333333333,0.0,0.0,0.666,0.523,0.049,0.016
170,0,sun,43520,43776,256,0.19921875,0.5399999618530273,190,55,1.0,0.8909090909090909,0.926829268292683,0.9607843137254902,0.11499999999999999,0.03200000000000003,0.016,0.013,0.682,6048,0.9966666666666667,0.82,0.0,0.0,0.682,0.528,0.042,0.018
171,0,sun,43776,44032,256,0.2109375,0.5399999618530273,187,61,0.9893048128342246,0.8524590163934426,0.9158415841584159,0.9629629629629629,0.11499999999999999,0.02100000000000002,0.014,0.011,0.692,6056,0.9933333333333333,0.8466666666666667,0.0,0.0,0.692,0.531,0.042,0.028
172,0,sun,44032,44288,256,0.20703125,0.5399999618530273,185,57,0.9945945945945946,0.8947368421052632,0.9064039408866995,0.9622641509433962,0.14300000000000002,0.028000000000000025,0.017,0.014,0.706,6062,0.99,0.8633333333333333,0.0,0.0,0.706,0.525,0.047,0.03
173,0,sun,44288,44544,256,0.1796875,0.5399999618530273,190,57,1.0,0.7894736842105263,0.9047619047619048,0.9782608695652174,0.129,0.025000000000000022,0.019,0.016,0.73,6067,1.0,0.8533333333333334,0.0,0.0,0.73,0.544,0.05,0.025
174,0,sun,44544,44800,256,0.16015625,0.5399999618530273,191,53,1.0,0.7735849056603774,0.8883720930232558,1.0,0.10599999999999998,0.026000000000000023,0.019,0.016,0.722,6069,1.0,0.8433333333333334,0.0,0.0,0.722,0.56,0.05,0.019
175,0,sun,44800,45056,256,0.1796875,0.5399999618530273,192,51,0.9895833333333334,0.8627450980392157,0.9047619047619048,0.9565217391304348,0.11499999999999999,0.028000000000000025,0.021,0.018,0.724,6077,0.9933333333333333,0.8366666666666667,0.0,0.0,0.724,0.566,0.044,0.017
176,0,sun,45056,45312,256,0.1640625,0.5399999618530273,196,51,1.0,0.8235294117647058,0.9158878504672897,1.0,0.08799999999999997,0.028000000000000025,0.019,0.016,0.722,6084,1.0,0.83,0.0,0.0,0.722,0.581,0.042,0.014
177,0,sun,45312,45568,256,0.125,0.5399999618530273,193,50,1.0,0.64,0.8616071428571429,1.0,0.09499999999999997,0.026000000000000023,0.023,0.02,0.719,6092,1.0,0.7933333333333333,0.0,0.0,0.719,0.574,0.041,0.014
178,0,sun,45568,45824,256,0.1484375,0.5399999618530273,198,49,0.9949494949494949,0.7551020408163265,0.9036697247706422,0.9736842105263158,0.10699999999999998,0.03400000000000003,0.017,0.014,0.709,6107,0.9966666666666667,0.7666666666666667,0.0,0.0,0.709,0.572,0.039,0.012
179,0,sun,45824,46080,256,0.19140625,0.5399999618530273,182,63,0.989010989010989,0.746031746031746,0.8695652173913043,0.9591836734693877,0.11099999999999999,0.02400000000000002,0.015,0.012,0.692,6118,0.99,0.76,0.0,0.0,0.692,0.553,0.04,0.012
180,0,sun,46080,46336,256,0.16015625,0.5399999618530273,191,48,0.9895287958115183,0.8125,0.8790697674418605,0.9512195121951219,0.121,0.029000000000000026,0.017,0.014,0.671,6136,0.9866666666666667,0.77,0.0,0.0,0.671,0.535,0.043,0.016
181,0,sun,46336,46592,256,0.1953125,0.5399999618530273,189,55,0.9894179894179894,0.8545454545454545,0.9077669902912622,0.94,0.08799999999999997,0.025000000000000022,0.016,0.013,0.673,6149,0.9933333333333333,0.76,0.0,0.0,0.673,0.542,0.042,0.017
182,0,sun,46592,46848,256,0.1875,0.5399999618530273,183,59,0.9890710382513661,0.7796610169491526,0.8701923076923077,0.9583333333333334,0.122,0.030000000000000027,0.015,0.012,0.646,6166,0.9933333333333333,0.7833333333333333,0.0,0.0,0.646,0.519,0.041,0.017
183,0,sun,46848,47104,256,0.19140625,0.5399999618530273,186,57,1.0,0.8245614035087719,0.8985507246376812,0.9591836734693877,0.11699999999999999,0.031000000000000028,0.016,0.013,0.656,6175,0.9933333333333333,0.8,0.0,0.0,0.656,0.513,0.042,0.012
184,0,sun,47104,47360,256,0.1875,0.5399999618530273,192,57,1.0,0.7894736842105263,0.9230769230769231,0.9375,0.122,0.026000000000000023,0.018,0.015,0.668,6188,1.0,0.8033333333333333,0.0,0.0,0.668,0.52,0.043,0.015
185,0,sun,47360,47616,256,0.14453125,0.5399999618530273,199,47,1.0,0.7872340425531915,0.908675799086758,1.0,0.132,0.03200000000000003,0.017,0.014,0.698,6191,1.0,0.8033333333333333,0.0,0.0,0.698,0.546,0.037,0.014
186,0,sun,47616,47872,256,0.17578125,0.5399999618530273,192,53,0.9947916666666666,0.8301886792452831,0.9052132701421801,0.9777777777777777,0.11099999999999999,0.03300000000000003,0.017,0.014,0.702,6203,0.9966666666666667,0.8066666666666666,0.0,0.0,0.702,0.542,0.036,0.012
187,0,sun,47872,48128,256,0.171875,0.5399999618530273,185,57,1.0,0.7368421052631579,0.8726415094339622,0.9545454545454546,0.124,0.03200000000000003,0.017,0.014,0.703,6210,0.9966666666666667,0.7966666666666666,0.0,0.0,0.703,0.542,0.038,0.009
188,0,sun,48128,48384,256,0.125,0.5399999618530273,204,42,1.0,0.7619047619047619,0.9107142857142857,1.0,0.129,0.03600000000000003,0.018,0.015,0.701,6221,1.0,0.78,0.0,0.0,0.701,0.552,0.039,0.013
189,0,sun,48384,48640,256,0.14453125,0.5399999618530273,199,49,0.9949748743718593,0.7346938775510204,0.9041095890410958,0.972972972972973,0.10299999999999998,0.03400000000000003,0.018,0.015,0.703,6227,0.9966666666666667,0.77,0.0,0.0,0.703,0.563,0.038,0.013
190,0,sun,48640,48896,256,0.11328125,0.5399999618530273,206,36,1.0,0.7777777777777778,0.9074889867841409,0.9655172413793104,0.10499999999999998,0.02400000000000002,0.019,0.016,0.686,6235,0.9966666666666667,0.7733333333333333,0.0,0.0,0.686,0.551,0.04,0.01
191,0,sun,48896,49152,256,0.140625,0.5399999618530273,192,50,1.0,0.7,0.8727272727272727,0.9722222222222222,0.07599999999999996,0.02300000000000002,0.018,0.015,0.689,6239,1.0,0.76,0.0,0.0,0.689,0.545,0.043,0.011
192,0,sun,49152,49408,256,0.1953125,0.5399999618530273,182,62,1.0,0.7741935483870968,0.883495145631068,0.96,0.11299999999999999,0.03600000000000003,0.016,0.013,0.69,6245,1.0,0.75,0.0,0.0,0.69,0.54,0.038,0.014
193,0,sun,49408,49664,256,0.16015625,0.5399999618530273,195,54,0.9948717948717949,0.7222222222222222,0.9023255813953488,0.9512195121951219,0.15000000000000002,0.028000000000000025,0.015,0.012,0.691,6267,0.9966666666666667,0.7433333333333333,0.0,0.0,0.691,0.553,0.037,0.018
194,0,sun,49664,49920,256,0.16015625,0.5399999618530273,196,50,1.0,0.8,0.9116279069767442,0.975609756097561,0.131,0.03200000000000003,0.015,0.012,0.673,6285,0.9966666666666667,0.75,0.0,0.0,0.673,0.545,0.044,0.017
195,0,sun,49920,50176,256,0.15625,0.5399999618530273,187,49,0.9893048128342246,0.7755102040816326,0.8564814814814815,0.95,0.128,0.030000000000000027,0.013,0.011,0.648,6294,0.9933333333333333,0.7566666666666667,0.0,0.0,0.648,0.52,0.041,0.021
196,0,sun,50176,50432,256,0.12109375,0.5399999618530273,196,46,1.0,0.6304347826086957,0.8711111111111111,0.9354838709677419,0.123,0.031000000000000028,0.014,0.012,0.649,6306,0.9966666666666667,0.7366666666666667,0.0,0.0,0.649,0.5,0.04,0.027
197,0,sun,50432,50688,256,0.16796875,0.5399999618530273,183,51,0.994535519125683,0.7647058823529411,0.8544600938967136,0.9069767441860465,0.10599999999999998,0.031000000000000028,0.013,0.011,0.64,6320,0.9966666666666667,0.75,0.0,0.0,0.64,0.494,0.033,0.029
198,0,sun,50688,50944,256,0.1796875,0.5399999618530273,195,55,0.9948717948717949,0.8181818181818182,0.9238095238095239,0.9782608695652174,0.11599999999999999,0.03700000000000003,0.017,0.014,0.634,6331,0.9933333333333333,0.75,0.0,0.0,0.634,0.499,0.039,0.025
199,0,sun,50944,51200,256,0.1796875,0.5399999618530273,185,58,0.9945945945945946,0.7758620689655172,0.8761904761904762,0.9782608695652174,0.133,0.03300000000000003,0.018,0.015,0.636,6334,0.9966666666666667,0.76,0.0,0.0,0.636,0.504,0.039,0.032
200,0,sun,51200,51456,256,0.1640625,0.5399999618530273,198,49,0.9949494949494949,0.8367346938775511,0.9205607476635514,0.9761904761904762,0.136,0.039000000000000035,0.019,0.016,0.647,6346,0.9966666666666667,0.7733333333333333,0.0,0.0,0.647,0.508,0.04,0.03
201,0,sun,51456,51712,256,0.19140625,0.5399999618530273,186,58,0.9946236559139785,0.8275862068965517,0.893719806763285,0.9795918367346939,0.119,0.030000000000000027,0.018,0.015,0.66,6354,0.9933333333333333,0.7866666666666666,0.0,0.0,0.66,0.522,0.045,0.027
202,0,sun,51712,51968,256,0.1796875,0.5399999618530273,195,51,1.0,0.8823529411764706,0.9285714285714286,0.9782608695652174,0.122,0.03500000000000003,0.02,0.017,0.661,6364,0.9966666666666667,0.8266666666666667,0.0,0.0,0.661,0.515,0.048,0.032
203,0,sun,51968,52224,256,0.1640625,0.5399999618530273,194,53,1.0,0.7924528301886793,0.9065420560747663,1.0,0.10899999999999999,0.03500000000000003,0.02,0.017,0.67,6366,1.0,0.8266666666666667,0.0,0.0,0.67,0.533,0.052,0.027
204,0,sun,52224,52480,256,0.12890625,0.5399999618530273,204,41,1.0,0.8048780487804879,0.9147982062780269,1.0,0.10799999999999998,0.028000000000000025,0.02,0.017,0.693,6374,1.0,0.8166666666666667,0.0,0.0,0.693,0.544,0.049,0.022
205,0,sun,52480,52736,256,0.17578125,0.5399999618530273,190,56,1.0,0.7857142857142857,0.9004739336492891,0.9777777777777777,0.09999999999999998,0.029000000000000026,0.017,0.014,0.703,6375,1.0,0.8233333333333334,0.0,0.0,0.703,0.551,0.043,0.017
206,0,sun,52736,52992,256,0.1640625,0.5399999618530273,197,46,0.9949238578680203,0.8260869565217391,0.9158878504672897,0.9047619047619048,0.125,0.029000000000000026,0.013,0.01,0.696,6378,0.9966666666666667,0.82,0.0,0.0,0.696,0.542,0.041,0.014
207,0,sun,52992,53248,256,0.1796875,0.5399999618530273,193,52,1.0,0.8653846153846154,0.919047619047619,0.9782608695652174,0.11299999999999999,0.025000000000000022,0.015,0.012,0.714,6381,0.9966666666666667,0.8266666666666667,0.0,0.0,0.714,0.549,0.04,0.015
208,0,sun,53248,53504,256,0.1484375,0.5399999618530273,195,49,0.9948717948717949,0.7551020408163265,0.8899082568807339,0.9736842105263158,0.10699999999999998,0.03600000000000003,0.017,0.014,0.716,6393,0.9966666666666667,0.8066666666666666,0.0,0.0,0.716,0.551,0.044,0.01
209,0,sun,53504,53760,256,0.18359375,0.5399999618530273,181,59,1.0,0.7457627118644068,0.8660287081339713,0.9361702127659575,0.09999999999999998,0.031000000000000028,0.015,0.012,0.709,6405,1.0,0.7933333333333333,0.0,0.0,0.709,0.554,0.038,0.009
210,0,sun,53760,54016,256,0.15234375,0.5399999618530273,187,52,0.9946524064171123,0.7115384615384616,0.8571428571428571,0.9487179487179487,0.123,0.028000000000000025,0.014,0.011,0.695,6418,0.9966666666666667,0.7833333333333333,0.0,0.0,0.695,0.547,0.034,0.01
211,0,sun,54016,54272,256,0.19921875,0.5399999618530273,192,56,1.0,0.8571428571428571,0.9365853658536586,0.9411764705882353,0.11699999999999999,0.026000000000000023,0.015,0.012,0.701,6423,0.9966666666666667,0.79,0.0,0.0,0.701,0.554,0.037,0.01
212,0,sun,54272,54528,256,0.1484375,0.5399999618530273,204,40,0.9950980392156863,0.9,0.9311926605504587,0.9473684210526315,0.14,0.026000000000000023,0.018,0.015,0.715,6429,0.9966666666666667,0.8,0.0,0.0,0.715,0.562,0.041,0.012
213,0,sun,54528,54784,256,0.14453125,0.5399999618530273,197,47,0.9949238578680203,0.7446808510638298,0.8949771689497716,0.9459459459459459,0.10699999999999998,0.030000000000000027,0.02,0.017,0.721,6435,0.9966666666666667,0.78,0.0,0.0,0.721,0.546,0.032,0.011
214,0,sun,54784,55040,256,0.19140625,0.5399999618530273,185,59,0.9945945945945946,0.7966101694915254,0.8888888888888888,0.9591836734693877,0.11499999999999999,0.038000000000000034,0.021,0.018,0.691,6444,0.9966666666666667,0.7866666666666666,0.0,0.0,0.691,0.535,0.035,0.013
215,0,sun,55040,55296,256,0.17578125,0.5399999618530273,196,51,0.9897959183673469,0.8235294117647058,0.919431279620853,0.9333333333333333,0.139,0.03200000000000003,0.017,0.014,0.691,6456,0.99,0.8,0.0,0.0,0.691,0.545,0.034,0.015
216,0,sun,55296,55552,256,0.1328125,0.5399999618530273,206,39,1.0,0.8717948717948718,0.9279279279279279,1.0,0.11399999999999999,0.03600000000000003,0.017,0.014,0.696,6461,0.9966666666666667,0.8233333333333334,0.0,0.0,0.696,0.531,0.04,0.015
217,0,sun,55552,55808,256,0.171875,0.5399999618530273,188,50,0.9893617021276596,0.82,0.8773584905660378,0.9318181818181818,0.08099999999999996,0.030000000000000027,0.016,0.013,0.709,6466,0.9933333333333333,0.8233333333333334,0.0,0.0,0.709,0.528,0.039,0.018
218,0,sun,55808,56064,256,0.16796875,0.5399999618530273,193,51,1.0,0.803921568627451,0.9061032863849765,0.9534883720930233,0.09999999999999998,0.02400000000000002,0.016,0.013,0.687,6479,0.9933333333333333,0.81,0.0,0.0,0.687,0.502,0.036,0.024
219,0,sun,56064,56320,256,0.1484375,0.5399999618530273,188,52,0.9946808510638298,0.6923076923076923,0.8577981651376146,0.9473684210526315,0.10999999999999999,0.030000000000000027,0.017,0.014,0.677,6489,0.9966666666666667,0.8,0.0,0.0,0.677,0.508,0.041,0.031
220,0,sun,56320,56576,256,0.16015625,0.5399999618530273,198,47,1.0,0.8723404255319149,0.9209302325581395,1.0,0.119,0.030000000000000027,0.017,0.014,0.682,6502,0.9966666666666667,0.8,0.0,0.0,0.682,0.513,0.043,0.027
221,0,sun,56576,56832,256,0.17578125,0.5399999618530273,189,57,1.0,0.7894736842105263,0.8957345971563981,1.0,0.11099999999999999,0.03600000000000003,0.017,0.014,0.707,6507,1.0,0.8066666666666666,0.0,0.0,0.707,0.53,0.043,0.023
222,0,sun,56832,57088,256,0.1640625,0.5399999618530273,195,44,0.9948717948717949,0.8863636363636364,0.9065420560747663,0.9285714285714286,0.12,0.027000000000000024,0.018,0.015,0.684,6515,0.9966666666666667,0.8066666666666666,0.0,0.0,0.684,0.519,0.041,0.023
223,0,sun,57088,57344,256,0.1484375,0.5399999618530273,192,50,1.0,0.74,0.8807339449541285,0.9736842105263158,0.10299999999999998,0.039000000000000035,0.019,0.016,0.696,6522,0.9966666666666667,0.7966666666666666,0.0,0.0,0.696,0.519,0.038,0.023
224,0,sun,57344,57600,256,0.19921875,0.5399999618530273,190,59,1.0,0.864406779661017,0.926829268292683,1.0,0.10199999999999998,0.02300000000000002,0.017,0.014,0.686,6532,1.0,0.8066666666666666,0.0,0.0,0.686,0.522,0.042,0.018
225,0,sun,57600,57856,256,0.109375,0.5399999618530273,201,42,1.0,0.6666666666666666,0.881578947368421,1.0,0.123,0.031000000000000028,0.017,0.014,0.694,6545,1.0,0.8066666666666666,0.0,0.0,0.694,0.542,0.044,0.016
226,0,sun,57856,58112,256,0.1796875,0.5399999618530273,185,57,1.0,0.7894736842105263,0.8809523809523809,0.9782608695652174,0.09999999999999998,0.02100000000000002,0.019,0.016,0.699,6551,1.0,0.7966666666666666,0.0,0.0,0.699,0.558,0.05,0.015
227,0,sun,58112,58368,256,0.16015625,0.5399999618530273,193,51,0.9948186528497409,0.7843137254901961,0.8930232558139535,0.975609756097561,0.10299999999999998,0.026000000000000023,0.016,0.013,0.696,6560,0.9966666666666667,0.7933333333333333,0.0,0.0,0.696,0.553,0.045,0.013
228,0,sun,58368,58624,256,0.203125,0.5399999618530273,181,61,0.988950276243094,0.7868852459016393,0.8774509803921569,0.9230769230769231,0.10099999999999998,0.03600000000000003,0.016,0.013,0.707,6565,0.99,0.7866666666666666,0.0,0.0,0.707,0.548,0.043,0.014
229,0,sun,58624,58880,256,0.1171875,0.5399999618530273,198,44,1.0,0.6590909090909091,0.8761061946902655,0.9666666666666667,0.125,0.02400000000000002,0.018,0.015,0.696,6579,0.9966666666666667,0.7633333333333333,0.0,0.0,0.696,0.555,0.045,0.019
230,0,sun,58880,59136,256,0.16796875,0.5399999618530273,185,55,0.9945945945945946,0.7636363636363637,0.863849765258216,0.9767441860465116,0.09599999999999997,0.026000000000000023,0.019,0.016,0.696,6588,0.9966666666666667,0.75,0.0,0.0,0.696,0.549,0.043,0.015
231,0,sun,59136,59392,256,0.16015625,0.5399999618530273,192,55,0.9947916666666666,0.7272727272727273,0.8883720930232558,0.975609756097561,0.124,0.030000000000000027,0.018,0.015,0.708,6599,0.9933333333333333,0.7433333333333333,0.0,0.0,0.708,0.532,0.038,0.016
232,0,sun,59392,59648,256,0.15625,0.5399999618530273,195,47,0.9897435897435898,0.7659574468085106,0.8935185185185185,0.9,0.10599999999999998,0.028000000000000025,0.017,0.014,0.709,6606,0.99,0.75,0.0,0.0,0.709,0.538,0.036,0.014
233,0,sun,59648,59904,256,0.16015625,0.5399999618530273,191,54,0.9947643979057592,0.7407407407407407,0.8837209302325582,0.975609756097561,0.10199999999999998,0.029000000000000026,0.018,0.015,0.709,6611,0.9933333333333333,0.7433333333333333,0.0,0.0,0.709,0.544,0.038,0.018
234,0,sun,59904,60000,96,0.17708333333333334,0.5399999618530273,73,20,0.9863013698630136,0.8,0.9113924050632911,0.9411764705882353,0.131,0.03600000000000003,0.019,0.016,0.683,6629,0.9933333333333333,0.74,0.0,0.0,0.683,0.519,0.044,0.017
235,1,places,60000,60256,256,0.171875,0.5399999618530273,189,48,0.9788359788359788,0.75,0.8726415094339622,0.8181818181818182,0.04800000000000004,0.027000000000000024,0.019,0.016,0.512,6638,0.98,0.7433333333333333,0.0,0.0,0.671,0.512,0.042,0.017
236,1,places,60256,60512,256,0.1953125,0.5399999618530273,184,54,0.9728260869565217,0.7407407407407407,0.8689320388349514,0.8,0.11299999999999999,0.03300000000000003,0.017,0.014,0.52,6649,0.97,0.7466666666666667,0.0,0.0,0.662,0.52,0.051,0.014
237,1,places,60512,60768,256,0.20703125,0.5399999618530273,183,59,0.9781420765027322,0.7796610169491526,0.8817733990147784,0.8679245283018868,0.133,0.03200000000000003,0.017,0.014,0.557,6661,0.9766666666666667,0.76,0.0,0.0,0.657,0.557,0.053,0.018
238,1,places,60768,61024,256,0.2109375,0.5399999618530273,171,67,0.9766081871345029,0.6865671641791045,0.8267326732673267,0.8518518518518519,0.127,0.029000000000000026,0.016,0.013,0.58,6674,0.9733333333333334,0.7433333333333333,0.0,0.0,0.627,0.58,0.052,0.019
239,1,places,61024,61280,256,0.11328125,0.5399999618530273,204,38,0.9950980392156863,0.7105263157894737,0.8942731277533039,0.9310344827586207,0.16400000000000003,0.04600000000000004,0.018,0.015,0.59,6694,0.9833333333333333,0.7333333333333333,0.0,0.0,0.576,0.59,0.051,0.015
240,1,places,61280,61536,256,0.17578125,0.5399999618530273,186,52,0.978494623655914,0.7307692307692307,0.8625592417061612,0.8444444444444444,0.11499999999999999,0.03700000000000003,0.016,0.013,0.592,6709,0.9833333333333333,0.74,0.0,0.0,0.534,0.592,0.053,0.022
241,1,places,61536,61792,256,0.16796875,0.5399999618530273,193,41,0.9585492227979274,0.7804878048780488,0.8685446009389671,0.7441860465116279,0.119,0.03300000000000003,0.015,0.012,0.595,6731,0.9666666666666667,0.7333333333333333,0.0,0.0,0.514,0.595,0.05,0.025
242,1,places,61792,62048,256,0.19140625,0.550000011920929,186,54,0.9838709677419355,0.7407407407407407,0.8840579710144928,0.8163265306122449,0.124,0.04600000000000004,0.015,0.012,0.597,6752,0.98,0.7266666666666667,0.0,0.0,0.48,0.597,0.048,0.025
243,1,places,62048,62304,256,0.16015625,0.550000011920929,196,41,0.9693877551020408,0.7804878048780488,0.8837209302325582,0.7804878048780488,0.125,0.031000000000000028,0.014,0.011,0.595,6772,0.9766666666666667,0.7266666666666667,0.0,0.0,0.471,0.595,0.048,0.016
244,1,places,62304,62560,256,0.1640625,0.550000011920929,190,50,0.9947368421052631,0.78,0.883177570093458,0.9285714285714286,0.10299999999999998,0.030000000000000027,0.015,0.012,0.588,6788,0.99,0.75,0.0,0.0,0.46,0.588,0.047,0.015
245,1,places,62560,62816,256,0.18359375,0.550000011920929,180,58,0.9888888888888889,0.7413793103448276,0.8516746411483254,0.9148936170212766,0.13,0.02300000000000002,0.016,0.013,0.589,6803,0.9933333333333333,0.7566666666666667,0.0,0.0,0.465,0.589,0.045,0.016
246,1,places,62816,63072,256,0.140625,0.550000011920929,203,40,0.9901477832512315,0.775,0.9136363636363637,0.8611111111111112,0.15000000000000002,0.038000000000000034,0.017,0.014,0.591,6835,0.99,0.7666666666666667,0.0,0.0,0.474,0.591,0.043,0.016
247,1,places,63072,63328,256,0.1953125,0.550000011920929,181,60,0.9723756906077348,0.7166666666666667,0.8543689320388349,0.86,0.11299999999999999,0.038000000000000034,0.017,0.014,0.594,6843,0.9766666666666667,0.75,0.0,0.0,0.481,0.594,0.041,0.012
248,1,places,63328,63584,256,0.1953125,0.550000011920929,189,47,0.9735449735449735,0.8085106382978723,0.8932038834951457,0.76,0.16600000000000004,0.03200000000000003,0.013,0.01,0.567,6870,0.98,0.7633333333333333,0.0,0.0,0.456,0.567,0.031,0.011
249,1,places,63584,63840,256,0.17578125,0.550000011920929,189,55,0.9841269841269841,0.7272727272727273,0.8815165876777251,0.8888888888888888,0.132,0.03700000000000003,0.014,0.011,0.587,6887,0.98,0.7566666666666667,0.0,0.0,0.485,0.587,0.034,0.013
250,1,places,63840,64096,256,0.13671875,0.550000011920929,198,43,0.9949494949494949,0.7441860465116279,0.8914027149321267,0.9142857142857143,0.14200000000000002,0.040000000000000036,0.015,0.011,0.565,6907,0.9933333333333333,0.7566666666666667,0.0,0.0,0.471,0.565,0.032,0.011
251,1,places,64096,64352,256,0.14453125,0.550000011920929,190,48,0.9947368421052631,0.6666666666666666,0.863013698630137,0.8648648648648649,0.10699999999999998,0.03700000000000003,0.013,0.009,0.558,6918,0.9966666666666667,0.7433333333333333,0.0,0.0,0.461,0.558,0.032,0.01
252,1,places,64352,64608,256,0.171875,0.550000011920929,200,43,0.965,0.7441860465116279,0.910377358490566,0.7272727272727273,0.124,0.041000000000000036,0.014,0.01,0.571,6924,0.9766666666666667,0.7366666666666667,0.0,0.0,0.47,0.571,0.037,0.008
253,1,places,64608,64864,256,0.1875,0.550000011920929,196,48,0.9693877551020408,0.7916666666666666,0.9134615384615384,0.7916666666666666,0.126,0.04500000000000004,0.014,0.01,0.565,6937,0.9666666666666667,0.75,0.0,0.0,0.457,0.565,0.036,0.009
254,1,places,64864,65120,256,0.19140625,0.550000011920929,185,51,0.9567567567567568,0.7843137254901961,0.855072463768116,0.8163265306122449,0.131,0.026000000000000023,0.013,0.009,0.583,6952,0.9633333333333334,0.7466666666666667,0.0,0.0,0.486,0.583,0.039,0.012
255,1,places,65120,65376,256,0.16796875,0.550000011920929,198,41,0.9848484848484849,0.8292682926829268,0.9154929577464789,0.7906976744186046,0.121,0.03400000000000003,0.015,0.011,0.563,6970,0.97,0.75,0.0,0.0,0.468,0.563,0.041,0.014
256,1,places,65376,65632,256,0.1328125,0.550000011920929,200,39,0.99,0.7692307692307693,0.8918918918918919,0.8823529411764706,0.11099999999999999,0.038000000000000034,0.013,0.009,0.55,6991,0.9933333333333333,0.7633333333333333,0.0,0.0,0.454,0.55,0.039,0.015
257,1,places,65632,65888,256,0.1484375,0.550000011920929,198,46,0.9848484848484849,0.717391304347826,0.8944954128440367,0.868421052631579,0.11099999999999999,0.026000000000000023,0.014,0.01,0.583,7005,0.99,0.7566666666666667,0.0,0.0,0.462,0.583,0.042,0.017
258,1,places,65888,66144,256,0.1796875,0.550000011920929,185,52,0.9675675675675676,0.6923076923076923,0.8523809523809524,0.782608695652174,0.11199999999999999,0.03500000000000003,0.015,0.012,0.599,7014,0.9733333333333334,0.76,0.0,0.0,0.475,0.599,0.041,0.019
259,1,places,66144,66400,256,0.125,0.550000011920929,194,36,0.9845360824742269,0.6666666666666666,0.8526785714285714,0.75,0.123,0.03400000000000003,0.015,0.012,0.573,7024,0.98,0.75,0.0,0.0,0.47,0.573,0.045,0.019
260,1,places,66400,66656,256,0.140625,0.550000011920929,193,42,0.9844559585492227,0.7142857142857143,0.8636363636363636,0.8333333333333334,0.10999999999999999,0.03400000000000003,0.014,0.011,0.585,7037,0.9833333333333333,0.7433333333333333,0.0,0.0,0.477,0.585,0.045,0.015
261,1,places,66656,66912,256,0.1640625,0.550000011920929,189,50,0.9841269841269841,0.72,0.8691588785046729,0.8571428571428571,0.11099999999999999,0.039000000000000035,0.014,0.011,0.597,7050,0.9833333333333333,0.7266666666666667,0.0,0.0,0.482,0.597,0.046,0.021
262,1,places,66912,67168,256,0.17578125,0.550000011920929,189,53,0.9735449735449735,0.660377358490566,0.8720379146919431,0.7777777777777778,0.133,0.03300000000000003,0.012,0.01,0.589,7061,0.98,0.7,0.0,0.0,0.466,0.589,0.045,0.021
263,1,places,67168,67424,256,0.1796875,0.550000011920929,191,49,0.9685863874345549,0.7346938775510204,0.8809523809523809,0.782608695652174,0.126,0.039000000000000035,0.012,0.01,0.589,7068,0.9733333333333334,0.7033333333333334,0.0,0.0,0.463,0.589,0.048,0.019
264,1,places,67424,67680,256,0.12890625,0.550000011920929,203,35,0.9802955665024631,0.7428571428571429,0.8923766816143498,0.7878787878787878,0.11399999999999999,0.026000000000000023,0.013,0.011,0.582,7081,0.98,0.7033333333333334,0.0,0.0,0.465,0.582,0.051,0.017
265,1,places,67680,67936,256,0.18359375,0.550000011920929,187,53,0.9679144385026738,0.7169811320754716,0.8660287081339713,0.8085106382978723,0.09099999999999997,0.027000000000000024,0.014,0.011,0.584,7087,0.9766666666666667,0.7066666666666667,0.0,0.0,0.461,0.584,0.052,0.019
266,1,places,67936,68192,256,0.1640625,0.550000011920929,185,51,0.9837837837837838,0.7058823529411765,0.8504672897196262,0.8571428571428571,0.14200000000000002,0.03600000000000003,0.017,0.014,0.568,7105,0.98,0.71,0.0,0.0,0.467,0.568,0.054,0.02
267,1,places,68192,68448,256,0.14453125,0.5600000023841858,196,46,0.9693877551020408,0.6304347826086957,0.867579908675799,0.7837837837837838,0.134,0.03500000000000003,0.015,0.012,0.574,7112,0.98,0.6866666666666666,0.0,0.0,0.483,0.574,0.052,0.014
268,1,places,68448,68704,256,0.1484375,0.5600000023841858,190,44,0.9789473684210527,0.7272727272727273,0.8532110091743119,0.8421052631578947,0.11099999999999999,0.03200000000000003,0.017,0.014,0.562,7126,0.9666666666666667,0.6933333333333334,0.0,0.0,0.477,0.562,0.056,0.016
269,1,places,68704,68960,256,0.16796875,0.5600000023841858,195,44,0.958974358974359,0.7272727272727273,0.8779342723004695,0.7441860465116279,0.121,0.04600000000000004,0.016,0.012,0.569,7139,0.9633333333333334,0.71,0.0,0.0,0.487,0.569,0.049,0.019
270,1,places,68960,69216,256,0.13671875,0.5600000023841858,198,41,0.9949494949494949,0.8048780487804879,0.8914027149321267,0.9428571428571428,0.138,0.04300000000000004,0.019,0.015,0.575,7165,0.99,0.7166666666666667,0.0,0.0,0.484,0.575,0.053,0.024
271,1,places,69216,69472,256,0.19140625,0.5600000023841858,194,49,0.9690721649484536,0.8571428571428571,0.9082125603864735,0.8571428571428571,0.124,0.03700000000000003,0.016,0.012,0.585,7182,0.9766666666666667,0.7433333333333333,0.0,0.0,0.483,0.585,0.05,0.023
272,1,places,69472,69728,256,0.1484375,0.5600000023841858,197,47,0.9746192893401016,0.6808510638297872,0.8807339449541285,0.8421052631578947,0.128,0.03300000000000003,0.019,0.015,0.596,7200,0.9666666666666667,0.7433333333333333,0.0,0.0,0.491,0.596,0.049,0.023
273,1,places,69728,69984,256,0.1875,0.5600000023841858,188,53,0.9840425531914894,0.7924528301886793,0.8894230769230769,0.875,0.11299999999999999,0.029000000000000026,0.019,0.015,0.595,7209,0.9833333333333333,0.76,0.0,0.0,0.488,0.595,0.047,0.024
274,1,places,69984,70240,256,0.19921875,0.5600000023841858,187,50,0.983957219251337,0.86,0.8975609756097561,0.8431372549019608,0.14600000000000002,0.025000000000000022,0.016,0.013,0.591,7229,0.9866666666666667,0.7866666666666666,0.0,0.0,0.472,0.591,0.044,0.022
275,1,places,70240,70496,256,0.1484375,0.5600000023841858,196,44,0.9846938775510204,0.75,0.8853211009174312,0.868421052631579,0.124,0.03700000000000003,0.015,0.014,0.594,7242,0.9833333333333333,0.7933333333333333,0.0,0.0,0.474,0.594,0.045,0.022
276,1,places,70496,70752,256,0.1875,0.5600000023841858,184,49,0.9619565217391305,0.7551020408163265,0.8509615384615384,0.7708333333333334,0.12,0.03200000000000003,0.016,0.015,0.599,7257,0.97,0.7833333333333333,0.0,0.0,0.482,0.599,0.05,0.023
277,1,places,70752,71008,256,0.1796875,0.5600000023841858,181,57,0.994475138121547,0.7894736842105263,0.8571428571428571,0.9782608695652174,0.134,0.03600000000000003,0.015,0.014,0.594,7272,0.9866666666666667,0.7733333333333333,0.0,0.0,0.48,0.594,0.046,0.019
278,1,places,71008,71264,256,0.16015625,0.5600000023841858,192,46,0.9791666666666666,0.7608695652173914,0.8744186046511628,0.8536585365853658,0.15700000000000003,0.04300000000000004,0.017,0.015,0.603,7283,0.9833333333333333,0.7866666666666666,0.0,0.0,0.493,0.603,0.05,0.013
279,1,places,71264,71520,256,0.1484375,0.5600000023841858,198,43,0.9949494949494949,0.7441860465116279,0.9036697247706422,0.8421052631578947,0.138,0.04200000000000004,0.016,0.013,0.608,7298,0.9866666666666667,0.7766666666666666,0.0,0.0,0.482,0.608,0.056,0.011
280,1,places,71520,71776,256,0.19921875,0.5600000023841858,178,56,0.9831460674157303,0.75,0.8536585365853658,0.8235294117647058,0.09699999999999998,0.03200000000000003,0.017,0.014,0.602,7311,0.99,0.76,0.0,0.0,0.48,0.602,0.054,0.011
281,1,places,71776,72032,256,0.203125,0.5600000023841858,188,57,0.9787234042553191,0.7894736842105263,0.9019607843137255,0.8653846153846154,0.11199999999999999,0.031000000000000028,0.018,0.015,0.589,7330,0.9766666666666667,0.76,0.0,0.0,0.478,0.589,0.06,0.013
282,1,places,72032,72288,256,0.12890625,0.5600000023841858,208,37,0.9903846153846154,0.8108108108108109,0.9237668161434978,0.9090909090909091,0.135,0.031000000000000028,0.019,0.016,0.604,7346,0.9833333333333333,0.77,0.0,0.0,0.498,0.604,0.061,0.013
283,1,places,72288,72544,256,0.12890625,0.5600000023841858,204,39,0.9803921568627451,0.6666666666666666,0.8968609865470852,0.7878787878787878,0.10699999999999998,0.040000000000000036,0.016,0.013,0.613,7362,0.9833333333333333,0.7566666666666667,0.0,0.0,0.51,0.613,0.05,0.013
284,1,places,72544,72800,256,0.16796875,0.5600000023841858,198,45,0.9848484848484849,0.7777777777777778,0.9154929577464789,0.813953488372093,0.09299999999999997,0.041000000000000036,0.019,0.016,0.612,7370,0.9866666666666667,0.76,0.0,0.0,0.507,0.612,0.051,0.015
285,1,places,72800,73056,256,0.16015625,0.5600000023841858,188,51,0.9946808510638298,0.7254901960784313,0.8697674418604651,0.9024390243902439,0.10899999999999999,0.029000000000000026,0.019,0.016,0.625,7377,0.9866666666666667,0.7566666666666667,0.0,0.0,0.508,0.625,0.051,0.014
286,1,places,73056,73312,256,0.11328125,0.5600000023841858,194,39,1.0,0.6666666666666666,0.8546255506607929,0.896551724137931,0.128,0.03300000000000003,0.02,0.017,0.621,7386,1.0,0.7433333333333333,0.0,0.0,0.513,0.621,0.05,0.017
287,1,places,73312,73568,256,0.13671875,0.5600000023841858,195,37,1.0,0.7837837837837838,0.8823529411764706,0.8285714285714286,0.10699999999999998,0.038000000000000034,0.019,0.016,0.624,7397,1.0,0.75,0.0,0.0,0.509,0.624,0.049,0.016
288,1,places,73568,73824,256,0.1953125,0.5600000023841858,185,59,0.9891891891891892,0.7627118644067796,0.8883495145631068,0.9,0.09499999999999997,0.029000000000000026,0.018,0.015,0.63,7412,0.9933333333333333,0.7466666666666667,0.0,0.0,0.511,0.63,0.045,0.015
289,1,places,73824,74080,256,0.17578125,0.5600000023841858,180,57,0.9888888888888889,0.7192982456140351,0.8436018957345972,0.9111111111111111,0.136,0.03300000000000003,0.018,0.016,0.612,7421,0.99,0.7366666666666667,0.0,0.0,0.489,0.612,0.051,0.013
290,1,places,74080,74336,256,0.1953125,0.5600000023841858,172,68,0.9825581395348837,0.6911764705882353,0.8203883495145631,0.94,0.15500000000000003,0.031000000000000028,0.019,0.017,0.608,7445,0.9866666666666667,0.73,0.0,0.0,0.483,0.608,0.045,0.013
291,1,places,74336,74592,256,0.14453125,0.5600000023841858,192,45,0.984375,0.6888888888888889,0.863013698630137,0.8378378378378378,0.16100000000000003,0.03700000000000003,0.015,0.013,0.587,7462,0.9833333333333333,0.7133333333333334,0.0,0.0,0.484,0.587,0.043,0.011
292,1,places,74592,74848,256,0.1796875,0.5600000023841858,185,50,0.9837837837837838,0.82,0.8666666666666667,0.8913043478260869,0.13,0.040000000000000036,0.014,0.012,0.581,7474,0.9866666666666667,0.7433333333333333,0.0,0.0,0.483,0.581,0.039,0.009
293,1,places,74848,75104,256,0.14453125,0.5600000023841858,197,37,0.9847715736040609,0.8648648648648649,0.8858447488584474,0.8648648648648649,0.13,0.041000000000000036,0.013,0.011,0.591,7489,0.99,0.74,0.0,0.0,0.492,0.591,0.037,0.01
294,1,places,75104,75360,256,0.1328125,0.5699999928474426,200,44,0.98,0.6363636363636364,0.8828828828828829,0.8235294117647058,0.09799999999999998,0.03700000000000003,0.013,0.011,0.589,7495,0.9833333333333333,0.73,0.0,0.0,0.496,0.589,0.037,0.01
295,1,places,75360,75616,256,0.15625,0.5699999928474426,187,54,0.983957219251337,0.6481481481481481,0.8518518518518519,0.875,0.10299999999999998,0.02200000000000002,0.012,0.01,0.593,7499,0.98,0.72,0.0,0.0,0.498,0.593,0.036,0.011
296,1,places,75616,75872,256,0.1796875,0.5699999928474426,182,56,0.989010989010989,0.7857142857142857,0.8571428571428571,0.9565217391304348,0.14700000000000002,0.04400000000000004,0.014,0.011,0.587,7517,0.9933333333333333,0.73,0.0,0.0,0.49,0.587,0.039,0.013
297,1,places,75872,76128,256,0.19140625,0.5699999928474426,192,50,0.9791666666666666,0.88,0.9082125603864735,0.8979591836734694,0.15300000000000002,0.03300000000000003,0.015,0.012,0.607,7528,0.98,0.7666666666666667,0.0,0.0,0.505,0.607,0.038,0.016
298,1,places,76128,76384,256,0.23046875,0.5699999928474426,186,62,0.9623655913978495,0.8387096774193549,0.9086294416243654,0.8813559322033898,0.11599999999999999,0.03300000000000003,0.016,0.013,0.606,7541,0.97,0.7733333333333333,0.0,0.0,0.501,0.606,0.044,0.02
299,1,places,76384,76640,256,0.1796875,0.5699999928474426,182,59,0.989010989010989,0.7288135593220338,0.8571428571428571,0.9347826086956522,0.14600000000000002,0.03500000000000003,0.018,0.015,0.623,7550,0.98,0.7766666666666666,0.0,0.0,0.512,0.623,0.053,0.017
300,1,places,76640,76896,256,0.17578125,0.5699999928474426,186,53,0.9838709677419355,0.7735849056603774,0.8672985781990521,0.9111111111111111,0.122,0.03300000000000003,0.021,0.018,0.604,7562,0.99,0.8,0.0,0.0,0.496,0.604,0.054,0.017
301,1,places,76896,77152,256,0.1328125,0.5699999928474426,193,49,0.9948186528497409,0.6326530612244898,0.8648648648648649,0.9117647058823529,0.14500000000000002,0.04200000000000004,0.024,0.021,0.606,7578,0.99,0.7666666666666667,0.0,0.0,0.496,0.606,0.06,0.021
302,1,places,77152,77408,256,0.125,0.5699999928474426,202,32,0.9801980198019802,0.78125,0.8839285714285714,0.78125,0.134,0.041000000000000036,0.027,0.024,0.604,7597,0.9833333333333333,0.7733333333333333,0.0,0.0,0.485,0.604,0.065,0.02
303,1,places,77408,77664,256,0.2265625,0.5699999928474426,175,58,0.9657142857142857,0.8103448275862069,0.8535353535353535,0.8103448275862069,0.10499999999999998,0.03200000000000003,0.02,0.017,0.601,7609,0.97,0.7633333333333333,0.0,0.0,0.481,0.601,0.055,0.024
304,1,places,77664,77920,256,0.15625,0.5699999928474426,200,46,0.97,0.7391304347826086,0.8981481481481481,0.85,0.14500000000000002,0.03200000000000003,0.017,0.014,0.604,7624,0.9666666666666667,0.7466666666666667,0.0,0.0,0.482,0.604,0.051,0.018
305,1,places,77920,78176,256,0.19140625,0.5699999928474426,174,62,0.9827586206896551,0.7096774193548387,0.8260869565217391,0.8979591836734694,0.11499999999999999,0.031000000000000028,0.015,0.012,0.602,7633,0.9833333333333333,0.74,0.0,0.0,0.469,0.602,0.047,0.016
306,1,places,78176,78432,256,0.19921875,0.5699999928474426,192,51,0.953125,0.7843137254901961,0.8926829268292683,0.7843137254901961,0.126,0.03400000000000003,0.015,0.012,0.596,7643,0.97,0.7433333333333333,0.0,0.0,0.471,0.596,0.044,0.018
307,1,places,78432,78688,256,0.171875,0.5699999928474426,182,48,0.978021978021978,0.7708333333333334,0.839622641509434,0.8409090909090909,0.127,0.03400000000000003,0.016,0.013,0.58,7650,0.98,0.7666666666666667,0.0,0.0,0.457,0.58,0.045,0.02
308,1,places,78688,78944,256,0.15234375,0.5699999928474426,190,46,0.9789473684210527,0.6739130434782609,0.8571428571428571,0.7948717948717948,0.126,0.039000000000000035,0.016,0.013,0.58,7667,0.98,0.75,0.0,0.0,0.455,0.58,0.041,0.015
309,1,places,78944,79200,256,0.14453125,0.5699999928474426,196,42,0.9846938775510204,0.7619047619047619,0.8812785388127854,0.8648648648648649,0.139,0.03700000000000003,0.014,0.012,0.586,7673,0.9866666666666667,0.74,0.0,0.0,0.458,0.586,0.044,0.008
310,1,places,79200,79456,256,0.17578125,0.5699999928474426,192,47,0.96875,0.7872340425531915,0.8815165876777251,0.8222222222222222,0.123,0.038000000000000034,0.015,0.013,0.598,7681,0.9733333333333334,0.75,0.0,0.0,0.469,0.598,0.044,0.006
311,1,places,79456,79712,256,0.16015625,0.5699999928474426,194,44,0.9690721649484536,0.7045454545454546,0.8744186046511628,0.7560975609756098,0.122,0.03200000000000003,0.018,0.016,0.605,7697,0.9733333333333334,0.7466666666666667,0.0,0.0,0.474,0.605,0.045,0.009
312,1,places,79712,79968,256,0.16796875,0.5699999928474426,188,49,0.9893617021276596,0.7551020408163265,0.8732394366197183,0.8604651162790697,0.09899999999999998,0.03500000000000003,0.019,0.016,0.605,7711,0.98,0.7533333333333333,0.0,0.0,0.477,0.605,0.046,0.011
313,1,places,79968,80224,256,0.203125,0.5699999928474426,174,62,0.9770114942528736,0.7419354838709677,0.8333333333333334,0.8846153846153846,0.129,0.03600000000000003,0.018,0.015,0.614,7727,0.9833333333333333,0.7466666666666667,0.0,0.0,0.491,0.614,0.044,0.012
314,1,places,80224,80480,256,0.1171875,0.5699999928474426,203,40,0.9802955665024631,0.65,0.8805309734513275,0.8666666666666667,0.14600000000000002,0.03700000000000003,0.018,0.015,0.599,7750,0.9766666666666667,0.7266666666666667,0.0,0.0,0.486,0.599,0.042,0.015
315,1,places,80480,80736,256,0.15234375,0.5699999928474426,198,42,0.9848484848484849,0.8333333333333334,0.8986175115207373,0.8974358974358975,0.09699999999999998,0.03600000000000003,0.017,0.014,0.614,7754,0.9866666666666667,0.7466666666666667,0.0,0.0,0.488,0.614,0.041,0.014
316,1,places,80736,80992,256,0.1875,0.5699999928474426,183,58,0.9890710382513661,0.7758620689655172,0.8701923076923077,0.9375,0.08699999999999997,0.026000000000000023,0.018,0.015,0.619,7761,0.9866666666666667,0.7466666666666667,0.0,0.0,0.492,0.619,0.04,0.016
317,1,places,80992,81248,256,0.18359375,0.5699999928474426,184,49,0.9782608695652174,0.7959183673469388,0.861244019138756,0.8297872340425532,0.136,0.03200000000000003,0.015,0.012,0.627,7772,0.98,0.76,0.0,0.0,0.48,0.627,0.033,0.016
318,1,places,81248,81504,256,0.16796875,0.5699999928474426,182,48,0.978021978021978,0.7083333333333334,0.8356807511737089,0.7906976744186046,0.11099999999999999,0.029000000000000026,0.016,0.013,0.622,7776,0.98,0.7533333333333333,0.0,0.0,0.488,0.622,0.031,0.013
319,1,places,81504,81760,256,0.12890625,0.5699999928474426,184,45,0.9891304347826086,0.6666666666666666,0.8161434977578476,0.9090909090909091,0.10999999999999999,0.031000000000000028,0.015,0.012,0.611,7788,0.9833333333333333,0.7333333333333333,0.0,0.0,0.492,0.611,0.031,0.012
320,1,places,81760,82016,256,0.15625,0.5699999928474426,190,47,0.9947368421052631,0.7659574468085106,0.875,0.9,0.126,0.03200000000000003,0.014,0.011,0.604,7796,0.9933333333333333,0.7533333333333333,0.0,0.0,0.494,0.604,0.03,0.012
321,1,places,82016,82272,256,0.13671875,0.5699999928474426,202,44,0.9851485148514851,0.7272727272727273,0.9004524886877828,0.9142857142857143,0.137,0.04600000000000004,0.015,0.012,0.588,7813,0.9866666666666667,0.7466666666666667,0.0,0.0,0.477,0.588,0.035,0.015
322,1,places,82272,82528,256,0.16015625,0.5699999928474426,190,47,0.9947368421052631,0.8085106382978723,0.8790697674418605,0.926829268292683,0.10499999999999998,0.04600000000000004,0.015,0.012,0.585,7820,0.99,0.7533333333333333,0.0,0.0,0.486,0.585,0.034,0.017
323,1,places,82528,82784,256,0.17578125,0.5699999928474426,185,53,0.9945945945945946,0.7735849056603774,0.8720379146919431,0.9111111111111111,0.122,0.040000000000000036,0.014,0.011,0.592,7829,0.9966666666666667,0.7466666666666667,0.0,0.0,0.489,0.592,0.034,0.013
324,1,places,82784,83040,256,0.17578125,0.5699999928474426,192,50,0.984375,0.82,0.8957345971563981,0.9111111111111111,0.134,0.030000000000000027,0.014,0.011,0.585,7840,0.99,0.75,0.0,0.0,0.497,0.585,0.035,0.017
325,1,places,83040,83296,256,0.13671875,0.5699999928474426,188,42,0.9840425531914894,0.6904761904761905,0.8371040723981901,0.8285714285714286,0.14100000000000001,0.03300000000000003,0.015,0.012,0.591,7853,0.98,0.76,0.0,0.0,0.485,0.591,0.036,0.019
326,1,places,83296,83552,256,0.1484375,0.5699999928474426,193,46,0.9844559585492227,0.6956521739130435,0.8715596330275229,0.8421052631578947,0.131,0.040000000000000036,0.018,0.015,0.588,7860,0.9866666666666667,0.76,0.0,0.0,0.488,0.588,0.039,0.023
327,1,places,83552,83808,256,0.16015625,0.5699999928474426,200,43,0.975,0.7674418604651163,0.9069767441860465,0.8048780487804879,0.125,0.03200000000000003,0.018,0.015,0.599,7870,0.9766666666666667,0.7666666666666667,0.0,0.0,0.488,0.599,0.045,0.022
328,1,places,83808,84064,256,0.16796875,0.5699999928474426,192,46,0.9791666666666666,0.782608695652174,0.8826291079812206,0.8372093023255814,0.10299999999999998,0.03500000000000003,0.018,0.015,0.576,7886,0.9833333333333333,0.7633333333333333,0.0,0.0,0.481,0.576,0.048,0.024
329,1,places,84064,84320,256,0.140625,0.5699999928474426,190,46,0.9894736842105263,0.6739130434782609,0.8545454545454545,0.8611111111111112,0.119,0.03400000000000003,0.02,0.017,0.56,7896,0.99,0.7433333333333333,0.0,0.0,0.477,0.56,0.051,0.023
330,1,places,84320,84576,256,0.15234375,0.5699999928474426,189,47,0.9682539682539683,0.6808510638297872,0.8433179723502304,0.8205128205128205,0.118,0.029000000000000026,0.02,0.017,0.561,7917,0.9766666666666667,0.7266666666666667,0.0,0.0,0.475,0.561,0.05,0.02
331,1,places,84576,84832,256,0.1875,0.5699999928474426,179,57,0.994413407821229,0.7719298245614035,0.8557692307692307,0.9166666666666666,0.136,0.03400000000000003,0.019,0.016,0.563,7929,0.9866666666666667,0.7366666666666667,0.0,0.0,0.464,0.563,0.048,0.016
332,1,places,84832,85088,256,0.1484375,0.5699999928474426,193,47,0.9844559585492227,0.723404255319149,0.8715596330275229,0.8947368421052632,0.15200000000000002,0.03700000000000003,0.02,0.017,0.559,7947,0.9866666666666667,0.7333333333333333,0.0,0.0,0.468,0.559,0.051,0.013
333,1,places,85088,85344,256,0.1796875,0.5699999928474426,181,51,0.9779005524861878,0.7647058823529411,0.8428571428571429,0.8478260869565217,0.126,0.03700000000000003,0.012,0.009,0.556,7959,0.98,0.7366666666666667,0.0,0.0,0.463,0.556,0.044,0.011
334,1,places,85344,85600,256,0.19921875,0.5699999928474426,176,60,0.9943181818181818,0.7666666666666667,0.8536585365853658,0.9019607843137255,0.129,0.04700000000000004,0.014,0.011,0.575,7966,0.99,0.7366666666666667,0.0,0.0,0.463,0.575,0.052,0.01
335,1,places,85600,85856,256,0.1484375,0.5699999928474426,193,47,0.9844559585492227,0.6595744680851063,0.8715596330275229,0.8157894736842105,0.136,0.02200000000000002,0.015,0.012,0.57,7979,0.99,0.7366666666666667,0.0,0.0,0.451,0.57,0.048,0.015
336,1,places,85856,86112,256,0.15234375,0.5699999928474426,191,53,0.9842931937172775,0.660377358490566,0.8663594470046083,0.8974358974358975,0.123,0.03500000000000003,0.016,0.013,0.57,7993,0.9833333333333333,0.7266666666666667,0.0,0.0,0.439,0.57,0.048,0.02
337,1,places,86112,86368,256,0.16796875,0.5699999928474426,178,52,0.9887640449438202,0.75,0.8262910798122066,0.9069767441860465,0.129,0.02200000000000002,0.015,0.012,0.562,8014,0.99,0.7133333333333334,0.0,0.0,0.447,0.562,0.047,0.021
338,1,places,86368,86624,256,0.14453125,0.5699999928474426,196,43,0.9744897959183674,0.6976744186046512,0.8721461187214612,0.8108108108108109,0.128,0.03600000000000003,0.016,0.013,0.549,8028,0.98,0.72,0.0,0.0,0.441,0.549,0.054,0.019
339,1,places,86624,86880,256,0.1640625,0.5799999833106995,186,52,0.9838709677419355,0.7115384615384616,0.8551401869158879,0.8809523809523809,0.12,0.039000000000000035,0.016,0.013,0.554,8040,0.9766666666666667,0.7133333333333334,0.0,0.0,0.451,0.554,0.048,0.016
340,1,places,86880,87136,256,0.1640625,0.5799999833106995,189,52,0.9947089947089947,0.75,0.8785046728971962,0.9285714285714286,0.138,0.030000000000000027,0.016,0.013,0.534,8055,0.9933333333333333,0.7066666666666667,0.0,0.0,0.437,0.534,0.034,0.015
341,1,places,87136,87392,256,0.17578125,0.5799999833106995,173,60,0.9942196531791907,0.7166666666666667,0.8151658767772512,0.9555555555555556,0.14700000000000002,0.029000000000000026,0.014,0.011,0.53,8065,0.9966666666666667,0.7133333333333334,0.0,0.0,0.433,0.53,0.028,0.015
342,1,places,87392,87648,256,0.1328125,0.5799999833106995,189,48,0.9788359788359788,0.6041666666666666,0.8333333333333334,0.8529411764705882,0.16000000000000003,0.031000000000000028,0.016,0.012,0.518,8087,0.9833333333333333,0.7,0.0,0.0,0.422,0.518,0.032,0.019
343,1,places,87648,87904,256,0.203125,0.5799999833106995,176,62,0.9715909090909091,0.7096774193548387,0.8382352941176471,0.8461538461538461,0.14300000000000002,0.040000000000000036,0.016,0.013,0.532,8095,0.98,0.7066666666666667,0.0,0.0,0.434,0.532,0.037,0.014
344,1,places,87904,88160,256,0.2109375,0.5799999833106995,176,60,0.9829545454545454,0.8166666666666667,0.8564356435643564,0.9074074074074074,0.15900000000000003,0.041000000000000036,0.017,0.014,0.554,8103,0.98,0.7233333333333334,0.0,0.0,0.446,0.554,0.04,0.019
345,1,places,88160,88416,256,0.16015625,0.5799999833106995,186,56,0.978494623655914,0.6607142857142857,0.8465116279069768,0.9024390243902439,0.15800000000000003,0.025000000000000022,0.017,0.014,0.563,8120,0.98,0.7066666666666667,0.0,0.0,0.467,0.563,0.043,0.017
346,1,places,88416,88672,256,0.21484375,0.5799999833106995,181,58,0.9723756906077348,0.8103448275862069,0.8756218905472637,0.8545454545454545,0.123,0.028000000000000025,0.018,0.015,0.545,8139,0.9733333333333334,0.7233333333333334,0.0,0.0,0.444,0.545,0.041,0.016
347,1,places,88672,88928,256,0.20703125,0.5699999928474426,177,62,0.9830508474576272,0.7580645161290323,0.8571428571428571,0.8867924528301887,0.16500000000000004,0.03600000000000003,0.019,0.016,0.575,8154,0.9833333333333333,0.7533333333333333,0.0,0.0,0.464,0.575,0.05,0.018
348,1,places,88928,89184,256,0.14453125,0.5799999833106995,189,49,0.9788359788359788,0.6530612244897959,0.8447488584474886,0.8648648648648649,0.15700000000000003,0.04300000000000004,0.018,0.015,0.595,8169,0.9766666666666667,0.7466666666666667,0.0,0.0,0.49,0.595,0.051,0.018
349,1,places,89184,89440,256,0.19140625,0.5799999833106995,181,59,0.988950276243094,0.7288135593220338,0.8647342995169082,0.8775510204081632,0.128,0.030000000000000027,0.018,0.015,0.576,8186,0.98,0.73,0.0,0.0,0.491,0.576,0.05,0.017
350,1,places,89440,89696,256,0.19921875,0.5799999833106995,180,58,0.9777777777777777,0.7586206896551724,0.8585365853658536,0.8627450980392157,0.16500000000000004,0.03200000000000003,0.018,0.015,0.587,8194,0.98,0.7466666666666667,0.0,0.0,0.478,0.587,0.054,0.011
351,1,places,89696,89952,256,0.171875,0.5799999833106995,179,55,0.9888268156424581,0.7272727272727273,0.8349056603773585,0.9090909090909091,0.127,0.03500000000000003,0.022,0.018,0.586,8202,0.9866666666666667,0.7266666666666667,0.0,0.0,0.48,0.586,0.06,0.014
352,1,places,89952,90208,256,0.17578125,0.5799999833106995,179,56,0.9888268156424581,0.6785714285714286,0.8388625592417062,0.8444444444444444,0.133,0.030000000000000027,0.018,0.014,0.599,8209,0.9933333333333333,0.72,0.0,0.0,0.484,0.599,0.049,0.016
353,1,places,90208,90464,256,0.1796875,0.5699999928474426,192,53,0.96875,0.7547169811320755,0.8857142857142857,0.8695652173913043,0.128,0.030000000000000027,0.018,0.014,0.595,8226,0.9766666666666667,0.7266666666666667,0.0,0.0,0.482,0.595,0.055,0.009
354,1,places,90464,90720,256,0.1484375,0.5699999928474426,182,59,1.0,0.6101694915254238,0.8348623853211009,0.9473684210526315,0.14500000000000002,0.031000000000000028,0.019,0.015,0.583,8239,0.99,0.7033333333333334,0.0,0.0,0.471,0.583,0.052,0.009
355,1,places,90720,90976,256,0.13671875,0.5699999928474426,190,49,1.0,0.6530612244897959,0.8597285067873304,0.9142857142857143,0.137,0.030000000000000027,0.018,0.014,0.589,8246,1.0,0.6833333333333333,0.0,0.0,0.462,0.589,0.046,0.01
356,1,places,90976,91232,256,0.14453125,0.5699999928474426,186,48,0.9946236559139785,0.6666666666666666,0.8447488584474886,0.8648648648648649,0.138,0.026000000000000023,0.017,0.014,0.576,8258,0.9966666666666667,0.6733333333333333,0.0,0.0,0.465,0.576,0.043,0.011
357,1,places,91232,91488,256,0.17578125,0.5699999928474426,185,51,0.9783783783783784,0.7254901960784313,0.8578199052132701,0.8222222222222222,0.119,0.028000000000000025,0.016,0.013,0.564,8266,0.9833333333333333,0.6833333333333333,0.0,0.0,0.459,0.564,0.046,0.012
358,1,places,91488,91744,256,0.13671875,0.5699999928474426,184,56,0.9945652173913043,0.5892857142857143,0.8280542986425339,0.9428571428571428,0.132,0.03200000000000003,0.016,0.014,0.584,8274,0.9833333333333333,0.6566666666666666,0.0,0.0,0.472,0.584,0.051,0.007
359,1,places,91744,92000,256,0.15625,0.5799999833106995,189,47,0.9841269841269841,0.723404255319149,0.8611111111111112,0.85,0.14700000000000002,0.031000000000000028,0.017,0.015,0.555,8287,0.9866666666666667,0.6533333333333333,0.0,0.0,0.46,0.555,0.051,0.008
360,1,places,92000,92256,256,0.13671875,0.5799999833106995,188,50,0.9840425531914894,0.58,0.8371040723981901,0.8285714285714286,0.11399999999999999,0.038000000000000034,0.012,0.01,0.541,8293,0.99,0.6533333333333333,0.0,0.0,0.469,0.541,0.046,0.01
361,1,places,92256,92512,256,0.12109375,0.5799999833106995,195,38,0.9897435897435898,0.6578947368421053,0.8577777777777778,0.8064516129032258,0.126,0.03400000000000003,0.014,0.012,0.529,8303,0.99,0.6533333333333333,0.0,0.0,0.47,0.529,0.047,0.009
362,1,places,92512,92768,256,0.14453125,0.5799999833106995,196,49,0.9693877551020408,0.6122448979591837,0.867579908675799,0.8108108108108109,0.126,0.039000000000000035,0.014,0.012,0.504,8310,0.9766666666666667,0.64,0.0,0.0,0.449,0.504,0.044,0.01
363,1,places,92768,93024,256,0.140625,0.5799999833106995,193,46,0.9585492227979274,0.5652173913043478,0.8409090909090909,0.7222222222222222,0.15400000000000003,0.038000000000000034,0.016,0.014,0.516,8318,0.96,0.6266666666666667,0.0,0.0,0.444,0.516,0.05,0.009
364,1,places,93024,93280,256,0.15625,0.5799999833106995,175,55,0.9714285714285714,0.6,0.7870370370370371,0.825,0.133,0.03300000000000003,0.013,0.011,0.516,8334,0.9666666666666667,0.6166666666666667,0.0,0.0,0.45,0.516,0.045,0.01
365,1,places,93280,93536,256,0.14453125,0.5799999833106995,191,46,0.9738219895287958,0.6521739130434783,0.8493150684931506,0.8108108108108109,0.14900000000000002,0.03700000000000003,0.014,0.012,0.53,8349,0.97,0.6133333333333333,0.0,0.0,0.455,0.53,0.051,0.013
366,1,places,93536,93792,256,0.12109375,0.5799999833106995,198,45,0.9949494949494949,0.6444444444444445,0.8755555555555555,0.9354838709677419,0.135,0.031000000000000028,0.015,0.013,0.527,8363,0.9966666666666667,0.6266666666666667,0.0,0.0,0.446,0.527,0.057,0.016
367,1,places,93792,94048,256,0.17578125,0.5799999833106995,191,49,0.9738219895287958,0.7755102040816326,0.8815165876777251,0.8444444444444444,0.12,0.03500000000000003,0.018,0.015,0.545,8369,0.98,0.6433333333333333,0.0,0.0,0.453,0.545,0.064,0.017
368,1,places,94048,94304,256,0.15625,0.5799999833106995,189,47,0.9894179894179894,0.7872340425531915,0.8657407407407407,0.925,0.14300000000000002,0.04500000000000004,0.018,0.015,0.558,8377,0.9866666666666667,0.6633333333333333,0.0,0.0,0.456,0.558,0.067,0.016
369,1,places,94304,94560,256,0.21484375,0.5799999833106995,170,70,1.0,0.7142857142857143,0.845771144278607,0.9090909090909091,0.14200000000000002,0.038000000000000034,0.017,0.014,0.574,8389,0.9966666666666667,0.6966666666666667,0.0,0.0,0.475,0.574,0.062,0.014
370,1,places,94560,94816,256,0.18359375,0.5799999833106995,180,57,0.9777777777777777,0.7017543859649122,0.8421052631578947,0.851063829787234,0.16200000000000003,0.03700000000000003,0.018,0.015,0.572,8401,0.9866666666666667,0.7033333333333334,0.0,0.0,0.46,0.572,0.059,0.018
371,1,places,94816,95072,256,0.14453125,0.5799999833106995,181,54,0.988950276243094,0.6111111111111112,0.817351598173516,0.8918918918918919,0.14100000000000001,0.028000000000000025,0.016,0.013,0.552,8417,0.9866666666666667,0.7133333333333334,0.0,0.0,0.444,0.552,0.043,0.017
372,1,places,95072,95328,256,0.16015625,0.5799999833106995,176,60,1.0,0.6666666666666666,0.8186046511627907,0.975609756097561,0.125,0.030000000000000027,0.016,0.013,0.548,8425,0.9966666666666667,0.7,0.0,0.0,0.449,0.548,0.042,0.019
373,1,places,95328,95584,256,0.16796875,0.5799999833106995,181,55,0.988950276243094,0.7272727272727273,0.8403755868544601,0.9302325581395349,0.14500000000000002,0.030000000000000027,0.016,0.013,0.543,8441,0.9933333333333333,0.69,0.0,0.0,0.442,0.543,0.041,0.018
374,1,places,95584,95840,256,0.140625,0.5799999833106995,182,54,0.9945054945054945,0.6296296296296297,0.8227272727272728,0.9444444444444444,0.15500000000000003,0.039000000000000035,0.011,0.009,0.543,8456,0.9933333333333333,0.6666666666666666,0.0,0.0,0.427,0.543,0.037,0.02
375,1,places,95840,96096,256,0.16796875,0.5799999833106995,188,55,0.9627659574468085,0.6363636363636364,0.8497652582159625,0.813953488372093,0.15500000000000003,0.040000000000000036,0.012,0.01,0.534,8472,0.9733333333333334,0.66,0.0,0.0,0.412,0.534,0.032,0.025
376,1,places,96096,96352,256,0.109375,0.5799999833106995,198,45,1.0,0.6,0.868421052631579,0.9642857142857143,0.132,0.040000000000000036,0.012,0.011,0.537,8483,0.99,0.65,0.0,0.0,0.416,0.537,0.034,0.03
377,1,places,96352,96608,256,0.2109375,0.5799999833106995,176,64,0.9829545454545454,0.765625,0.8564356435643564,0.9074074074074074,0.125,0.030000000000000027,0.012,0.011,0.549,8487,0.99,0.6833333333333333,0.0,0.0,0.424,0.549,0.03,0.021
378,1,places,96608,96864,256,0.1875,0.5799999833106995,191,49,0.9738219895287958,0.8367346938775511,0.8942307692307693,0.8541666666666666,0.16100000000000003,0.03500000000000003,0.013,0.011,0.578,8497,0.9766666666666667,0.7,0.0,0.0,0.442,0.578,0.028,0.017
379,1,places,96864,97120,256,0.17578125,0.5799999833106995,184,57,0.9782608695652174,0.6666666666666666,0.8530805687203792,0.8444444444444444,0.09999999999999998,0.028000000000000025,0.014,0.012,0.576,8502,0.9833333333333333,0.6966666666666667,0.0,0.0,0.442,0.576,0.034,0.018
380,1,places,97120,97376,256,0.1640625,0.5799999833106995,193,46,0.9896373056994818,0.8260869565217391,0.8925233644859814,0.9047619047619048,0.139,0.03200000000000003,0.015,0.012,0.581,8514,0.9866666666666667,0.73,0.0,0.0,0.459,0.581,0.042,0.016
381,1,places,97376,97632,256,0.1953125,0.5799999833106995,183,60,0.9836065573770492,0.75,0.8737864077669902,0.9,0.10199999999999998,0.027000000000000024,0.017,0.014,0.6,8519,0.9866666666666667,0.7433333333333333,0.0,0.0,0.477,0.6,0.047,0.021
382,1,places,97632,97888,256,0.1640625,0.5799999833106995,188,49,0.9893617021276596,0.7551020408163265,0.8691588785046729,0.8809523809523809,0.15300000000000002,0.029000000000000026,0.016,0.013,0.599,8532,0.9833333333333333,0.7633333333333333,0.0,0.0,0.473,0.599,0.049,0.028
383,1,places,97888,98144,256,0.171875,0.5799999833106995,177,57,0.9943502824858758,0.7192982456140351,0.8301886792452831,0.9318181818181818,0.14100000000000001,0.03500000000000003,0.014,0.011,0.583,8543,0.9933333333333333,0.7466666666666667,0.0,0.0,0.471,0.583,0.045,0.026
384,1,places,98144,98400,256,0.16796875,0.5799999833106995,188,48,0.9680851063829787,0.7083333333333334,0.8544600938967136,0.7906976744186046,0.138,0.030000000000000027,0.015,0.012,0.587,8557,0.9766666666666667,0.74,0.0,0.0,0.474,0.587,0.046,0.022
385,1,places,98400,98656,256,0.1484375,0.5799999833106995,184,52,0.9891304347826086,0.6923076923076923,0.8348623853211009,0.9473684210526315,0.128,0.03400000000000003,0.014,0.011,0.576,8568,0.9866666666666667,0.7433333333333333,0.0,0.0,0.484,0.576,0.043,0.024
386,1,places,98656,98912,256,0.19921875,0.5799999833106995,190,53,0.9842105263157894,0.8679245283018868,0.9121951219512195,0.9019607843137255,0.14300000000000002,0.03500000000000003,0.017,0.014,0.562,8570,0.9866666666666667,0.75,0.0,0.0,0.495,0.562,0.051,0.022
387,1,places,98912,99168,256,0.1796875,0.5799999833106995,174,61,0.9827586206896551,0.639344262295082,0.8142857142857143,0.8478260869565217,0.133,0.031000000000000028,0.018,0.015,0.552,8577,0.98,0.7233333333333334,0.0,0.0,0.489,0.552,0.051,0.015
388,1,places,99168,99424,256,0.140625,0.5799999833106995,198,43,0.9848484848484849,0.7441860465116279,0.8863636363636364,0.8888888888888888,0.17500000000000004,0.03600000000000003,0.017,0.014,0.563,8600,0.9833333333333333,0.73,0.0,0.0,0.495,0.563,0.048,0.009
389,1,places,99424,99680,256,0.13671875,0.5799999833106995,187,54,0.9946524064171123,0.5740740740740741,0.8416289592760181,0.8857142857142857,0.119,0.03300000000000003,0.015,0.012,0.556,8614,0.9933333333333333,0.7033333333333334,0.0,0.0,0.492,0.556,0.045,0.012
390,1,places,99680,99936,256,0.16015625,0.5799999833106995,187,55,0.9893048128342246,0.7090909090909091,0.8604651162790697,0.9512195121951219,0.135,0.026000000000000023,0.016,0.013,0.537,8620,0.9933333333333333,0.7066666666666667,0.0,0.0,0.453,0.537,0.044,0.013
391,1,places,99936,100192,256,0.1328125,0.5799999833106995,197,45,0.9949238578680203,0.7333333333333333,0.8828828828828829,0.9705882352941176,0.123,0.04500000000000004,0.017,0.014,0.549,8628,0.9933333333333333,0.7,0.0,0.0,0.462,0.549,0.041,0.015
392,1,places,100192,100448,256,0.18359375,0.5799999833106995,175,61,0.9542857142857143,0.5737704918032787,0.7990430622009569,0.7446808510638298,0.135,0.029000000000000026,0.016,0.013,0.539,8638,0.9733333333333334,0.6466666666666666,0.0,0.0,0.44,0.539,0.036,0.014
393,1,places,100448,100704,256,0.15625,0.5799999833106995,186,51,0.989247311827957,0.7254901960784313,0.8518518518518519,0.925,0.17000000000000004,0.03600000000000003,0.016,0.013,0.538,8646,0.97,0.6666666666666666,0.0,0.0,0.438,0.538,0.03,0.011
394,1,places,100704,100960,256,0.140625,0.5799999833106995,180,56,0.9888888888888889,0.6071428571428571,0.8090909090909091,0.9444444444444444,0.14800000000000002,0.03700000000000003,0.016,0.014,0.548,8652,0.99,0.65,0.0,0.0,0.438,0.548,0.039,0.014
395,1,places,100960,101216,256,0.16796875,0.5799999833106995,179,63,0.994413407821229,0.6349206349206349,0.8356807511737089,0.9302325581395349,0.15600000000000003,0.030000000000000027,0.021,0.018,0.567,8656,0.99,0.6533333333333333,0.0,0.0,0.455,0.567,0.043,0.015
396,1,places,101216,101472,256,0.18359375,0.5799999833106995,181,54,0.9723756906077348,0.7407407407407407,0.8421052631578947,0.851063829787234,0.15500000000000003,0.03500000000000003,0.024,0.021,0.568,8667,0.9833333333333333,0.6566666666666666,0.0,0.0,0.462,0.568,0.049,0.014
397,1,places,101472,101728,256,0.16796875,0.5799999833106995,180,51,0.9666666666666667,0.6274509803921569,0.8169014084507042,0.7441860465116279,0.15500000000000003,0.039000000000000035,0.021,0.018,0.571,8675,0.9666666666666667,0.66,0.0,0.0,0.478,0.571,0.047,0.016
398,1,places,101728,101984,256,0.1640625,0.5799999833106995,181,52,0.9779005524861878,0.6538461538461539,0.8271028037383178,0.8095238095238095,0.129,0.04400000000000004,0.019,0.016,0.581,8683,0.97,0.66,0.0,0.0,0.471,0.581,0.051,0.019
399,1,places,101984,102240,256,0.1875,0.5799999833106995,185,56,0.972972972972973,0.7321428571428571,0.8653846153846154,0.8541666666666666,0.134,0.029000000000000026,0.022,0.019,0.584,8691,0.9733333333333334,0.6633333333333333,0.0,0.0,0.46,0.584,0.052,0.017
400,1,places,102240,102496,256,0.19140625,0.5799999833106995,173,57,0.9884393063583815,0.7894736842105263,0.8260869565217391,0.9183673469387755,0.127,0.030000000000000027,0.02,0.017,0.58,8700,0.98,0.6933333333333334,0.0,0.0,0.461,0.58,0.053,0.01
401,1,places,102496,102752,256,0.16015625,0.5799999833106995,188,53,0.9787234042553191,0.6792452830188679,0.8558139534883721,0.8780487804878049,0.138,0.03300000000000003,0.023,0.02,0.577,8709,0.98,0.6933333333333334,0.0,0.0,0.455,0.577,0.054,0.01
402,1,places,102752,103008,256,0.171875,0.5799999833106995,187,56,0.9946524064171123,0.7321428571428571,0.8773584905660378,0.9318181818181818,0.133,0.04200000000000004,0.02,0.017,0.577,8717,0.9866666666666667,0.7133333333333334,0.0,0.0,0.458,0.577,0.054,0.01
403,1,places,103008,103264,256,0.16796875,0.5799999833106995,182,52,0.989010989010989,0.7307692307692307,0.8450704225352113,0.8837209302325582,0.136,0.031000000000000028,0.02,0.017,0.58,8729,0.9933333333333333,0.72,0.0,0.0,0.463,0.58,0.049,0.011
404,1,places,103264,103520,256,0.16796875,0.5799999833106995,184,58,0.9891304347826086,0.6724137931034483,0.8544600938967136,0.9069767441860465,0.14400000000000002,0.04200000000000004,0.016,0.013,0.556,8741,0.99,0.72,0.0,0.0,0.448,0.556,0.038,0.014
405,1,places,103520,103776,256,0.16015625,0.5799999833106995,191,48,0.9895287958115183,0.7291666666666666,0.8790697674418605,0.8536585365853658,0.18100000000000005,0.050000000000000044,0.015,0.012,0.558,8747,0.9866666666666667,0.7166666666666667,0.0,0.0,0.463,0.558,0.031,0.017
406,1,places,103776,104032,256,0.1796875,0.5799999833106995,185,59,0.9621621621621622,0.6271186440677966,0.8476190476190476,0.8043478260869565,0.129,0.040000000000000036,0.012,0.011,0.558,8754,0.9766666666666667,0.7,0.0,0.0,0.451,0.558,0.03,0.019
407,1,places,104032,104288,256,0.1796875,0.5799999833106995,184,55,0.9728260869565217,0.7090909090909091,0.8523809523809524,0.8478260869565217,0.14800000000000002,0.03700000000000003,0.013,0.01,0.552,8761,0.9733333333333334,0.69,0.0,0.0,0.451,0.552,0.026,0.015
408,1,places,104288,104544,256,0.203125,0.5799999833106995,184,56,0.9836956521739131,0.8035714285714286,0.8872549019607843,0.8653846153846154,0.137,0.03400000000000003,0.013,0.01,0.553,8770,0.9766666666666667,0.7,0.0,0.0,0.451,0.553,0.03,0.019
409,1,places,104544,104800,256,0.20703125,0.5799999833106995,181,60,0.9834254143646409,0.75,0.8768472906403941,0.8490566037735849,0.15000000000000002,0.03600000000000003,0.014,0.011,0.548,8776,0.9866666666666667,0.7266666666666667,0.0,0.0,0.456,0.548,0.033,0.023
410,1,places,104800,105056,256,0.14453125,0.5799999833106995,182,55,0.989010989010989,0.6,0.821917808219178,0.8918918918918919,0.16400000000000003,0.031000000000000028,0.014,0.011,0.548,8783,0.99,0.7,0.0,0.0,0.457,0.548,0.042,0.022
411,1,places,105056,105312,256,0.21484375,0.5799999833106995,177,61,0.9774011299435028,0.7868852459016393,0.8606965174129353,0.8727272727272727,0.16000000000000003,0.02200000000000002,0.013,0.01,0.556,8794,0.9833333333333333,0.73,0.0,0.0,0.449,0.556,0.046,0.02
412,1,places,105312,105568,256,0.16015625,0.5799999833106995,185,47,0.9891891891891892,0.7659574468085106,0.8511627906976744,0.8780487804878049,0.14,0.03300000000000003,0.014,0.011,0.559,8800,0.9866666666666667,0.7433333333333333,0.0,0.0,0.451,0.559,0.048,0.018
413,1,places,105568,105824,256,0.22265625,0.5799999833106995,167,67,0.9820359281437125,0.7761194029850746,0.8241206030150754,0.9122807017543859,0.119,0.03700000000000003,0.016,0.013,0.56,8808,0.9866666666666667,0.7433333333333333,0.0,0.0,0.449,0.56,0.047,0.019
414,1,places,105824,106080,256,0.19140625,0.5799999833106995,186,55,0.9731182795698925,0.7272727272727273,0.8743961352657005,0.8163265306122449,0.19899999999999995,0.03200000000000003,0.02,0.017,0.557,8812,0.9733333333333334,0.7266666666666667,0.0,0.0,0.448,0.557,0.053,0.011
415,1,places,106080,106336,256,0.16015625,0.5799999833106995,195,42,0.9897435897435898,0.7857142857142857,0.8976744186046511,0.8048780487804879,0.135,0.038000000000000034,0.02,0.017,0.585,8819,0.98,0.75,0.0,0.0,0.466,0.585,0.052,0.006
416,1,places,106336,106592,256,0.203125,0.5799999833106995,179,63,0.9720670391061452,0.7142857142857143,0.8529411764705882,0.8653846153846154,0.11499999999999999,0.03600000000000003,0.018,0.015,0.593,8824,0.9766666666666667,0.76,0.0,0.0,0.479,0.593,0.05,0.011
417,1,places,106592,106848,256,0.171875,0.5799999833106995,184,56,0.9891304347826086,0.7321428571428571,0.8584905660377359,0.9318181818181818,0.14,0.028000000000000025,0.019,0.016,0.578,8839,0.9833333333333333,0.74,0.0,0.0,0.465,0.578,0.055,0.008
418,1,places,106848,107104,256,0.15625,0.5799999833106995,188,47,0.9893617021276596,0.7021276595744681,0.8611111111111112,0.825,0.136,0.03200000000000003,0.015,0.012,0.56,8849,0.9866666666666667,0.74,0.0,0.0,0.471,0.56,0.045,0.008
419,1,places,107104,107360,256,0.1875,0.5799999833106995,184,58,0.9836956521739131,0.7413793103448276,0.8701923076923077,0.8958333333333334,0.13,0.025000000000000022,0.016,0.013,0.559,8863,0.9866666666666667,0.7266666666666667,0.0,0.0,0.483,0.559,0.049,0.012
420,1,places,107360,107616,256,0.19140625,0.5799999833106995,189,50,0.9788359788359788,0.8,0.893719806763285,0.8163265306122449,0.14600000000000002,0.041000000000000036,0.015,0.013,0.557,8874,0.9833333333333333,0.74,0.0,0.0,0.489,0.557,0.057,0.017
421,1,places,107616,107872,256,0.19140625,0.5799999833106995,183,55,0.9617486338797814,0.6727272727272727,0.8502415458937198,0.7551020408163265,0.127,0.03400000000000003,0.016,0.013,0.558,8881,0.9666666666666667,0.73,0.0,0.0,0.496,0.558,0.055,0.017
422,1,places,107872,108128,256,0.1640625,0.5799999833106995,188,51,0.9840425531914894,0.6666666666666666,0.8644859813084113,0.8095238095238095,0.15500000000000003,0.03500000000000003,0.014,0.011,0.559,8894,0.9733333333333334,0.72,0.0,0.0,0.496,0.559,0.046,0.014
423,1,places,108128,108384,256,0.1640625,0.5799999833106995,187,51,0.9893048128342246,0.7450980392156863,0.8644859813084113,0.9047619047619048,0.14600000000000002,0.03300000000000003,0.014,0.011,0.554,8906,0.99,0.7233333333333334,0.0,0.0,0.49,0.554,0.043,0.018
424,1,places,108384,108640,256,0.1171875,0.5799999833106995,198,40,0.9848484848484849,0.625,0.8628318584070797,0.8333333333333334,0.135,0.04200000000000004,0.014,0.011,0.543,8931,0.9866666666666667,0.71,0.0,0.0,0.473,0.543,0.052,0.023
425,1,places,108640,108896,256,0.1796875,0.5799999833106995,179,53,0.994413407821229,0.7547169811320755,0.8476190476190476,0.8695652173913043,0.10999999999999999,0.03300000000000003,0.016,0.013,0.551,8934,0.9866666666666667,0.7133333333333334,0.0,0.0,0.472,0.551,0.051,0.018
426,1,places,108896,109152,256,0.171875,0.5799999833106995,177,51,0.9887005649717514,0.7450980392156863,0.8254716981132075,0.8636363636363636,0.14200000000000002,0.03700000000000003,0.014,0.011,0.552,8940,0.9933333333333333,0.7066666666666667,0.0,0.0,0.469,0.552,0.042,0.014
427,1,places,109152,109408,256,0.1640625,0.5799999833106995,191,48,0.9790575916230366,0.7708333333333334,0.8738317757009346,0.8809523809523809,0.14800000000000002,0.039000000000000035,0.014,0.011,0.547,8944,0.98,0.72,0.0,0.0,0.468,0.547,0.042,0.009
428,1,places,109408,109664,256,0.15625,0.5799999833106995,181,48,0.9834254143646409,0.7291666666666666,0.8240740740740741,0.875,0.136,0.039000000000000035,0.016,0.013,0.556,8950,0.98,0.73,0.0,0.0,0.467,0.556,0.042,0.017
429,1,places,109664,109920,256,0.13671875,0.5799999833106995,196,41,0.9642857142857143,0.6341463414634146,0.8552036199095022,0.7428571428571429,0.14500000000000002,0.03700000000000003,0.014,0.011,0.581,8966,0.97,0.7133333333333334,0.0,0.0,0.492,0.581,0.048,0.022
430,1,places,109920,110176,256,0.171875,0.5799999833106995,187,61,0.9786096256684492,0.6229508196721312,0.8632075471698113,0.8636363636363636,0.118,0.03600000000000003,0.013,0.01,0.571,8975,0.97,0.71,0.0,0.0,0.49,0.571,0.046,0.017
431,1,places,110176,110432,256,0.17578125,0.5799999833106995,189,49,0.9841269841269841,0.7959183673469388,0.8815165876777251,0.8666666666666667,0.15400000000000003,0.039000000000000035,0.015,0.012,0.574,8985,0.98,0.7166666666666667,0.0,0.0,0.488,0.574,0.05,0.014
432,1,places,110432,110688,256,0.18359375,0.5799999833106995,184,50,0.9836956521739131,0.82,0.8660287081339713,0.8723404255319149,0.13,0.03200000000000003,0.015,0.012,0.564,8994,0.9866666666666667,0.7266666666666667,0.0,0.0,0.482,0.564,0.051,0.013
433,1,places,110688,110944,256,0.19140625,0.5799999833106995,186,58,0.9838709677419355,0.7586206896551724,0.8840579710144928,0.8979591836734694,0.11199999999999999,0.027000000000000024,0.019,0.015,0.581,8999,0.9833333333333333,0.73,0.0,0.0,0.482,0.581,0.054,0.015
434,1,places,110944,111200,256,0.16796875,0.5799999833106995,186,48,0.989247311827957,0.8125,0.863849765258216,0.9069767441860465,0.14600000000000002,0.028000000000000025,0.019,0.015,0.605,9002,0.9866666666666667,0.7466666666666667,0.0,0.0,0.486,0.605,0.055,0.014
435,1,places,111200,111456,256,0.15625,0.5799999833106995,198,41,0.98989898989899,0.8292682926829268,0.9074074074074074,0.85,0.122,0.03700000000000003,0.019,0.015,0.603,9007,0.99,0.77,0.0,0.0,0.481,0.603,0.048,0.01
436,1,places,111456,111712,256,0.15625,0.5799999833106995,186,56,0.9946236559139785,0.6607142857142857,0.8564814814814815,0.925,0.11699999999999999,0.027000000000000024,0.021,0.017,0.603,9011,0.9933333333333333,0.7766666666666666,0.0,0.0,0.481,0.603,0.047,0.01
437,1,places,111712,111968,256,0.12109375,0.5799999833106995,192,43,0.9947916666666666,0.6744186046511628,0.8488888888888889,0.9354838709677419,0.125,0.030000000000000027,0.019,0.015,0.601,9016,0.9966666666666667,0.7533333333333333,0.0,0.0,0.483,0.601,0.047,0.01
438,1,places,111968,112224,256,0.1328125,0.5799999833106995,191,47,0.9947643979057592,0.6808510638297872,0.8558558558558559,0.9411764705882353,0.14600000000000002,0.025000000000000022,0.02,0.016,0.603,9030,0.9933333333333333,0.7366666666666667,0.0,0.0,0.471,0.603,0.049,0.009
439,1,places,112224,112480,256,0.1484375,0.5799999833106995,191,43,0.9842931937172775,0.7209302325581395,0.8623853211009175,0.8157894736842105,0.128,0.041000000000000036,0.022,0.018,0.597,9033,0.99,0.7233333333333334,0.0,0.0,0.473,0.597,0.058,0.012
440,1,places,112480,112736,256,0.1328125,0.5799999833106995,183,48,0.9836065573770492,0.625,0.8108108108108109,0.8823529411764706,0.10499999999999998,0.03700000000000003,0.02,0.016,0.576,9041,0.9833333333333333,0.7033333333333334,0.0,0.0,0.458,0.576,0.054,0.009
441,1,places,112736,112992,256,0.19140625,0.5799999833106995,188,52,0.9893617021276596,0.8461538461538461,0.8985507246376812,0.8979591836734694,0.11599999999999999,0.030000000000000027,0.018,0.015,0.575,9051,0.9833333333333333,0.7033333333333334,0.0,0.0,0.464,0.575,0.055,0.01
442,1,places,112992,113248,256,0.15234375,0.5799999833106995,195,38,0.9846153846153847,0.7894736842105263,0.8847926267281107,0.7692307692307693,0.15100000000000002,0.03700000000000003,0.017,0.014,0.571,9067,0.99,0.7166666666666667,0.0,0.0,0.472,0.571,0.049,0.005
443,1,places,113248,113504,256,0.171875,0.5799999833106995,195,52,0.9948717948717949,0.7884615384615384,0.9150943396226415,0.9318181818181818,0.09599999999999997,0.03500000000000003,0.018,0.015,0.583,9069,0.99,0.7366666666666667,0.0,0.0,0.479,0.583,0.052,0.006
444,1,places,113504,113760,256,0.16796875,0.5799999833106995,193,47,0.9740932642487047,0.7446808510638298,0.8826291079812206,0.813953488372093,0.135,0.03400000000000003,0.018,0.015,0.591,9074,0.9833333333333333,0.7466666666666667,0.0,0.0,0.493,0.591,0.056,0.01
445,1,places,113760,114016,256,0.1640625,0.5799999833106995,186,57,0.989247311827957,0.6842105263157895,0.8598130841121495,0.9285714285714286,0.135,0.031000000000000028,0.017,0.014,0.589,9078,0.9833333333333333,0.7433333333333333,0.0,0.0,0.483,0.589,0.046,0.009
446,1,places,114016,114272,256,0.16796875,0.5799999833106995,188,52,0.9840425531914894,0.7115384615384616,0.8685446009389671,0.8604651162790697,0.14400000000000002,0.03700000000000003,0.015,0.012,0.607,9082,0.9833333333333333,0.7566666666666667,0.0,0.0,0.486,0.607,0.049,0.013
447,1,places,114272,114528,256,0.18359375,0.5799999833106995,189,51,0.9629629629629629,0.7450980392156863,0.8708133971291866,0.8085106382978723,0.14600000000000002,0.028000000000000025,0.016,0.013,0.621,9091,0.9733333333333334,0.74,0.0,0.0,0.49,0.621,0.054,0.017
448,1,places,114528,114784,256,0.20703125,0.5799999833106995,178,62,1.0,0.8225806451612904,0.8768472906403941,0.9622641509433962,0.121,0.029000000000000026,0.017,0.014,0.614,9100,0.99,0.7466666666666667,0.0,0.0,0.466,0.614,0.048,0.018
449,1,places,114784,115040,256,0.13671875,0.5799999833106995,197,39,0.9847715736040609,0.7692307692307693,0.8778280542986425,0.8571428571428571,0.14400000000000002,0.027000000000000024,0.017,0.014,0.593,9107,0.99,0.7466666666666667,0.0,0.0,0.447,0.593,0.052,0.022
450,1,places,115040,115296,256,0.1796875,0.5799999833106995,176,62,0.9886363636363636,0.6935483870967742,0.8285714285714286,0.9347826086956522,0.10499999999999998,0.028000000000000025,0.017,0.014,0.599,9112,0.9866666666666667,0.73,0.0,0.0,0.447,0.599,0.054,0.021
451,1,places,115296,115552,256,0.1171875,0.5799999833106995,195,41,0.9948717948717949,0.6585365853658537,0.8584070796460177,0.9,0.14700000000000002,0.028000000000000025,0.021,0.018,0.599,9125,0.9933333333333333,0.73,0.0,0.0,0.454,0.599,0.057,0.025
452,1,places,115552,115808,256,0.17578125,0.5799999833106995,185,49,0.9837837837837838,0.8163265306122449,0.8625592417061612,0.8888888888888888,0.10699999999999998,0.03600000000000003,0.025,0.022,0.595,9133,0.9866666666666667,0.7533333333333333,0.0,0.0,0.456,0.595,0.058,0.025
453,1,places,115808,116064,256,0.19140625,0.5799999833106995,189,53,0.9735449735449735,0.7924528301886793,0.8888888888888888,0.8571428571428571,0.14100000000000001,0.03600000000000003,0.022,0.019,0.621,9146,0.98,0.76,0.0,0.0,0.481,0.621,0.053,0.023
454,1,places,116064,116320,256,0.20703125,0.5799999833106995,174,58,0.9770114942528736,0.7931034482758621,0.8374384236453202,0.8679245283018868,0.134,0.03300000000000003,0.018,0.015,0.618,9157,0.98,0.7533333333333333,0.0,0.0,0.476,0.618,0.05,0.024
455,1,places,116320,116576,256,0.1953125,0.5699999928474426,187,54,0.9732620320855615,0.7777777777777778,0.883495145631068,0.84,0.14400000000000002,0.029000000000000026,0.019,0.016,0.606,9163,0.9766666666666667,0.7466666666666667,0.0,0.0,0.486,0.606,0.05,0.031
456,1,places,116576,116832,256,0.1328125,0.5699999928474426,198,43,0.98989898989899,0.6744186046511628,0.8828828828828829,0.8529411764705882,0.13,0.03200000000000003,0.017,0.014,0.604,9168,0.9833333333333333,0.7533333333333333,0.0,0.0,0.505,0.604,0.051,0.029
457,1,places,116832,117088,256,0.2109375,0.5699999928474426,177,65,0.9943502824858758,0.7230769230769231,0.8712871287128713,0.8703703703703703,0.11299999999999999,0.03600000000000003,0.014,0.011,0.608,9173,0.9966666666666667,0.7533333333333333,0.0,0.0,0.509,0.608,0.037,0.027
458,1,places,117088,117344,256,0.15234375,0.5799999833106995,193,45,0.9896373056994818,0.8,0.880184331797235,0.9230769230769231,0.15200000000000002,0.03500000000000003,0.015,0.012,0.606,9179,0.9933333333333333,0.7566666666666667,0.0,0.0,0.515,0.606,0.035,0.025
459,1,places,117344,117600,256,0.16796875,0.5799999833106995,193,45,0.9740932642487047,0.7777777777777778,0.8826291079812206,0.813953488372093,0.118,0.031000000000000028,0.017,0.014,0.604,9182,0.98,0.7566666666666667,0.0,0.0,0.498,0.604,0.042,0.021
460,1,places,117600,117856,256,0.1640625,0.5799999833106995,201,44,0.9850746268656716,0.8409090909090909,0.9252336448598131,0.8809523809523809,0.11199999999999999,0.04400000000000004,0.014,0.011,0.605,9185,0.98,0.76,0.0,0.0,0.501,0.605,0.04,0.021
461,1,places,117856,118112,256,0.17578125,0.5699999928474426,194,52,0.979381443298969,0.75,0.9004739336492891,0.8666666666666667,0.10799999999999998,0.029000000000000026,0.016,0.013,0.618,9190,0.98,0.7633333333333333,0.0,0.0,0.505,0.618,0.047,0.017
462,1,places,118112,118368,256,0.1640625,0.5699999928474426,182,52,0.989010989010989,0.7307692307692307,0.8411214953271028,0.9047619047619048,0.14400000000000002,0.031000000000000028,0.019,0.016,0.62,9191,0.9866666666666667,0.7633333333333333,0.0,0.0,0.516,0.62,0.054,0.015
463,1,places,118368,118624,256,0.16015625,0.5699999928474426,187,48,0.983957219251337,0.7291666666666666,0.8558139534883721,0.8536585365853658,0.10599999999999998,0.029000000000000026,0.017,0.014,0.634,9194,0.9833333333333333,0.7733333333333333,0.0,0.0,0.506,0.634,0.051,0.008
464,1,places,118624,118880,256,0.13671875,0.5699999928474426,196,38,0.9948979591836735,0.7631578947368421,0.8823529411764706,0.8285714285714286,0.127,0.028000000000000025,0.018,0.015,0.621,9201,0.9933333333333333,0.7633333333333333,0.0,0.0,0.489,0.621,0.05,0.01
465,1,places,118880,119136,256,0.19140625,0.5699999928474426,183,56,0.9836065573770492,0.7857142857142857,0.8695652173913043,0.8979591836734694,0.11199999999999999,0.029000000000000026,0.014,0.011,0.616,9204,0.9866666666666667,0.7666666666666667,0.0,0.0,0.497,0.616,0.043,0.012
466,1,places,119136,119392,256,0.16796875,0.5699999928474426,190,53,0.9894736842105263,0.7358490566037735,0.8826291079812206,0.9069767441860465,0.132,0.03400000000000003,0.017,0.014,0.618,9211,0.9866666666666667,0.75,0.0,0.0,0.489,0.618,0.043,0.017
467,1,places,119392,119648,256,0.15625,0.5699999928474426,190,57,1.0,0.6842105263157895,0.8796296296296297,0.975,0.137,0.031000000000000028,0.016,0.013,0.606,9220,0.9966666666666667,0.7366666666666667,0.0,0.0,0.485,0.606,0.041,0.021
468,1,places,119648,119904,256,0.15625,0.5699999928474426,192,45,0.96875,0.6444444444444445,0.8611111111111112,0.725,0.14900000000000002,0.03600000000000003,0.019,0.016,0.599,9229,0.98,0.7266666666666667,0.0,0.0,0.488,0.599,0.04,0.024
469,1,places,119904,120000,96,0.13541666666666666,0.5699999928474426,74,19,1.0,0.6842105263157895,0.891566265060241,1.0,0.139,0.040000000000000036,0.019,0.017,0.588,9231,0.98,0.7266666666666667,0.0,0.0,0.489,0.588,0.041,0.025
470,2,textures_all,120000,120256,256,0.08203125,0.5799999833106995,205,29,0.9560975609756097,0.27586206896551724,0.8340425531914893,0.38095238095238093,0.061000000000000054,0.03600000000000003,0.024,0.022,0.057,9240,0.97,0.68,0.0,0.0,0.479,0.576,0.057,0.024
471,2,textures_all,120256,120512,256,0.08203125,0.5799999833106995,202,36,0.9702970297029703,0.3333333333333333,0.8340425531914893,0.5714285714285714,0.10999999999999999,0.03300000000000003,0.028,0.026,0.078,9253,0.96,0.63,0.0,0.0,0.462,0.547,0.078,0.021
472,2,textures_all,120512,120768,256,0.1015625,0.5799999833106995,204,26,0.9607843137254902,0.46153846153846156,0.8521739130434782,0.46153846153846156,0.134,0.038000000000000034,0.04,0.038,0.117,9277,0.96,0.5966666666666667,0.0,0.0,0.445,0.527,0.117,0.021
473,2,textures_all,120768,121024,256,0.140625,0.5799999833106995,184,42,0.9619565217391305,0.5952380952380952,0.8045454545454546,0.6944444444444444,0.10799999999999998,0.04400000000000004,0.051,0.049,0.173,9308,0.9533333333333334,0.58,0.0,0.0,0.422,0.494,0.173,0.023
474,2,textures_all,121024,121280,256,0.13671875,0.5799999833106995,182,48,0.9945054945054945,0.6666666666666666,0.8190045248868778,0.9142857142857143,0.15800000000000003,0.04600000000000004,0.068,0.066,0.279,9384,0.98,0.56,0.0,0.0,0.362,0.422,0.279,0.017
475,2,textures_all,121280,121536,256,0.1328125,0.5799999833106995,188,50,1.0,0.66,0.8468468468468469,0.9705882352941176,0.19399999999999995,0.04400000000000004,0.086,0.084,0.412,9497,0.9966666666666667,0.56,0.0,0.0,0.271,0.312,0.412,0.012
476,2,textures_all,121536,121792,256,0.1171875,0.5799999833106995,192,43,0.9947916666666666,0.6046511627906976,0.8451327433628318,0.8666666666666667,0.18200000000000005,0.03600000000000003,0.096,0.096,0.507,9603,0.9966666666666667,0.5433333333333333,0.0,0.0,0.178,0.206,0.507,0.014
477,2,textures_all,121792,122048,256,0.11328125,0.5799999833106995,186,51,0.9946236559139785,0.49019607843137253,0.8149779735682819,0.8620689655172413,0.14400000000000002,0.03200000000000003,0.12,0.121,0.581,9677,0.9933333333333333,0.5533333333333333,0.0,0.0,0.107,0.126,0.581,0.014
478,2,textures_all,122048,122304,256,0.12109375,0.5799999833106995,170,57,0.9941176470588236,0.5087719298245614,0.7511111111111111,0.9354838709677419,0.15000000000000002,0.03300000000000003,0.125,0.126,0.625,9761,0.9966666666666667,0.58,0.0,0.0,0.08,0.081,0.625,0.014
479,2,textures_all,122304,122560,256,0.09375,0.5799999833106995,191,42,0.9895287958115183,0.5,0.8146551724137931,0.875,0.123,0.027000000000000024,0.109,0.11,0.621,9822,0.9933333333333333,0.57,0.0,0.0,0.065,0.069,0.621,0.016
480,2,textures_all,122560,122816,256,0.11328125,0.5799999833106995,183,54,0.994535519125683,0.46296296296296297,0.801762114537445,0.8620689655172413,0.09799999999999998,0.025000000000000022,0.095,0.096,0.604,9873,0.9933333333333333,0.5366666666666666,0.0,0.0,0.057,0.059,0.604,0.013
481,2,textures_all,122816,123072,256,0.10546875,0.5799999833106995,194,44,1.0,0.5909090909090909,0.8471615720524017,0.9629629629629629,0.11299999999999999,0.03300000000000003,0.095,0.096,0.596,9934,1.0,0.53,0.0,0.0,0.053,0.052,0.596,0.011
482,2,textures_all,123072,123328,256,0.140625,0.5799999833106995,168,62,0.9940476190476191,0.5483870967741935,0.759090909090909,0.9444444444444444,0.09299999999999997,0.03300000000000003,0.09,0.091,0.583,9983,0.9966666666666667,0.5133333333333333,0.0,0.0,0.05,0.048,0.583,0.008
483,2,textures_all,123328,123584,256,0.1171875,0.5799999833106995,186,52,0.9946236559139785,0.5384615384615384,0.8185840707964602,0.9333333333333333,0.14200000000000002,0.031000000000000028,0.091,0.092,0.554,10047,0.9966666666666667,0.52,0.0,0.0,0.043,0.045,0.554,0.003
484,2,textures_all,123584,123840,256,0.09765625,0.5799999833106995,182,45,1.0,0.5111111111111111,0.7878787878787878,0.92,0.122,0.03300000000000003,0.101,0.102,0.565,10089,0.9966666666666667,0.5266666666666666,0.0,0.0,0.041,0.045,0.565,0.006
485,2,textures_all,123840,124096,256,0.109375,0.5799999833106995,185,51,0.9945945945945946,0.5098039215686274,0.8070175438596491,0.9285714285714286,0.11699999999999999,0.03500000000000003,0.116,0.117,0.592,10123,0.9966666666666667,0.5266666666666666,0.0,0.0,0.04,0.042,0.592,0.005
486,2,textures_all,124096,124352,256,0.05859375,0.5799999833106995,192,41,0.9947916666666666,0.34146341463414637,0.7925311203319502,0.9333333333333333,0.10699999999999998,0.025000000000000022,0.126,0.126,0.594,10150,0.9933333333333333,0.51,0.0,0.0,0.042,0.048,0.594,0.006
487,2,textures_all,124352,124608,256,0.09765625,0.5799999833106995,186,39,1.0,0.6153846153846154,0.8051948051948052,0.96,0.11499999999999999,0.04300000000000004,0.106,0.106,0.569,10195,0.9966666666666667,0.5166666666666667,0.0,0.0,0.043,0.047,0.569,0.014
488,2,textures_all,124608,124864,256,0.09765625,0.5799999833106995,193,41,0.9896373056994818,0.5609756097560976,0.8268398268398268,0.92,0.10299999999999998,0.03700000000000003,0.11,0.11,0.588,10233,0.9933333333333333,0.5166666666666667,0.0,0.0,0.039,0.042,0.588,0.025
489,2,textures_all,124864,125120,256,0.08984375,0.5799999833106995,193,42,1.0,0.5238095238095238,0.8283261802575107,0.9565217391304348,0.10299999999999998,0.04300000000000004,0.097,0.096,0.573,10268,1.0,0.5133333333333333,0.0,0.0,0.041,0.044,0.573,0.032
490,2,textures_all,125120,125376,256,0.1171875,0.5799999833106995,172,58,1.0,0.5172413793103449,0.7610619469026548,1.0,0.10899999999999999,0.030000000000000027,0.083,0.082,0.555,10299,1.0,0.5,0.0,0.0,0.043,0.041,0.555,0.023
491,2,textures_all,125376,125632,256,0.10546875,0.5799999833106995,193,48,0.9948186528497409,0.5,0.8384279475982532,0.8888888888888888,0.13,0.028000000000000025,0.084,0.084,0.548,10339,0.9966666666666667,0.51,0.0,0.0,0.044,0.04,0.548,0.022
492,2,textures_all,125632,125888,256,0.109375,0.5799999833106995,178,44,0.9943820224719101,0.5909090909090909,0.7763157894736842,0.9285714285714286,0.11399999999999999,0.031000000000000028,0.089,0.089,0.55,10370,0.9933333333333333,0.53,0.0,0.0,0.041,0.039,0.55,0.03
493,2,textures_all,125888,126144,256,0.1015625,0.5799999833106995,184,45,0.9891304347826086,0.5111111111111111,0.7913043478260869,0.8846153846153846,0.11499999999999999,0.029000000000000026,0.098,0.098,0.579,10402,0.9933333333333333,0.5333333333333333,0.0,0.0,0.04,0.035,0.579,0.022
494,2,textures_all,126144,126400,256,0.0703125,0.5799999833106995,200,39,0.995,0.4358974358974359,0.8361344537815126,0.9444444444444444,0.10199999999999998,0.029000000000000026,0.108,0.108,0.59,10428,0.9966666666666667,0.5266666666666666,0.0,0.0,0.045,0.039,0.59,0.008
495,2,textures_all,126400,126656,256,0.08203125,0.5799999833106995,181,46,1.0,0.43478260869565216,0.7702127659574468,0.9523809523809523,0.09499999999999997,0.026000000000000023,0.1,0.099,0.599,10455,1.0,0.49333333333333335,0.0,0.0,0.037,0.037,0.599,0.007
496,2,textures_all,126656,126912,256,0.08984375,0.5799999833106995,179,54,1.0,0.42592592592592593,0.7682403433476395,1.0,0.10999999999999999,0.026000000000000023,0.112,0.111,0.6,10490,1.0,0.48333333333333334,0.0,0.0,0.037,0.038,0.6,0.007
497,2,textures_all,126912,127168,256,0.078125,0.5799999833106995,168,55,1.0,0.34545454545454546,0.711864406779661,0.95,0.127,0.027000000000000024,0.118,0.117,0.593,10527,1.0,0.45666666666666667,0.0,0.0,0.039,0.041,0.593,0.012
498,2,textures_all,127168,127424,256,0.109375,0.5799999833106995,179,54,1.0,0.5,0.7850877192982456,0.9642857142857143,0.122,0.025000000000000022,0.122,0.121,0.592,10564,1.0,0.44,0.0,0.0,0.047,0.046,0.592,0.013
499,2,textures_all,127424,127680,256,0.08984375,0.5799999833106995,190,42,0.9947368421052631,0.5,0.8111587982832618,0.9130434782608695,0.10399999999999998,0.027000000000000024,0.109,0.108,0.566,10594,0.9966666666666667,0.44,0.0,0.0,0.05,0.048,0.566,0.006
500,2,textures_all,127680,127936,256,0.109375,0.5799999833106995,179,48,0.9832402234636871,0.5208333333333334,0.7719298245614035,0.8928571428571429,0.09999999999999998,0.03400000000000003,0.105,0.105,0.566,10624,0.9866666666666667,0.4533333333333333,0.0,0.0,0.048,0.048,0.566,0.007
501,2,textures_all,127936,128192,256,0.1171875,0.5799999833106995,193,43,0.9948186528497409,0.6511627906976745,0.8495575221238938,0.9333333333333333,0.12,0.03300000000000003,0.103,0.104,0.559,10658,0.9866666666666667,0.4766666666666667,0.0,0.0,0.048,0.049,0.559,0.008
502,2,textures_all,128192,128448,256,0.078125,0.5799999833106995,192,35,1.0,0.45714285714285713,0.8135593220338984,0.8,0.10699999999999998,0.03300000000000003,0.115,0.116,0.581,10686,0.9966666666666667,0.4866666666666667,0.0,0.0,0.049,0.046,0.581,0.01
503,2,textures_all,128448,128704,256,0.0703125,0.5799999833106995,195,35,1.0,0.45714285714285713,0.819327731092437,0.8888888888888888,0.07799999999999996,0.038000000000000034,0.125,0.127,0.598,10703,1.0,0.49666666666666665,0.0,0.0,0.049,0.049,0.598,0.012
504,2,textures_all,128704,128960,256,0.109375,0.5799999833106995,193,45,0.9896373056994818,0.5555555555555556,0.8377192982456141,0.8928571428571429,0.08099999999999996,0.02100000000000002,0.115,0.117,0.613,10722,0.9933333333333333,0.5266666666666666,0.0,0.0,0.052,0.05,0.613,0.016
505,2,textures_all,128960,129216,256,0.07421875,0.5799999833106995,190,40,1.0,0.45,0.8016877637130801,0.9473684210526315,0.10399999999999998,0.038000000000000034,0.119,0.121,0.625,10746,0.9933333333333333,0.51,0.0,0.0,0.049,0.047,0.625,0.021
506,2,textures_all,129216,129472,256,0.125,0.5799999833106995,179,52,0.9888268156424581,0.5576923076923077,0.7901785714285714,0.90625,0.09399999999999997,0.02300000000000002,0.118,0.12,0.615,10767,0.9933333333333333,0.5233333333333333,0.0,0.0,0.05,0.047,0.615,0.022
507,2,textures_all,129472,129728,256,0.10546875,0.5799999833106995,183,55,0.9836065573770492,0.43636363636363634,0.7860262008733624,0.8888888888888888,0.10999999999999999,0.02400000000000002,0.107,0.108,0.605,10798,0.9833333333333333,0.5066666666666667,0.0,0.0,0.045,0.043,0.605,0.022
508,2,textures_all,129728,129984,256,0.125,0.5799999833106995,184,44,0.9891304347826086,0.6590909090909091,0.8125,0.90625,0.125,0.02400000000000002,0.112,0.113,0.604,10830,0.9866666666666667,0.52,0.0,0.0,0.043,0.042,0.604,0.023
509,2,textures_all,129984,130240,256,0.125,0.5799999833106995,175,52,0.9885714285714285,0.5192307692307693,0.7723214285714286,0.84375,0.10499999999999998,0.028000000000000025,0.112,0.113,0.597,10852,0.99,0.5266666666666666,0.0,0.0,0.04,0.038,0.597,0.018
510,2,textures_all,130240,130496,256,0.08203125,0.5799999833106995,192,45,0.9947916666666666,0.4444444444444444,0.8127659574468085,0.9523809523809523,0.11199999999999999,0.02400000000000002,0.111,0.113,0.593,10877,0.9933333333333333,0.5133333333333333,0.0,0.0,0.033,0.031,0.593,0.012
511,2,textures_all,130496,130752,256,0.10546875,0.5799999833106995,181,47,0.994475138121547,0.5531914893617021,0.7860262008733624,0.9629629629629629,0.10499999999999998,0.027000000000000024,0.102,0.103,0.588,10899,0.9966666666666667,0.5233333333333333,0.0,0.0,0.03,0.03,0.588,0.014
512,2,textures_all,130752,131008,256,0.10546875,0.5799999833106995,185,47,1.0,0.5531914893617021,0.8078602620087336,0.9629629629629629,0.11499999999999999,0.03300000000000003,0.107,0.109,0.598,10928,0.9966666666666667,0.5266666666666666,0.0,0.0,0.032,0.032,0.598,0.015
513,2,textures_all,131008,131264,256,0.0703125,0.5799999833106995,191,41,1.0,0.4146341463414634,0.8025210084033614,0.9444444444444444,0.10599999999999998,0.02300000000000002,0.11,0.111,0.601,10953,1.0,0.5166666666666667,0.0,0.0,0.037,0.036,0.601,0.015
514,2,textures_all,131264,131520,256,0.078125,0.5799999833106995,178,45,1.0,0.4222222222222222,0.7542372881355932,0.95,0.10099999999999998,0.03400000000000003,0.108,0.109,0.587,10973,1.0,0.49333333333333335,0.0,0.0,0.037,0.038,0.587,0.009
515,2,textures_all,131520,131776,256,0.08203125,0.5899999737739563,181,43,0.988950276243094,0.4186046511627907,0.7617021276595745,0.8571428571428571,0.10799999999999998,0.03600000000000003,0.104,0.103,0.567,10997,0.9933333333333333,0.47333333333333333,0.0,0.0,0.037,0.039,0.567,0.011
516,2,textures_all,131776,132032,256,0.0859375,0.5899999737739563,180,50,1.0,0.42,0.7692307692307693,0.9545454545454546,0.118,0.03600000000000003,0.102,0.102,0.538,11032,0.9933333333333333,0.45666666666666667,0.0,0.0,0.033,0.038,0.538,0.009
517,2,textures_all,132032,132288,256,0.09765625,0.5899999737739563,178,56,1.0,0.42857142857142855,0.7705627705627706,0.96,0.129,0.025000000000000022,0.106,0.106,0.541,11076,1.0,0.4533333333333333,0.0,0.0,0.038,0.042,0.541,0.008
518,2,textures_all,132288,132544,256,0.078125,0.5899999737739563,183,48,0.994535519125683,0.3541666666666667,0.7711864406779662,0.85,0.14600000000000002,0.039000000000000035,0.086,0.086,0.511,11113,0.9966666666666667,0.41333333333333333,0.0,0.0,0.031,0.032,0.511,0.004
519,2,textures_all,132544,132800,256,0.10546875,0.5899999737739563,186,44,1.0,0.5909090909090909,0.8122270742358079,0.9629629629629629,0.136,0.03200000000000003,0.089,0.088,0.501,11146,0.9966666666666667,0.43333333333333335,0.0,0.0,0.023,0.025,0.501,0.004
520,2,textures_all,132800,133056,256,0.09375,0.5899999737739563,181,47,1.0,0.5106382978723404,0.7801724137931034,1.0,0.11099999999999999,0.029000000000000026,0.095,0.095,0.528,11166,1.0,0.44666666666666666,0.0,0.0,0.025,0.026,0.528,0.004
521,2,textures_all,133056,133312,256,0.09765625,0.5899999737739563,187,47,1.0,0.5319148936170213,0.8095238095238095,1.0,0.11199999999999999,0.02400000000000002,0.096,0.096,0.537,11187,1.0,0.4666666666666667,0.0,0.0,0.028,0.028,0.537,0.006
522,2,textures_all,133312,133568,256,0.0703125,0.5899999737739563,186,47,1.0,0.3829787234042553,0.7815126050420168,1.0,0.11099999999999999,0.02200000000000002,0.098,0.098,0.54,11215,1.0,0.4666666666666667,0.0,0.0,0.03,0.031,0.54,0.005
523,2,textures_all,133568,133824,256,0.109375,0.5899999737739563,169,54,0.9881656804733728,0.4444444444444444,0.7324561403508771,0.8571428571428571,0.10699999999999998,0.03500000000000003,0.096,0.096,0.559,11232,0.9933333333333333,0.47,0.0,0.0,0.033,0.033,0.559,0.006
524,2,textures_all,133824,134080,256,0.1015625,0.5899999737739563,182,49,0.9945054945054945,0.42857142857142855,0.7869565217391304,0.8076923076923077,0.123,0.03500000000000003,0.09,0.09,0.574,11256,0.99,0.4633333333333333,0.0,0.0,0.036,0.038,0.574,0.02
525,2,textures_all,134080,134336,256,0.125,0.5899999737739563,178,47,0.9943820224719101,0.6382978723404256,0.7901785714285714,0.9375,0.09699999999999998,0.025000000000000022,0.09,0.09,0.573,11281,0.9933333333333333,0.49333333333333335,0.0,0.0,0.033,0.037,0.573,0.026
526,2,textures_all,134336,134592,256,0.1484375,0.5899999737739563,167,62,0.9880239520958084,0.5645161290322581,0.7568807339449541,0.9210526315789473,0.10999999999999999,0.02300000000000002,0.092,0.092,0.589,11300,0.99,0.5,0.0,0.0,0.034,0.036,0.589,0.029
527,2,textures_all,134592,134848,256,0.11328125,0.5899999737739563,177,51,1.0,0.5294117647058824,0.7797356828193832,0.9310344827586207,0.134,0.040000000000000036,0.102,0.101,0.593,11322,0.9966666666666667,0.5066666666666667,0.0,0.0,0.043,0.041,0.593,0.03
528,2,textures_all,134848,135104,256,0.09765625,0.5899999737739563,175,52,1.0,0.46153846153846156,0.7575757575757576,0.96,0.11599999999999999,0.027000000000000024,0.126,0.125,0.611,11335,1.0,0.52,0.0,0.0,0.047,0.043,0.611,0.039
529,2,textures_all,135104,135360,256,0.08203125,0.5899999737739563,191,37,0.9947643979057592,0.5405405405405406,0.8085106382978723,0.9523809523809523,0.11099999999999999,0.03500000000000003,0.117,0.116,0.612,11355,0.9966666666666667,0.5266666666666666,0.0,0.0,0.041,0.039,0.612,0.042
530,2,textures_all,135360,135616,256,0.09765625,0.5899999737739563,178,55,1.0,0.45454545454545453,0.7705627705627706,1.0,0.10299999999999998,0.03300000000000003,0.115,0.114,0.597,11376,0.9966666666666667,0.5333333333333333,0.0,0.0,0.042,0.039,0.597,0.032
531,2,textures_all,135616,135872,256,0.09375,0.5899999737739563,190,42,0.9947368421052631,0.5476190476190477,0.8146551724137931,0.9583333333333334,0.13,0.029000000000000026,0.124,0.123,0.619,11395,0.9966666666666667,0.5133333333333333,0.0,0.0,0.043,0.043,0.619,0.022
532,2,textures_all,135872,136128,256,0.09375,0.5899999737739563,182,45,1.0,0.5111111111111111,0.7844827586206896,0.9583333333333334,0.09099999999999997,0.030000000000000027,0.141,0.14,0.622,11401,0.9966666666666667,0.51,0.0,0.0,0.038,0.043,0.622,0.021
533,2,textures_all,136128,136384,256,0.08984375,0.5899999737739563,186,43,1.0,0.5116279069767442,0.7982832618025751,0.9565217391304348,0.09699999999999998,0.028000000000000025,0.139,0.138,0.622,11418,1.0,0.5033333333333333,0.0,0.0,0.035,0.045,0.622,0.017
534,2,textures_all,136384,136640,256,0.09765625,0.5899999737739563,173,49,0.9884393063583815,0.46938775510204084,0.7402597402597403,0.92,0.09799999999999998,0.02300000000000002,0.129,0.129,0.614,11432,0.9933333333333333,0.49666666666666665,0.0,0.0,0.036,0.043,0.614,0.013
535,2,textures_all,136640,136896,256,0.12109375,0.5899999737739563,184,47,0.9891304347826086,0.5106382978723404,0.8088888888888889,0.7741935483870968,0.10799999999999998,0.02200000000000002,0.112,0.112,0.592,11455,0.99,0.49,0.0,0.0,0.03,0.038,0.592,0.005
536,2,textures_all,136896,137152,256,0.1015625,0.5899999737739563,170,55,1.0,0.45454545454545453,0.7391304347826086,0.9615384615384616,0.11399999999999999,0.03400000000000003,0.12,0.12,0.583,11475,0.9966666666666667,0.49333333333333335,0.0,0.0,0.031,0.038,0.583,0.004
537,2,textures_all,137152,137408,256,0.12890625,0.5899999737739563,172,58,0.9941860465116279,0.5344827586206896,0.7668161434977578,0.9393939393939394,0.134,0.02400000000000002,0.132,0.132,0.59,11509,0.9966666666666667,0.5033333333333333,0.0,0.0,0.038,0.039,0.59,0.002
538,2,textures_all,137408,137664,256,0.09765625,0.5899999737739563,197,38,0.9898477157360406,0.5789473684210527,0.8441558441558441,0.88,0.11399999999999999,0.03500000000000003,0.129,0.129,0.598,11531,0.99,0.5133333333333333,0.0,0.0,0.043,0.045,0.598,0.001
539,2,textures_all,137664,137920,256,0.11328125,0.5899999737739563,168,59,1.0,0.4915254237288136,0.7400881057268722,1.0,0.10999999999999999,0.031000000000000028,0.108,0.107,0.578,11554,0.9966666666666667,0.5,0.0,0.0,0.046,0.045,0.578,0.002
540,2,textures_all,137920,138176,256,0.12109375,0.5899999737739563,180,54,0.9888888888888889,0.5,0.7911111111111111,0.8709677419354839,0.124,0.03200000000000003,0.101,0.1,0.585,11569,0.9933333333333333,0.51,0.0,0.0,0.047,0.045,0.585,0.023
541,2,textures_all,138176,138432,256,0.0859375,0.5999999642372131,186,48,1.0,0.4375,0.7948717948717948,0.9545454545454546,0.11699999999999999,0.02300000000000002,0.1,0.1,0.585,11588,0.9966666666666667,0.5,0.0,0.0,0.044,0.042,0.585,0.032
542,2,textures_all,138432,138688,256,0.1015625,0.5999999642372131,175,58,1.0,0.4482758620689655,0.7608695652173914,1.0,0.10099999999999998,0.02400000000000002,0.088,0.088,0.572,11608,1.0,0.4866666666666667,0.0,0.0,0.048,0.05,0.572,0.034
543,2,textures_all,138688,138944,256,0.078125,0.5999999642372131,182,44,0.989010989010989,0.3409090909090909,0.7627118644067796,0.75,0.132,0.031000000000000028,0.091,0.091,0.572,11630,0.9933333333333333,0.4666666666666667,0.0,0.0,0.05,0.051,0.572,0.035
544,2,textures_all,138944,139200,256,0.10546875,0.5999999642372131,177,47,0.9887005649717514,0.5319148936170213,0.7641921397379913,0.9259259259259259,0.08799999999999997,0.031000000000000028,0.094,0.093,0.571,11643,0.99,0.46,0.0,0.0,0.042,0.043,0.571,0.036
545,2,textures_all,139200,139456,256,0.1328125,0.5999999642372131,176,54,1.0,0.5925925925925926,0.7927927927927928,0.9411764705882353,0.138,0.028000000000000025,0.109,0.11,0.578,11661,0.9933333333333333,0.4866666666666667,0.0,0.0,0.034,0.038,0.578,0.021
546,2,textures_all,139456,139712,256,0.1015625,0.5999999642372131,190,48,1.0,0.5,0.8260869565217391,0.9230769230769231,0.11699999999999999,0.025000000000000022,0.118,0.118,0.583,11683,1.0,0.4766666666666667,0.0,0.0,0.036,0.043,0.583,0.006
547,2,textures_all,139712,139968,256,0.1015625,0.5999999642372131,174,55,1.0,0.43636363636363634,0.7565217391304347,0.9230769230769231,0.11099999999999999,0.02300000000000002,0.126,0.127,0.579,11702,1.0,0.4766666666666667,0.0,0.0,0.044,0.049,0.579,0.004
548,2,textures_all,139968,140224,256,0.11328125,0.5999999642372131,165,54,1.0,0.5185185185185185,0.7268722466960352,0.9655172413793104,0.122,0.03400000000000003,0.136,0.137,0.597,11721,1.0,0.49,0.0,0.0,0.046,0.049,0.597,0.011
549,2,textures_all,140224,140480,256,0.125,0.5899999737739563,167,64,0.9940119760479041,0.453125,0.7410714285714286,0.90625,0.136,0.030000000000000027,0.123,0.123,0.607,11746,0.9966666666666667,0.5,0.0,0.0,0.045,0.047,0.607,0.004
550,2,textures_all,140480,140736,256,0.09765625,0.5899999737739563,183,51,0.994535519125683,0.45098039215686275,0.7878787878787878,0.92,0.14400000000000002,0.02400000000000002,0.117,0.116,0.605,11772,0.9933333333333333,0.48,0.0,0.0,0.047,0.049,0.605,0.008
551,2,textures_all,140736,140992,256,0.09765625,0.5899999737739563,173,58,1.0,0.41379310344827586,0.7489177489177489,0.96,0.11299999999999999,0.027000000000000024,0.102,0.101,0.598,11789,0.9966666666666667,0.4633333333333333,0.0,0.0,0.051,0.052,0.598,0.011
552,2,textures_all,140992,141248,256,0.11328125,0.5899999737739563,176,52,0.9943181818181818,0.5,0.7709251101321586,0.896551724137931,0.133,0.03600000000000003,0.098,0.097,0.59,11812,0.9966666666666667,0.4666666666666667,0.0,0.0,0.054,0.055,0.59,0.009
553,2,textures_all,141248,141504,256,0.1171875,0.5899999737739563,174,51,0.9942528735632183,0.5490196078431373,0.7654867256637168,0.9333333333333333,0.11499999999999999,0.040000000000000036,0.084,0.084,0.584,11820,0.9933333333333333,0.47,0.0,0.0,0.043,0.046,0.584,0.003
554,2,textures_all,141504,141760,256,0.1015625,0.5899999737739563,185,50,1.0,0.52,0.8043478260869565,1.0,0.11399999999999999,0.03400000000000003,0.089,0.089,0.601,11836,1.0,0.49,0.0,0.0,0.038,0.041,0.601,0.002
555,2,textures_all,141760,142016,256,0.09765625,0.5899999737739563,185,49,0.9945945945945946,0.4897959183673469,0.7965367965367965,0.96,0.135,0.031000000000000028,0.107,0.109,0.625,11856,0.9966666666666667,0.48333333333333334,0.0,0.0,0.04,0.042,0.625,0.004
556,2,textures_all,142016,142272,256,0.08984375,0.5899999737739563,169,53,0.9940828402366864,0.41509433962264153,0.721030042918455,0.9565217391304348,0.11099999999999999,0.031000000000000028,0.109,0.111,0.622,11864,0.9933333333333333,0.48,0.0,0.0,0.048,0.052,0.622,0.002
557,2,textures_all,142272,142528,256,0.08984375,0.5899999737739563,189,44,0.9947089947089947,0.5,0.8068669527896996,0.9565217391304348,0.10799999999999998,0.03600000000000003,0.11,0.112,0.636,11875,0.9933333333333333,0.49666666666666665,0.0,0.0,0.046,0.049,0.636,0.01
558,2,textures_all,142528,142784,256,0.0859375,0.5899999737739563,176,47,1.0,0.425531914893617,0.7521367521367521,0.9090909090909091,0.08599999999999997,0.02400000000000002,0.108,0.109,0.636,11880,0.9966666666666667,0.4766666666666667,0.0,0.0,0.039,0.042,0.636,0.018
559,2,textures_all,142784,143040,256,0.09765625,0.5899999737739563,182,50,0.9945054945054945,0.48,0.7835497835497836,0.96,0.09799999999999998,0.031000000000000028,0.103,0.104,0.632,11890,0.9966666666666667,0.47,0.0,0.0,0.038,0.041,0.632,0.019
560,2,textures_all,143040,143296,256,0.08203125,0.5899999737739563,185,43,0.9891891891891892,0.37209302325581395,0.7787234042553192,0.7619047619047619,0.11299999999999999,0.029000000000000026,0.098,0.099,0.61,11906,0.9933333333333333,0.44666666666666666,0.0,0.0,0.036,0.039,0.61,0.022
561,2,textures_all,143296,143552,256,0.0859375,0.5899999737739563,193,44,1.0,0.4772727272727273,0.8247863247863247,0.9545454545454546,0.123,0.031000000000000028,0.087,0.088,0.555,11932,0.9966666666666667,0.4533333333333333,0.0,0.0,0.037,0.039,0.555,0.028
562,2,textures_all,143552,143808,256,0.0859375,0.5899999737739563,177,52,1.0,0.4230769230769231,0.7564102564102564,1.0,0.09899999999999998,0.029000000000000026,0.093,0.094,0.57,11941,1.0,0.43,0.0,0.0,0.037,0.038,0.57,0.024
563,2,textures_all,143808,144064,256,0.09765625,0.5899999737739563,172,53,0.9941860465116279,0.4339622641509434,0.7402597402597403,0.92,0.10899999999999999,0.030000000000000027,0.085,0.085,0.554,11963,0.9966666666666667,0.44333333333333336,0.0,0.0,0.031,0.034,0.554,0.029
564,2,textures_all,144064,144320,256,0.08984375,0.5899999737739563,179,47,0.994413407821229,0.44680851063829785,0.7639484978540773,0.9130434782608695,0.14200000000000002,0.03500000000000003,0.095,0.095,0.552,11982,0.9966666666666667,0.44,0.0,0.0,0.026,0.028,0.552,0.013
565,2,textures_all,144320,144576,256,0.1171875,0.5899999737739563,179,52,0.9888268156424581,0.5384615384615384,0.7831858407079646,0.9333333333333333,0.11199999999999999,0.03300000000000003,0.095,0.095,0.557,12000,0.99,0.4533333333333333,0.0,0.0,0.022,0.024,0.557,0.025
566,2,textures_all,144576,144832,256,0.07421875,0.5899999737739563,189,45,1.0,0.4,0.7974683544303798,0.9473684210526315,0.134,0.03500000000000003,0.102,0.102,0.567,12023,0.9933333333333333,0.45,0.0,0.0,0.025,0.026,0.567,0.026
567,2,textures_all,144832,145088,256,0.12109375,0.5899999737739563,171,59,0.9883040935672515,0.4745762711864407,0.7511111111111111,0.9032258064516129,0.11499999999999999,0.029000000000000026,0.089,0.089,0.549,12035,0.9933333333333333,0.4533333333333333,0.0,0.0,0.028,0.031,0.549,0.015
568,2,textures_all,145088,145344,256,0.15234375,0.5899999737739563,167,60,1.0,0.6166666666666667,0.7695852534562212,0.9487179487179487,0.11499999999999999,0.030000000000000027,0.085,0.085,0.546,12051,0.9933333333333333,0.49,0.0,0.0,0.028,0.033,0.546,0.014
569,2,textures_all,145344,145600,256,0.109375,0.5899999737739563,179,48,1.0,0.5416666666666666,0.7850877192982456,0.9285714285714286,0.125,0.025000000000000022,0.082,0.082,0.562,12075,1.0,0.5133333333333333,0.0,0.0,0.028,0.034,0.562,0.014
570,2,textures_all,145600,145856,256,0.1328125,0.5899999737739563,175,60,0.9942857142857143,0.5333333333333333,0.7837837837837838,0.9411764705882353,0.08899999999999997,0.02400000000000002,0.086,0.087,0.574,12086,0.9966666666666667,0.5166666666666667,0.0,0.0,0.028,0.035,0.574,0.011
571,2,textures_all,145856,146112,256,0.109375,0.5899999737739563,177,54,0.9830508474576272,0.46296296296296297,0.7631578947368421,0.8928571428571429,0.128,0.02400000000000002,0.084,0.085,0.582,12098,0.9866666666666667,0.5233333333333333,0.0,0.0,0.029,0.038,0.582,0.005
572,2,textures_all,146112,146368,256,0.0859375,0.5899999737739563,188,41,0.9946808510638298,0.5121951219512195,0.7991452991452992,0.9545454545454546,0.11199999999999999,0.027000000000000024,0.092,0.093,0.582,12119,0.99,0.5233333333333333,0.0,0.0,0.035,0.042,0.582,0.006
573,2,textures_all,146368,146624,256,0.05859375,0.5899999737739563,185,47,0.9945945945945946,0.2765957446808511,0.7634854771784232,0.8666666666666667,0.09299999999999997,0.02100000000000002,0.105,0.106,0.602,12126,0.9933333333333333,0.48333333333333334,0.0,0.0,0.03,0.036,0.602,0.005
574,2,textures_all,146624,146880,256,0.140625,0.5899999737739563,173,58,0.9884393063583815,0.5862068965517241,0.7772727272727272,0.9444444444444444,0.10799999999999998,0.041000000000000036,0.098,0.099,0.597,12147,0.99,0.48333333333333334,0.0,0.0,0.034,0.042,0.597,0.006
575,2,textures_all,146880,147136,256,0.13671875,0.5899999737739563,164,59,0.9939024390243902,0.5423728813559322,0.7375565610859729,0.9142857142857143,0.13,0.031000000000000028,0.1,0.1,0.62,12158,0.99,0.48333333333333334,0.0,0.0,0.038,0.047,0.62,0.008
576,2,textures_all,147136,147392,256,0.109375,0.5899999737739563,177,46,0.9943502824858758,0.5652173913043478,0.7719298245614035,0.9285714285714286,0.14300000000000002,0.03500000000000003,0.106,0.105,0.621,12182,0.9933333333333333,0.49333333333333335,0.0,0.0,0.037,0.042,0.621,0.006
577,2,textures_all,147392,147648,256,0.0859375,0.5899999737739563,181,47,0.994475138121547,0.40425531914893614,0.7692307692307693,0.8636363636363636,0.10199999999999998,0.03300000000000003,0.103,0.103,0.614,12201,0.9933333333333333,0.49,0.0,0.0,0.038,0.044,0.614,0.002
578,2,textures_all,147648,147904,256,0.08984375,0.5899999737739563,176,51,1.0,0.43137254901960786,0.7553648068669528,0.9565217391304348,0.10499999999999998,0.025000000000000022,0.109,0.109,0.613,12218,0.9966666666666667,0.48333333333333334,0.0,0.0,0.036,0.046,0.613,0.002
579,2,textures_all,147904,148160,256,0.09765625,0.5899999737739563,183,49,0.994535519125683,0.42857142857142855,0.7878787878787878,0.84,0.11399999999999999,0.03400000000000003,0.112,0.112,0.618,12228,0.9966666666666667,0.49333333333333335,0.0,0.0,0.037,0.043,0.618,0.008
580,2,textures_all,148160,148416,256,0.09375,0.5899999737739563,190,43,1.0,0.5581395348837209,0.8189655172413793,1.0,0.126,0.031000000000000028,0.122,0.122,0.635,12237,1.0,0.49333333333333335,0.0,0.0,0.039,0.04,0.635,0.008
581,2,textures_all,148416,148672,256,0.09375,0.5899999737739563,175,46,0.9885714285714285,0.4782608695652174,0.7456896551724138,0.9166666666666666,0.10899999999999999,0.039000000000000035,0.126,0.127,0.628,12251,0.9933333333333333,0.48333333333333334,0.0,0.0,0.034,0.033,0.628,0.008
582,2,textures_all,148672,148928,256,0.1015625,0.5899999737739563,185,44,1.0,0.5681818181818182,0.8043478260869565,0.9615384615384616,0.11299999999999999,0.030000000000000027,0.122,0.123,0.611,12258,0.9966666666666667,0.47333333333333333,0.0,0.0,0.038,0.036,0.611,0.014
583,2,textures_all,148928,149184,256,0.0703125,0.5899999737739563,180,49,0.9944444444444445,0.32653061224489793,0.7521008403361344,0.8888888888888888,0.11399999999999999,0.025000000000000022,0.133,0.133,0.622,12264,0.9966666666666667,0.47,0.0,0.0,0.04,0.039,0.622,0.014
584,2,textures_all,149184,149440,256,0.1328125,0.5899999737739563,174,62,0.9942528735632183,0.532258064516129,0.7792792792792793,0.9705882352941176,0.11299999999999999,0.02100000000000002,0.125,0.124,0.61,12284,0.9933333333333333,0.4766666666666667,0.0,0.0,0.044,0.043,0.61,0.015
585,2,textures_all,149440,149696,256,0.11328125,0.5899999737739563,167,53,0.9880239520958084,0.49056603773584906,0.7268722466960352,0.896551724137931,0.11099999999999999,0.031000000000000028,0.123,0.123,0.592,12298,0.99,0.4866666666666667,0.0,0.0,0.047,0.047,0.592,0.018
586,2,textures_all,149696,149952,256,0.140625,0.5899999737739563,174,63,0.9827586206896551,0.5238095238095238,0.7772727272727272,0.9166666666666666,0.14300000000000002,0.02400000000000002,0.107,0.106,0.595,12309,0.9866666666666667,0.49,0.0,0.0,0.048,0.047,0.595,0.018
587,2,textures_all,149952,150208,256,0.09375,0.5899999737739563,183,46,0.994535519125683,0.4782608695652174,0.7844827586206896,0.9166666666666666,0.15400000000000003,0.026000000000000023,0.101,0.101,0.587,12328,0.99,0.4866666666666667,0.0,0.0,0.043,0.047,0.587,0.009
588,2,textures_all,150208,150464,256,0.125,0.5899999737739563,176,60,0.9943181818181818,0.5,0.78125,0.9375,0.11699999999999999,0.03300000000000003,0.092,0.093,0.588,12335,0.9966666666666667,0.5066666666666667,0.0,0.0,0.045,0.047,0.588,0.004
589,2,textures_all,150464,150720,256,0.1015625,0.5899999737739563,189,42,0.9947089947089947,0.5952380952380952,0.8173913043478261,0.9615384615384616,0.126,0.029000000000000026,0.091,0.092,0.601,12345,0.9933333333333333,0.52,0.0,0.0,0.05,0.054,0.601,0.005
590,2,textures_all,150720,150976,256,0.109375,0.5899999737739563,177,54,0.9943502824858758,0.5,0.7719298245614035,0.9642857142857143,0.08699999999999997,0.02200000000000002,0.088,0.088,0.589,12349,0.9933333333333333,0.5133333333333333,0.0,0.0,0.054,0.057,0.589,0.005
591,2,textures_all,150976,151232,256,0.09375,0.5899999737739563,179,46,0.9776536312849162,0.43478260869565216,0.7543103448275862,0.8333333333333334,0.125,0.03200000000000003,0.098,0.098,0.598,12359,0.9833333333333333,0.5033333333333333,0.0,0.0,0.048,0.051,0.598,0.009
592,2,textures_all,151232,151488,256,0.13671875,0.5899999737739563,195,43,0.9846153846153847,0.6744186046511628,0.8687782805429864,0.8285714285714286,0.11299999999999999,0.031000000000000028,0.105,0.106,0.61,12368,0.9866666666666667,0.5266666666666666,0.0,0.0,0.047,0.053,0.61,0.011
593,2,textures_all,151488,151744,256,0.08203125,0.5899999737739563,183,49,1.0,0.42857142857142855,0.7787234042553192,1.0,0.09499999999999997,0.025000000000000022,0.112,0.113,0.625,12375,0.99,0.5166666666666667,0.0,0.0,0.049,0.054,0.625,0.013
594,2,textures_all,151744,152000,256,0.10546875,0.5899999737739563,183,50,1.0,0.54,0.7991266375545851,1.0,0.10899999999999999,0.027000000000000024,0.116,0.116,0.61,12382,1.0,0.5233333333333333,0.0,0.0,0.054,0.055,0.61,0.013
595,2,textures_all,152000,152256,256,0.078125,0.5899999737739563,170,53,1.0,0.37735849056603776,0.7203389830508474,1.0,0.123,0.026000000000000023,0.123,0.122,0.597,12397,1.0,0.4866666666666667,0.0,0.0,0.051,0.051,0.597,0.013
596,2,textures_all,152256,152512,256,0.1015625,0.5899999737739563,180,46,0.9888888888888889,0.5,0.7739130434782608,0.8846153846153846,0.129,0.029000000000000026,0.112,0.112,0.591,12411,0.9933333333333333,0.49333333333333335,0.0,0.0,0.052,0.054,0.591,0.023
597,2,textures_all,152512,152768,256,0.1171875,0.5899999737739563,166,50,0.9939759036144579,0.58,0.7300884955752213,0.9666666666666667,0.10299999999999998,0.02400000000000002,0.112,0.112,0.603,12426,0.9933333333333333,0.5066666666666667,0.0,0.0,0.057,0.056,0.603,0.02
598,2,textures_all,152768,153024,256,0.078125,0.5899999737739563,181,51,0.994475138121547,0.37254901960784315,0.7627118644067796,0.95,0.124,0.03600000000000003,0.105,0.104,0.588,12438,0.9933333333333333,0.4633333333333333,0.0,0.0,0.058,0.059,0.588,0.011
599,2,textures_all,153024,153280,256,0.1015625,0.5899999737739563,191,42,0.9947643979057592,0.5714285714285714,0.8260869565217391,0.9230769230769231,0.11199999999999999,0.028000000000000025,0.086,0.085,0.558,12447,0.9933333333333333,0.49,0.0,0.0,0.058,0.058,0.558,0.011
600,2,textures_all,153280,153536,256,0.078125,0.5899999737739563,191,36,0.9947643979057592,0.5277777777777778,0.8050847457627118,0.95,0.11299999999999999,0.03700000000000003,0.087,0.086,0.563,12455,0.9933333333333333,0.49666666666666665,0.0,0.0,0.059,0.06,0.563,0.01
601,2,textures_all,153536,153792,256,0.140625,0.5899999737739563,178,53,0.9943820224719101,0.6226415094339622,0.8045454545454546,0.9166666666666666,0.07899999999999996,0.026000000000000023,0.089,0.088,0.567,12459,0.9933333333333333,0.5266666666666666,0.0,0.0,0.052,0.051,0.567,0.017
602,2,textures_all,153792,154048,256,0.12109375,0.5899999737739563,184,45,1.0,0.5777777777777777,0.8177777777777778,0.8387096774193549,0.11499999999999999,0.030000000000000027,0.098,0.097,0.583,12464,0.9966666666666667,0.5466666666666666,0.0,0.0,0.06,0.062,0.583,0.015
603,2,textures_all,154048,154304,256,0.078125,0.5899999737739563,189,43,1.0,0.46511627906976744,0.8008474576271186,1.0,0.09499999999999997,0.026000000000000023,0.099,0.098,0.592,12468,1.0,0.53,0.0,0.0,0.062,0.063,0.592,0.017
604,2,textures_all,154304,154560,256,0.1015625,0.5899999737739563,187,50,0.9893048128342246,0.48,0.8043478260869565,0.9230769230769231,0.09599999999999997,0.025000000000000022,0.104,0.103,0.594,12478,0.9933333333333333,0.5233333333333333,0.0,0.0,0.052,0.057,0.594,0.016
605,2,textures_all,154560,154816,256,0.11328125,0.5899999737739563,187,50,0.9946524064171123,0.54,0.8193832599118943,0.9310344827586207,0.09699999999999998,0.026000000000000023,0.107,0.107,0.618,12483,0.9933333333333333,0.54,0.0,0.0,0.05,0.053,0.618,0.02
606,2,textures_all,154816,155072,256,0.08203125,0.5899999737739563,190,41,0.9894736842105263,0.4634146341463415,0.8,0.9047619047619048,0.125,0.04800000000000004,0.11,0.11,0.635,12495,0.99,0.5266666666666666,0.0,0.0,0.055,0.059,0.635,0.027
607,2,textures_all,155072,155328,256,0.11328125,0.5899999737739563,191,46,0.9947643979057592,0.5869565217391305,0.8370044052863436,0.9310344827586207,0.10099999999999998,0.03600000000000003,0.113,0.113,0.631,12504,0.99,0.53,0.0,0.0,0.052,0.055,0.631,0.024
608,2,textures_all,155328,155584,256,0.09375,0.5899999737739563,177,57,0.9943502824858758,0.40350877192982454,0.7586206896551724,0.9583333333333334,0.09099999999999997,0.02200000000000002,0.117,0.116,0.644,12511,0.9966666666666667,0.49,0.0,0.0,0.049,0.053,0.644,0.025
609,2,textures_all,155584,155840,256,0.08984375,0.5899999737739563,190,40,0.9947368421052631,0.525,0.8111587982832618,0.9130434782608695,0.14300000000000002,0.029000000000000026,0.111,0.11,0.602,12527,0.9933333333333333,0.5,0.0,0.0,0.029,0.033,0.602,0.02
610,2,textures_all,155840,156096,256,0.125,0.5899999737739563,166,56,0.9879518072289156,0.5357142857142857,0.7321428571428571,0.9375,0.09699999999999998,0.031000000000000028,0.119,0.118,0.616,12535,0.99,0.5066666666666667,0.0,0.0,0.025,0.032,0.616,0.023
611,2,textures_all,156096,156352,256,0.09375,0.5899999737739563,183,47,1.0,0.48936170212765956,0.7887931034482759,0.9583333333333334,0.11499999999999999,0.03300000000000003,0.107,0.106,0.615,12548,0.9933333333333333,0.5033333333333333,0.0,0.0,0.032,0.039,0.615,0.028
612,2,textures_all,156352,156608,256,0.1015625,0.5899999737739563,184,44,1.0,0.5454545454545454,0.8,0.9230769230769231,0.10799999999999998,0.03700000000000003,0.112,0.111,0.608,12554,1.0,0.5033333333333333,0.0,0.0,0.036,0.038,0.608,0.024
613,2,textures_all,156608,156864,256,0.10546875,0.5899999737739563,181,52,0.994475138121547,0.4807692307692308,0.7860262008733624,0.9259259259259259,0.11699999999999999,0.038000000000000034,0.126,0.125,0.628,12562,0.9966666666666667,0.49333333333333335,0.0,0.0,0.041,0.043,0.628,0.023
614,2,textures_all,156864,157120,256,0.1171875,0.5899999737739563,179,57,0.994413407821229,0.49122807017543857,0.7876106194690266,0.9333333333333333,0.125,0.025000000000000022,0.138,0.137,0.632,12576,0.9933333333333333,0.5066666666666667,0.0,0.0,0.048,0.052,0.632,0.022
615,2,textures_all,157120,157376,256,0.06640625,0.5899999737739563,194,35,0.9948453608247423,0.45714285714285713,0.8075313807531381,0.9411764705882353,0.12,0.03300000000000003,0.146,0.145,0.64,12587,0.9933333333333333,0.5,0.0,0.0,0.042,0.047,0.64,0.022
616,2,textures_all,157376,157632,256,0.078125,0.5899999737739563,184,45,0.9945652173913043,0.4222222222222222,0.7754237288135594,0.95,0.07999999999999996,0.03400000000000003,0.135,0.134,0.636,12591,0.9966666666666667,0.49,0.0,0.0,0.043,0.05,0.636,0.022
617,2,textures_all,157632,157888,256,0.125,0.5899999737739563,174,59,1.0,0.5254237288135594,0.7767857142857143,0.96875,0.11199999999999999,0.028000000000000025,0.152,0.151,0.621,12598,0.9966666666666667,0.49666666666666665,0.0,0.0,0.042,0.047,0.621,0.01
618,2,textures_all,157888,158144,256,0.10546875,0.5899999737739563,170,51,1.0,0.5294117647058824,0.74235807860262,1.0,0.11299999999999999,0.02200000000000002,0.157,0.156,0.634,12607,1.0,0.4866666666666667,0.0,0.0,0.047,0.051,0.634,0.012
619,2,textures_all,158144,158400,256,0.078125,0.5899999737739563,183,43,1.0,0.46511627906976744,0.7754237288135594,1.0,0.09499999999999997,0.02400000000000002,0.159,0.158,0.62,12618,1.0,0.49,0.0,0.0,0.043,0.048,0.62,0.015
620,2,textures_all,158400,158656,256,0.1015625,0.5899999737739563,170,59,1.0,0.4406779661016949,0.7391304347826086,1.0,0.09499999999999997,0.02100000000000002,0.149,0.148,0.626,12630,1.0,0.4766666666666667,0.0,0.0,0.044,0.047,0.626,0.017
621,2,textures_all,158656,158912,256,0.1015625,0.5899999737739563,180,42,1.0,0.5714285714285714,0.782608695652174,0.9230769230769231,0.124,0.038000000000000034,0.141,0.141,0.629,12650,1.0,0.49333333333333335,0.0,0.0,0.042,0.044,0.629,0.019
622,2,textures_all,158912,159168,256,0.09375,0.5899999737739563,179,53,1.0,0.4528301886792453,0.771551724137931,1.0,0.10199999999999998,0.03300000000000003,0.131,0.131,0.618,12661,1.0,0.49333333333333335,0.0,0.0,0.044,0.046,0.618,0.025
623,2,textures_all,159168,159424,256,0.109375,0.5899999737739563,165,55,0.9878787878787879,0.45454545454545453,0.7149122807017544,0.8928571428571429,0.118,0.031000000000000028,0.13,0.13,0.632,12673,0.9933333333333333,0.4866666666666667,0.0,0.0,0.046,0.049,0.632,0.025
624,2,textures_all,159424,159680,256,0.0703125,0.5899999737739563,182,44,0.9945054945054945,0.3409090909090909,0.7605042016806722,0.8333333333333334,0.135,0.028000000000000025,0.119,0.119,0.612,12683,0.9933333333333333,0.46,0.0,0.0,0.043,0.044,0.612,0.025
625,2,textures_all,159680,159936,256,0.09765625,0.5899999737739563,174,52,0.9827586206896551,0.40384615384615385,0.7402597402597403,0.84,0.08599999999999997,0.028000000000000025,0.108,0.108,0.594,12696,0.9866666666666667,0.44333333333333336,0.0,0.0,0.038,0.039,0.594,0.023
626,2,textures_all,159936,160192,256,0.08203125,0.5899999737739563,174,47,1.0,0.425531914893617,0.7404255319148936,0.9523809523809523,0.09599999999999997,0.019000000000000017,0.106,0.106,0.594,12705,0.9933333333333333,0.43666666666666665,0.0,0.0,0.037,0.037,0.594,0.018
627,2,textures_all,160192,160448,256,0.07421875,0.5899999737739563,180,45,1.0,0.4,0.759493670886076,0.9473684210526315,0.09099999999999997,0.025000000000000022,0.107,0.108,0.594,12711,1.0,0.42,0.0,0.0,0.032,0.034,0.594,0.013
628,2,textures_all,160448,160704,256,0.10546875,0.5899999737739563,183,50,1.0,0.52,0.7991266375545851,0.9629629629629629,0.10199999999999998,0.02400000000000002,0.112,0.113,0.595,12721,1.0,0.43,0.0,0.0,0.027,0.032,0.595,0.013
629,2,textures_all,160704,160960,256,0.109375,0.5899999737739563,181,52,1.0,0.5384615384615384,0.793859649122807,1.0,0.10899999999999999,0.028000000000000025,0.114,0.115,0.599,12730,1.0,0.44333333333333336,0.0,0.0,0.025,0.032,0.599,0.023
630,2,textures_all,160960,161216,256,0.12109375,0.5899999737739563,157,57,1.0,0.5087719298245614,0.6977777777777778,0.9354838709677419,0.138,0.02300000000000002,0.124,0.124,0.616,12738,1.0,0.47,0.0,0.0,0.027,0.033,0.616,0.026
631,2,textures_all,161216,161472,256,0.0703125,0.5899999737739563,192,41,1.0,0.3902439024390244,0.8067226890756303,0.8888888888888888,0.12,0.025000000000000022,0.121,0.121,0.625,12753,1.0,0.4666666666666667,0.0,0.0,0.033,0.042,0.625,0.02
632,2,textures_all,161472,161728,256,0.08203125,0.5899999737739563,184,46,0.9945652173913043,0.43478260869565216,0.7787234042553192,0.9523809523809523,0.08799999999999997,0.030000000000000027,0.122,0.122,0.623,12762,0.9966666666666667,0.47,0.0,0.0,0.037,0.044,0.623,0.022
633,2,textures_all,161728,161984,256,0.1328125,0.5899999737739563,176,54,1.0,0.6111111111111112,0.7927927927927928,0.9705882352941176,0.10999999999999999,0.030000000000000027,0.132,0.132,0.616,12776,0.9966666666666667,0.5066666666666667,0.0,0.0,0.042,0.053,0.616,0.019
634,2,textures_all,161984,162240,256,0.1015625,0.5899999737739563,182,56,0.9945054945054945,0.4107142857142857,0.7869565217391304,0.8846153846153846,0.122,0.02100000000000002,0.14,0.141,0.627,12788,0.9966666666666667,0.49,0.0,0.0,0.039,0.049,0.627,0.015
635,2,textures_all,162240,162496,256,0.10546875,0.5899999737739563,169,56,0.9940828402366864,0.44642857142857145,0.7336244541484717,0.9259259259259259,0.122,0.026000000000000023,0.138,0.139,0.612,12810,0.9933333333333333,0.47,0.0,0.0,0.043,0.05,0.612,0.007
636,2,textures_all,162496,162752,256,0.109375,0.5899999737739563,180,54,1.0,0.5185185185185185,0.7894736842105263,1.0,0.119,0.02300000000000002,0.14,0.14,0.611,12825,0.9966666666666667,0.47333333333333333,0.0,0.0,0.037,0.043,0.611,0.003
637,2,textures_all,162752,163008,256,0.11328125,0.5899999737739563,187,47,1.0,0.5957446808510638,0.8237885462555066,0.9655172413793104,0.127,0.03300000000000003,0.138,0.138,0.615,12837,1.0,0.5033333333333333,0.0,0.0,0.033,0.039,0.615,0.004
638,2,textures_all,163008,163264,256,0.12109375,0.5899999737739563,177,57,0.9943502824858758,0.5087719298245614,0.7822222222222223,0.9354838709677419,0.11099999999999999,0.03400000000000003,0.139,0.139,0.624,12843,0.9966666666666667,0.5066666666666667,0.0,0.0,0.037,0.041,0.624,0.012
639,2,textures_all,163264,163520,256,0.09375,0.5899999737739563,188,48,1.0,0.5,0.8103448275862069,1.0,0.138,0.03300000000000003,0.13,0.131,0.631,12859,1.0,0.5,0.0,0.0,0.03,0.033,0.631,0.014
640,2,textures_all,163520,163776,256,0.109375,0.5899999737739563,176,52,0.9943181818181818,0.5192307692307693,0.7675438596491229,0.9642857142857143,0.10499999999999998,0.02100000000000002,0.122,0.123,0.613,12875,0.9966666666666667,0.51,0.0,0.0,0.029,0.031,0.613,0.024
641,2,textures_all,163776,164032,256,0.10546875,0.5899999737739563,172,58,1.0,0.4482758620689655,0.7510917030567685,0.9629629629629629,0.11499999999999999,0.040000000000000036,0.101,0.102,0.617,12883,1.0,0.51,0.0,0.0,0.022,0.028,0.617,0.027
642,2,textures_all,164032,164288,256,0.1328125,0.5899999737739563,179,58,0.994413407821229,0.5517241379310345,0.8018018018018018,0.9411764705882353,0.138,0.028000000000000025,0.106,0.107,0.622,12908,0.9966666666666667,0.5133333333333333,0.0,0.0,0.023,0.025,0.622,0.026
643,2,textures_all,164288,164544,256,0.046875,0.5899999737739563,185,36,0.9945945945945946,0.2777777777777778,0.7540983606557377,0.8333333333333334,0.11599999999999999,0.030000000000000027,0.101,0.102,0.613,12915,0.9933333333333333,0.48,0.0,0.0,0.027,0.027,0.613,0.023
644,2,textures_all,164544,164800,256,0.09375,0.5899999737739563,185,50,1.0,0.46,0.7974137931034483,0.9583333333333334,0.09699999999999998,0.031000000000000028,0.094,0.095,0.593,12924,0.9966666666666667,0.4666666666666667,0.0,0.0,0.026,0.027,0.593,0.01
645,2,textures_all,164800,165056,256,0.08203125,0.5899999737739563,193,36,0.9948186528497409,0.5277777777777778,0.8170212765957446,0.9047619047619048,0.11499999999999999,0.026000000000000023,0.104,0.105,0.608,12932,0.9966666666666667,0.4766666666666667,0.0,0.0,0.028,0.03,0.608,0.015
646,2,textures_all,165056,165312,256,0.09765625,0.5899999737739563,181,46,1.0,0.5217391304347826,0.7835497835497836,0.96,0.07799999999999996,0.02100000000000002,0.106,0.107,0.606,12936,0.9966666666666667,0.47333333333333333,0.0,0.0,0.029,0.031,0.606,0.01
647,2,textures_all,165312,165568,256,0.11328125,0.5899999737739563,183,46,1.0,0.5869565217391305,0.8061674008810573,0.9310344827586207,0.11199999999999999,0.028000000000000025,0.109,0.11,0.6,12949,1.0,0.49333333333333335,0.0,0.0,0.03,0.031,0.6,0.01
648,2,textures_all,165568,165824,256,0.1171875,0.5899999737739563,178,57,1.0,0.5263157894736842,0.7876106194690266,1.0,0.11699999999999999,0.03300000000000003,0.108,0.109,0.592,12959,1.0,0.49,0.0,0.0,0.027,0.032,0.592,0.008
649,2,textures_all,165824,166080,256,0.11328125,0.5899999737739563,174,56,0.9942528735632183,0.48214285714285715,0.762114537444934,0.9310344827586207,0.125,0.02300000000000002,0.114,0.114,0.58,12970,0.9966666666666667,0.5033333333333333,0.0,0.0,0.031,0.035,0.58,0.012
650,2,textures_all,166080,166336,256,0.1171875,0.5899999737739563,177,50,1.0,0.6,0.7831858407079646,1.0,0.10499999999999998,0.025000000000000022,0.121,0.121,0.587,12976,0.9966666666666667,0.5366666666666666,0.0,0.0,0.034,0.036,0.587,0.011
651,2,textures_all,166336,166592,256,0.109375,0.5899999737739563,176,47,0.9943181818181818,0.5106382978723404,0.7675438596491229,0.8571428571428571,0.11399999999999999,0.03200000000000003,0.126,0.126,0.6,12984,0.9966666666666667,0.5366666666666666,0.0,0.0,0.033,0.034,0.6,0.009
652,2,textures_all,166592,166848,256,0.08203125,0.5899999737739563,192,44,0.9895833333333334,0.4090909090909091,0.8085106382978723,0.8571428571428571,0.09699999999999998,0.02200000000000002,0.125,0.125,0.595,12988,0.99,0.52,0.0,0.0,0.031,0.033,0.595,0.012
653,2,textures_all,166848,167104,256,0.1015625,0.5899999737739563,180,48,0.9888888888888889,0.4583333333333333,0.7739130434782608,0.8461538461538461,0.09499999999999997,0.025000000000000022,0.122,0.122,0.578,13008,0.9933333333333333,0.5,0.0,0.0,0.031,0.035,0.578,0.01
654,2,textures_all,167104,167360,256,0.09765625,0.5899999737739563,174,49,0.9942528735632183,0.46938775510204084,0.7489177489177489,0.92,0.10799999999999998,0.02300000000000002,0.127,0.127,0.581,13022,0.9933333333333333,0.49333333333333335,0.0,0.0,0.033,0.038,0.581,0.007
655,2,textures_all,167360,167616,256,0.09765625,0.5899999737739563,186,49,1.0,0.4897959183673469,0.8051948051948052,0.96,0.118,0.03400000000000003,0.121,0.122,0.603,13030,0.9966666666666667,0.49666666666666665,0.0,0.0,0.035,0.041,0.603,0.009
656,2,textures_all,167616,167872,256,0.08203125,0.5899999737739563,179,46,0.9888268156424581,0.41304347826086957,0.7531914893617021,0.9047619047619048,0.10899999999999999,0.030000000000000027,0.124,0.126,0.596,13048,0.9933333333333333,0.47333333333333333,0.0,0.0,0.035,0.042,0.596,0.008
657,2,textures_all,167872,168128,256,0.11328125,0.5899999737739563,184,48,0.9945652173913043,0.5625,0.8061674008810573,0.9310344827586207,0.09699999999999998,0.029000000000000026,0.111,0.112,0.573,13056,0.9933333333333333,0.47,0.0,0.0,0.039,0.043,0.573,0.007
658,2,textures_all,168128,168384,256,0.08203125,0.5899999737739563,191,44,1.0,0.4772727272727273,0.8127659574468085,1.0,0.10599999999999998,0.03400000000000003,0.103,0.104,0.565,13062,0.9966666666666667,0.47,0.0,0.0,0.039,0.044,0.565,0.006
659,2,textures_all,168384,168640,256,0.0859375,0.5899999737739563,185,53,1.0,0.41509433962264153,0.7905982905982906,1.0,0.11399999999999999,0.03500000000000003,0.101,0.102,0.579,13073,1.0,0.47333333333333333,0.0,0.0,0.034,0.039,0.579,0.009
660,2,textures_all,168640,168896,256,0.109375,0.5899999737739563,192,48,1.0,0.5416666666666666,0.8421052631578947,0.9285714285714286,0.14200000000000002,0.03200000000000003,0.088,0.089,0.554,13086,1.0,0.48,0.0,0.0,0.045,0.047,0.554,0.016
661,2,textures_all,168896,169152,256,0.12890625,0.5899999737739563,173,57,1.0,0.5789473684210527,0.7757847533632287,1.0,0.10199999999999998,0.030000000000000027,0.085,0.085,0.55,13099,1.0,0.5,0.0,0.0,0.044,0.045,0.55,0.018
662,2,textures_all,169152,169408,256,0.08984375,0.5899999737739563,189,45,0.9947089947089947,0.4666666666666667,0.8068669527896996,0.9130434782608695,0.129,0.019000000000000017,0.091,0.091,0.577,13106,0.9966666666666667,0.5066666666666667,0.0,0.0,0.045,0.045,0.577,0.015
663,2,textures_all,169408,169664,256,0.10546875,0.5899999737739563,176,53,1.0,0.49056603773584906,0.7685589519650655,0.9629629629629629,0.10799999999999998,0.03200000000000003,0.08,0.08,0.58,13115,1.0,0.49666666666666665,0.0,0.0,0.041,0.044,0.58,0.02
664,2,textures_all,169664,169920,256,0.109375,0.5899999737739563,184,48,1.0,0.5833333333333334,0.8070175438596491,1.0,0.132,0.03300000000000003,0.088,0.088,0.584,13121,1.0,0.5133333333333333,0.0,0.0,0.035,0.039,0.584,0.024
665,2,textures_all,169920,170176,256,0.09765625,0.5899999737739563,177,53,1.0,0.4716981132075472,0.7662337662337663,1.0,0.11699999999999999,0.039000000000000035,0.096,0.097,0.576,13129,1.0,0.5233333333333333,0.0,0.0,0.039,0.042,0.576,0.032
666,2,textures_all,170176,170432,256,0.10546875,0.5899999737739563,185,52,0.9891891891891892,0.4230769230769231,0.7991266375545851,0.8148148148148148,0.124,0.027000000000000024,0.106,0.107,0.588,13137,0.9933333333333333,0.5,0.0,0.0,0.034,0.036,0.588,0.028
667,2,textures_all,170432,170688,256,0.08984375,0.5899999737739563,190,49,0.9947368421052631,0.4489795918367347,0.8111587982832618,0.9565217391304348,0.123,0.03300000000000003,0.103,0.104,0.571,13145,0.9933333333333333,0.48,0.0,0.0,0.027,0.031,0.571,0.027
668,2,textures_all,170688,170944,256,0.1171875,0.5899999737739563,182,49,1.0,0.5510204081632653,0.8053097345132744,0.9,0.11099999999999999,0.030000000000000027,0.111,0.112,0.573,13152,1.0,0.49333333333333335,0.0,0.0,0.03,0.034,0.573,0.032
669,2,textures_all,170944,171200,256,0.1328125,0.5899999737739563,177,60,0.9943502824858758,0.55,0.7927927927927928,0.9705882352941176,0.10399999999999998,0.03300000000000003,0.11,0.111,0.581,13159,0.9966666666666667,0.5033333333333333,0.0,0.0,0.036,0.04,0.581,0.036
670,2,textures_all,171200,171456,256,0.10546875,0.5899999737739563,184,45,0.9891304347826086,0.4666666666666667,0.7947598253275109,0.7777777777777778,0.127,0.03400000000000003,0.092,0.093,0.582,13164,0.9933333333333333,0.49333333333333335,0.0,0.0,0.042,0.043,0.582,0.027
671,2,textures_all,171456,171712,256,0.08984375,0.5899999737739563,181,45,0.994475138121547,0.4888888888888889,0.7725321888412017,0.9565217391304348,0.08799999999999997,0.02200000000000002,0.094,0.095,0.602,13165,0.9966666666666667,0.49,0.0,0.0,0.045,0.045,0.602,0.036
672,2,textures_all,171712,171968,256,0.08984375,0.5899999737739563,178,48,1.0,0.4375,0.7639484978540773,0.9130434782608695,0.09799999999999998,0.026000000000000023,0.093,0.094,0.598,13168,0.9966666666666667,0.49333333333333335,0.0,0.0,0.045,0.047,0.598,0.02
673,2,textures_all,171968,172224,256,0.1015625,0.5899999737739563,185,45,0.9945945945945946,0.5111111111111111,0.8,0.8846153846153846,0.10999999999999999,0.031000000000000028,0.103,0.103,0.618,13174,0.9966666666666667,0.5,0.0,0.0,0.046,0.048,0.618,0.033
674,2,textures_all,172224,172480,256,0.12890625,0.5899999737739563,181,47,0.994475138121547,0.6808510638297872,0.8071748878923767,0.9696969696969697,0.119,0.029000000000000026,0.11,0.111,0.638,13184,0.9966666666666667,0.5266666666666666,0.0,0.0,0.045,0.046,0.638,0.036
675,2,textures_all,172480,172736,256,0.08203125,0.5899999737739563,193,43,0.9948186528497409,0.46511627906976744,0.8170212765957446,0.9523809523809523,0.09499999999999997,0.03200000000000003,0.11,0.111,0.644,13189,0.9933333333333333,0.5133333333333333,0.0,0.0,0.049,0.05,0.644,0.034
676,2,textures_all,172736,172992,256,0.109375,0.5899999737739563,184,50,0.9945652173913043,0.54,0.8026315789473685,0.9642857142857143,0.10699999999999998,0.02200000000000002,0.117,0.117,0.636,13202,0.9966666666666667,0.5266666666666666,0.0,0.0,0.039,0.04,0.636,0.034
677,2,textures_all,172992,173248,256,0.078125,0.5899999737739563,197,35,0.9898477157360406,0.4857142857142857,0.826271186440678,0.85,0.129,0.028000000000000025,0.129,0.129,0.623,13216,0.99,0.5233333333333333,0.0,0.0,0.039,0.041,0.623,0.018
678,2,textures_all,173248,173504,256,0.09765625,0.5899999737739563,183,48,1.0,0.5208333333333334,0.7922077922077922,1.0,0.09899999999999998,0.03700000000000003,0.13,0.13,0.611,13223,0.9933333333333333,0.53,0.0,0.0,0.045,0.046,0.611,0.019
679,2,textures_all,173504,173760,256,0.125,0.5899999737739563,170,62,1.0,0.5161290322580645,0.7589285714285714,1.0,0.11599999999999999,0.029000000000000026,0.131,0.131,0.614,13227,1.0,0.5333333333333333,0.0,0.0,0.04,0.043,0.614,0.02
680,2,textures_all,173760,174016,256,0.05859375,0.5899999737739563,182,42,1.0,0.3333333333333333,0.7551867219917012,0.9333333333333333,0.122,0.026000000000000023,0.132,0.132,0.613,13234,1.0,0.49333333333333335,0.0,0.0,0.034,0.041,0.613,0.016
681,2,textures_all,174016,174272,256,0.09375,0.5899999737739563,182,50,1.0,0.46,0.7844827586206896,0.9583333333333334,0.10399999999999998,0.030000000000000027,0.108,0.108,0.613,13244,1.0,0.48,0.0,0.0,0.035,0.044,0.613,0.014
682,2,textures_all,174272,174528,256,0.078125,0.5899999737739563,184,53,1.0,0.3584905660377358,0.7796610169491526,0.95,0.122,0.025000000000000022,0.114,0.114,0.608,13250,1.0,0.4533333333333333,0.0,0.0,0.039,0.045,0.608,0.014
683,2,textures_all,174528,174784,256,0.09375,0.5899999737739563,166,50,0.9939759036144579,0.46,0.7112068965517241,0.9583333333333334,0.12,0.02400000000000002,0.111,0.111,0.599,13261,0.9966666666666667,0.43666666666666665,0.0,0.0,0.036,0.043,0.599,0.015
684,2,textures_all,174784,175040,256,0.1015625,0.5899999737739563,181,50,0.994475138121547,0.46,0.782608695652174,0.8846153846153846,0.12,0.030000000000000027,0.101,0.101,0.589,13277,0.9933333333333333,0.43333333333333335,0.0,0.0,0.034,0.041,0.589,0.018
685,2,textures_all,175040,175296,256,0.12109375,0.5899999737739563,177,53,0.9943502824858758,0.5471698113207547,0.7822222222222223,0.9354838709677419,0.135,0.03300000000000003,0.112,0.113,0.591,13291,0.9933333333333333,0.43666666666666665,0.0,0.0,0.033,0.038,0.591,0.01
686,2,textures_all,175296,175552,256,0.08203125,0.5899999737739563,180,42,1.0,0.47619047619047616,0.7659574468085106,0.9523809523809523,0.10799999999999998,0.028000000000000025,0.109,0.11,0.578,13304,0.9966666666666667,0.46,0.0,0.0,0.034,0.039,0.578,0.011
687,2,textures_all,175552,175640,88,0.09090909090909091,0.5899999737739563,69,15,1.0,0.5333333333333333,0.8625,1.0,0.10799999999999998,0.03200000000000003,0.119,0.121,0.569,13315,0.9966666666666667,0.46,0.0,0.0,0.034,0.036,0.569,0.007
688,3,inaturalist,175640,175896,256,0.15625,0.5899999737739563,161,62,0.9875776397515528,0.5161290322580645,0.7361111111111112,0.8,0.04800000000000004,0.03300000000000003,0.108,0.11,0.025,13327,0.9933333333333333,0.4866666666666667,0.0,0.0,0.032,0.035,0.56,0.025
689,3,inaturalist,175896,176152,256,0.20703125,0.5899999737739563,155,75,1.0,0.68,0.7635467980295566,0.9622641509433962,0.23099999999999998,0.061000000000000054,0.08,0.08,0.16,13418,0.9933333333333333,0.5466666666666666,0.0,0.0,0.035,0.038,0.48,0.16
690,3,inaturalist,176152,176408,256,0.15625,0.5899999737739563,186,52,1.0,0.7692307692307693,0.8611111111111112,1.0,0.354,0.05700000000000005,0.033,0.033,0.437,13634,1.0,0.6,0.0,0.0,0.023,0.025,0.296,0.437
691,3,inaturalist,176408,176664,256,0.17578125,0.5899999737739563,182,55,1.0,0.8,0.8625592417061612,0.9777777777777777,0.22099999999999997,0.04500000000000004,0.012,0.012,0.581,13777,1.0,0.6466666666666666,0.0,0.0,0.016,0.017,0.168,0.581
692,3,inaturalist,176664,176920,256,0.140625,0.5899999737739563,198,45,1.0,0.8,0.9,1.0,0.17100000000000004,0.040000000000000036,0.007,0.007,0.682,13872,1.0,0.7,0.0,0.0,0.014,0.013,0.097,0.682
693,3,inaturalist,176920,177176,256,0.18359375,0.5899999737739563,191,60,1.0,0.7833333333333333,0.9138755980861244,1.0,0.08899999999999997,0.02200000000000002,0.004,0.004,0.728,13921,1.0,0.7433333333333333,0.0,0.0,0.013,0.011,0.065,0.728
694,3,inaturalist,177176,177432,256,0.140625,0.5899999737739563,203,43,0.9950738916256158,0.7906976744186046,0.9181818181818182,0.9444444444444444,0.10299999999999998,0.02300000000000002,0.003,0.003,0.749,13961,0.9966666666666667,0.7766666666666666,0.0,0.0,0.017,0.011,0.045,0.749
695,3,inaturalist,177432,177688,256,0.19921875,0.5899999737739563,192,55,0.9947916666666666,0.8909090909090909,0.9317073170731708,0.9607843137254902,0.07899999999999996,0.02200000000000002,0.003,0.003,0.75,13993,0.9966666666666667,0.8066666666666666,0.0,0.0,0.018,0.011,0.04,0.75
696,3,inaturalist,177688,177944,256,0.16796875,0.5899999737739563,196,49,1.0,0.8775510204081632,0.92018779342723,1.0,0.09199999999999997,0.020000000000000018,0.003,0.003,0.763,14040,0.9966666666666667,0.8266666666666667,0.0,0.0,0.016,0.012,0.031,0.763
697,3,inaturalist,177944,178200,256,0.21484375,0.5799999833106995,190,58,0.9947368421052631,0.9137931034482759,0.9402985074626866,0.9636363636363636,0.08699999999999997,0.028000000000000025,0.003,0.003,0.765,14063,0.9966666666666667,0.8466666666666667,0.0,0.0,0.021,0.014,0.033,0.765
698,3,inaturalist,178200,178456,256,0.1640625,0.5799999833106995,206,46,1.0,0.9130434782608695,0.9626168224299065,1.0,0.09799999999999998,0.03200000000000003,0.003,0.003,0.764,14089,0.9966666666666667,0.8633333333333333,0.0,0.0,0.022,0.015,0.035,0.764
699,3,inaturalist,178456,178712,256,0.15625,0.5799999833106995,206,48,1.0,0.8125,0.9537037037037037,0.975,0.08399999999999996,0.028000000000000025,0.003,0.003,0.776,14109,1.0,0.87,0.0,0.0,0.021,0.016,0.029,0.776
700,3,inaturalist,178712,178968,256,0.21875,0.5799999833106995,189,62,0.9947089947089947,0.8870967741935484,0.94,0.9821428571428571,0.07799999999999996,0.02300000000000002,0.003,0.003,0.781,14127,0.9966666666666667,0.8866666666666667,0.0,0.0,0.022,0.018,0.027,0.781
701,3,inaturalist,178968,179224,256,0.18359375,0.5799999833106995,196,54,1.0,0.8703703703703703,0.937799043062201,1.0,0.10799999999999998,0.027000000000000024,0.003,0.003,0.785,14151,1.0,0.8766666666666667,0.0,0.0,0.02,0.015,0.033,0.785
702,3,inaturalist,179224,179480,256,0.1328125,0.5799999833106995,210,38,1.0,0.8947368421052632,0.9459459459459459,1.0,0.09599999999999997,0.027000000000000024,0.002,0.002,0.781,14181,1.0,0.88,0.0,0.0,0.013,0.008,0.034,0.781
703,3,inaturalist,179480,179736,256,0.1484375,0.5799999833106995,210,41,1.0,0.9024390243902439,0.963302752293578,0.9736842105263158,0.06599999999999995,0.02100000000000002,0.002,0.002,0.796,14197,1.0,0.8833333333333333,0.0,0.0,0.014,0.008,0.034,0.796
704,3,inaturalist,179736,179992,256,0.203125,0.5799999833106995,196,58,1.0,0.896551724137931,0.9607843137254902,1.0,0.06599999999999995,0.016000000000000014,0.003,0.003,0.799,14209,1.0,0.88,0.0,0.0,0.019,0.013,0.029,0.799
705,3,inaturalist,179992,180248,256,0.1953125,0.5699999928474426,192,58,0.9947916666666666,0.8448275862068966,0.9271844660194175,0.98,0.10399999999999998,0.02200000000000002,0.003,0.003,0.795,14233,0.9966666666666667,0.8866666666666667,0.0,0.0,0.018,0.011,0.033,0.795
706,3,inaturalist,180248,180504,256,0.13671875,0.5699999928474426,211,39,1.0,0.8974358974358975,0.9547511312217195,1.0,0.07899999999999996,0.02200000000000002,0.003,0.003,0.795,14247,1.0,0.8833333333333333,0.0,0.0,0.02,0.012,0.035,0.795
707,3,inaturalist,180504,180760,256,0.1640625,0.5699999928474426,207,45,0.9951690821256038,0.8666666666666667,0.9626168224299065,0.9285714285714286,0.06000000000000005,0.02300000000000002,0.003,0.003,0.784,14256,0.9966666666666667,0.8833333333333333,0.0,0.0,0.019,0.012,0.036,0.784
708,3,inaturalist,180760,181016,256,0.14453125,0.5699999928474426,208,41,1.0,0.9024390243902439,0.9497716894977168,1.0,0.06899999999999995,0.02300000000000002,0.004,0.004,0.792,14264,1.0,0.8866666666666667,0.0,0.0,0.02,0.014,0.037,0.792
709,3,inaturalist,181016,181272,256,0.15234375,0.5699999928474426,204,46,1.0,0.8478260869565217,0.9400921658986175,1.0,0.06799999999999995,0.019000000000000017,0.004,0.004,0.791,14275,1.0,0.8766666666666667,0.0,0.0,0.021,0.015,0.037,0.791
710,3,inaturalist,181272,181528,256,0.171875,0.5699999928474426,204,46,1.0,0.9565217391304348,0.9622641509433962,1.0,0.07699999999999996,0.02300000000000002,0.004,0.004,0.779,14287,1.0,0.8833333333333333,0.0,0.0,0.02,0.012,0.039,0.779
711,3,inaturalist,181528,181784,256,0.10546875,0.5699999928474426,214,33,1.0,0.8181818181818182,0.9344978165938864,1.0,0.06599999999999995,0.030000000000000027,0.004,0.004,0.778,14298,1.0,0.8833333333333333,0.0,0.0,0.021,0.013,0.041,0.778
712,3,inaturalist,181784,182040,256,0.171875,0.5699999928474426,203,49,1.0,0.8979591836734694,0.9575471698113207,1.0,0.05400000000000005,0.02100000000000002,0.003,0.003,0.78,14304,1.0,0.8866666666666667,0.0,0.0,0.019,0.013,0.042,0.78
713,3,inaturalist,182040,182296,256,0.1796875,0.5699999928474426,200,51,1.0,0.9019607843137255,0.9523809523809523,1.0,0.07899999999999996,0.02100000000000002,0.003,0.003,0.775,14317,1.0,0.8833333333333333,0.0,0.0,0.014,0.011,0.043,0.775
714,3,inaturalist,182296,182552,256,0.16796875,0.5600000023841858,208,45,1.0,0.9555555555555556,0.9765258215962441,1.0,0.09299999999999997,0.02400000000000002,0.003,0.003,0.797,14330,1.0,0.9066666666666666,0.0,0.0,0.015,0.01,0.041,0.797
715,3,inaturalist,182552,182808,256,0.17578125,0.5600000023841858,200,48,1.0,0.9375,0.9478672985781991,1.0,0.08099999999999996,0.025000000000000022,0.003,0.003,0.806,14342,1.0,0.9166666666666666,0.0,0.0,0.014,0.01,0.037,0.806
716,3,inaturalist,182808,183064,256,0.140625,0.5600000023841858,211,43,1.0,0.8372093023255814,0.9590909090909091,1.0,0.07799999999999996,0.020000000000000018,0.003,0.003,0.81,14352,1.0,0.9,0.0,0.0,0.018,0.013,0.038,0.81
717,3,inaturalist,183064,183320,256,0.15234375,0.5600000023841858,207,45,1.0,0.8666666666666667,0.9539170506912442,1.0,0.06999999999999995,0.020000000000000018,0.003,0.003,0.824,14353,1.0,0.89,0.0,0.0,0.019,0.013,0.037,0.824
718,3,inaturalist,183320,183576,256,0.16015625,0.5600000023841858,212,44,1.0,0.9318181818181818,0.986046511627907,1.0,0.07299999999999995,0.02100000000000002,0.002,0.002,0.81,14358,1.0,0.9066666666666666,0.0,0.0,0.017,0.011,0.035,0.81
719,3,inaturalist,183576,183832,256,0.1796875,0.5600000023841858,204,48,0.9950980392156863,0.9375,0.9666666666666667,0.9782608695652174,0.06000000000000005,0.019000000000000017,0.002,0.002,0.823,14364,0.9966666666666667,0.9133333333333333,0.0,0.0,0.02,0.012,0.032,0.823
720,3,inaturalist,183832,184088,256,0.15625,0.5600000023841858,206,46,0.9951456310679612,0.8478260869565217,0.9490740740740741,0.975,0.07699999999999996,0.019000000000000017,0.002,0.002,0.803,14374,0.9966666666666667,0.9,0.0,0.0,0.02,0.013,0.033,0.803
721,3,inaturalist,184088,184344,256,0.2109375,0.5600000023841858,192,58,0.9895833333333334,0.896551724137931,0.9405940594059405,0.9629629629629629,0.07099999999999995,0.02100000000000002,0.002,0.002,0.794,14378,0.9933333333333333,0.89,0.0,0.0,0.023,0.015,0.034,0.794
722,3,inaturalist,184344,184600,256,0.15234375,0.5600000023841858,207,43,1.0,0.9069767441860465,0.9539170506912442,1.0,0.08599999999999997,0.02200000000000002,0.003,0.003,0.804,14385,0.9966666666666667,0.8933333333333333,0.0,0.0,0.024,0.016,0.034,0.804
723,3,inaturalist,184600,184856,256,0.14453125,0.5600000023841858,207,41,1.0,0.9024390243902439,0.9452054794520548,1.0,0.08999999999999997,0.03400000000000003,0.003,0.003,0.807,14391,1.0,0.8933333333333333,0.0,0.0,0.025,0.016,0.037,0.807
724,3,inaturalist,184856,185112,256,0.1640625,0.550000011920929,204,45,1.0,0.9333333333333333,0.9532710280373832,1.0,0.07399999999999995,0.02200000000000002,0.003,0.003,0.807,14396,1.0,0.91,0.0,0.0,0.024,0.015,0.037,0.807
725,3,inaturalist,185112,185368,256,0.1796875,0.550000011920929,194,54,0.9948453608247423,0.8333333333333334,0.919047619047619,0.9782608695652174,0.06999999999999995,0.026000000000000023,0.004,0.004,0.816,14403,0.9966666666666667,0.8866666666666667,0.0,0.0,0.028,0.019,0.036,0.816
726,3,inaturalist,185368,185624,256,0.15625,0.550000011920929,208,44,1.0,0.9090909090909091,0.9629629629629629,1.0,0.08399999999999996,0.020000000000000018,0.004,0.004,0.815,14414,0.9966666666666667,0.8966666666666666,0.0,0.0,0.028,0.017,0.038,0.815
727,3,inaturalist,185624,185880,256,0.1640625,0.550000011920929,207,48,1.0,0.875,0.9672897196261683,1.0,0.07799999999999996,0.017000000000000015,0.004,0.004,0.82,14424,1.0,0.8933333333333333,0.0,0.0,0.024,0.014,0.036,0.82
728,3,inaturalist,185880,186136,256,0.16015625,0.550000011920929,202,51,1.0,0.803921568627451,0.9395348837209302,1.0,0.07499999999999996,0.018000000000000016,0.004,0.004,0.804,14435,1.0,0.8766666666666667,0.0,0.0,0.022,0.013,0.039,0.804
729,3,inaturalist,186136,186392,256,0.19140625,0.550000011920929,199,52,1.0,0.9423076923076923,0.961352657004831,1.0,0.07499999999999996,0.017000000000000015,0.003,0.003,0.791,14441,1.0,0.8766666666666667,0.0,0.0,0.021,0.011,0.04,0.791
730,3,inaturalist,186392,186648,256,0.14453125,0.550000011920929,212,40,0.9952830188679245,0.9,0.9634703196347032,0.972972972972973,0.07699999999999996,0.026000000000000023,0.003,0.003,0.784,14446,0.9966666666666667,0.8766666666666667,0.0,0.0,0.021,0.01,0.038,0.784
731,3,inaturalist,186648,186904,256,0.15234375,0.550000011920929,209,41,1.0,0.9512195121951219,0.9631336405529954,1.0,0.07899999999999996,0.026000000000000023,0.003,0.003,0.78,14449,1.0,0.8966666666666666,0.0,0.0,0.022,0.013,0.038,0.78
732,3,inaturalist,186904,187160,256,0.19140625,0.550000011920929,195,51,1.0,0.9411764705882353,0.9420289855072463,0.9795918367346939,0.06299999999999994,0.02300000000000002,0.004,0.004,0.797,14450,1.0,0.9,0.0,0.0,0.02,0.013,0.038,0.797
733,3,inaturalist,187160,187416,256,0.15625,0.550000011920929,205,45,1.0,0.8666666666666667,0.9490740740740741,0.975,0.07399999999999995,0.02400000000000002,0.005,0.005,0.799,14455,1.0,0.9,0.0,0.0,0.021,0.015,0.038,0.799
734,3,inaturalist,187416,187672,256,0.14453125,0.550000011920929,212,41,1.0,0.9024390243902439,0.9680365296803652,1.0,0.07899999999999996,0.02100000000000002,0.005,0.005,0.773,14460,1.0,0.9033333333333333,0.0,0.0,0.019,0.011,0.035,0.773
735,3,inaturalist,187672,187928,256,0.16796875,0.5399999618530273,211,42,1.0,1.0,0.9906103286384976,0.9767441860465116,0.07099999999999995,0.03300000000000003,0.005,0.005,0.781,14462,1.0,0.9266666666666666,0.0,0.0,0.017,0.011,0.033,0.781
736,3,inaturalist,187928,188184,256,0.20703125,0.5399999618530273,191,58,1.0,0.9137931034482759,0.9408866995073891,1.0,0.06899999999999995,0.018000000000000016,0.005,0.005,0.79,14471,1.0,0.9266666666666666,0.0,0.0,0.016,0.01,0.031,0.79
737,3,inaturalist,188184,188440,256,0.20703125,0.5399999618530273,196,54,0.9948979591836735,0.9629629629629629,0.9605911330049262,0.9811320754716981,0.08199999999999996,0.02100000000000002,0.005,0.005,0.802,14483,0.9966666666666667,0.9333333333333333,0.0,0.0,0.017,0.012,0.028,0.802
738,3,inaturalist,188440,188696,256,0.21484375,0.5399999618530273,190,61,1.0,0.9016393442622951,0.945273631840796,1.0,0.08799999999999997,0.02100000000000002,0.005,0.005,0.799,14489,1.0,0.9233333333333333,0.0,0.0,0.017,0.015,0.024,0.799
739,3,inaturalist,188696,188952,256,0.1875,0.5399999618530273,198,54,1.0,0.8888888888888888,0.9519230769230769,1.0,0.09099999999999997,0.020000000000000018,0.003,0.003,0.79,14493,1.0,0.9233333333333333,0.0,0.0,0.012,0.011,0.025,0.79
740,3,inaturalist,188952,189208,256,0.15625,0.5399999618530273,207,45,1.0,0.8888888888888888,0.9583333333333334,1.0,0.07999999999999996,0.02400000000000002,0.004,0.004,0.791,14498,1.0,0.92,0.0,0.0,0.016,0.014,0.025,0.791
741,3,inaturalist,189208,189464,256,0.20703125,0.5399999618530273,194,57,0.9948453608247423,0.9122807017543859,0.9507389162561576,0.9811320754716981,0.07899999999999996,0.02400000000000002,0.004,0.004,0.785,14502,0.9966666666666667,0.9166666666666666,0.0,0.0,0.017,0.014,0.029,0.785
742,3,inaturalist,189464,189720,256,0.16796875,0.5399999618530273,199,53,1.0,0.8113207547169812,0.9342723004694836,1.0,0.09299999999999997,0.020000000000000018,0.003,0.003,0.78,14503,0.9966666666666667,0.89,0.0,0.0,0.016,0.011,0.032,0.78
743,3,inaturalist,189720,189976,256,0.203125,0.5399999618530273,199,55,1.0,0.9454545454545454,0.9754901960784313,1.0,0.07899999999999996,0.02100000000000002,0.003,0.003,0.769,14514,1.0,0.8966666666666666,0.0,0.0,0.014,0.01,0.035,0.769
744,3,inaturalist,189976,190232,256,0.1796875,0.5299999713897705,204,47,1.0,0.9787234042553191,0.9714285714285714,1.0,0.08899999999999997,0.027000000000000024,0.003,0.003,0.785,14519,1.0,0.9033333333333333,0.0,0.0,0.017,0.01,0.037,0.785
745,3,inaturalist,190232,190488,256,0.18359375,0.5299999713897705,204,49,1.0,0.9591836734693877,0.9760765550239234,1.0,0.09499999999999997,0.03700000000000003,0.003,0.003,0.793,14524,1.0,0.9133333333333333,0.0,0.0,0.016,0.009,0.036,0.793
746,3,inaturalist,190488,190744,256,0.13671875,0.5299999713897705,212,38,1.0,0.8947368421052632,0.9592760180995475,0.9714285714285714,0.08499999999999996,0.018000000000000016,0.003,0.003,0.797,14532,1.0,0.9166666666666666,0.0,0.0,0.015,0.008,0.034,0.797
747,3,inaturalist,190744,191000,256,0.15234375,0.5299999713897705,207,44,0.9951690821256038,0.8636363636363636,0.9493087557603687,0.9743589743589743,0.062000000000000055,0.026000000000000023,0.004,0.004,0.799,14534,0.9966666666666667,0.9133333333333333,0.0,0.0,0.017,0.01,0.032,0.799
748,3,inaturalist,191000,191256,256,0.15234375,0.5299999713897705,209,41,1.0,0.926829268292683,0.9631336405529954,0.9743589743589743,0.08399999999999996,0.029000000000000026,0.004,0.004,0.791,14540,1.0,0.9133333333333333,0.0,0.0,0.018,0.012,0.031,0.791
749,3,inaturalist,191256,191512,256,0.16796875,0.5299999713897705,203,51,1.0,0.8431372549019608,0.9530516431924883,1.0,0.07999999999999996,0.026000000000000023,0.004,0.004,0.78,14545,1.0,0.9133333333333333,0.0,0.0,0.02,0.011,0.028,0.78
750,3,inaturalist,191512,191768,256,0.1796875,0.5299999713897705,203,50,1.0,0.92,0.9666666666666667,1.0,0.08399999999999996,0.025000000000000022,0.004,0.004,0.795,14547,1.0,0.91,0.0,0.0,0.022,0.012,0.029,0.795
751,3,inaturalist,191768,192024,256,0.171875,0.5299999713897705,205,47,0.9951219512195122,0.9148936170212766,0.9622641509433962,0.9772727272727273,0.07299999999999995,0.025000000000000022,0.004,0.004,0.794,14551,0.9966666666666667,0.8966666666666666,0.0,0.0,0.02,0.012,0.029,0.794
752,3,inaturalist,192024,192280,256,0.109375,0.5299999713897705,219,32,1.0,0.875,0.9605263157894737,1.0,0.08999999999999997,0.025000000000000022,0.004,0.004,0.795,14555,0.9966666666666667,0.89,0.0,0.0,0.02,0.011,0.028,0.795
753,3,inaturalist,192280,192536,256,0.171875,0.5299999713897705,201,48,0.9950248756218906,0.8958333333333334,0.9433962264150944,0.9772727272727273,0.06599999999999995,0.02200000000000002,0.004,0.004,0.804,14559,0.9966666666666667,0.8966666666666666,0.0,0.0,0.018,0.012,0.032,0.804
754,3,inaturalist,192536,192792,256,0.16796875,0.5299999713897705,202,50,1.0,0.86,0.9483568075117371,1.0,0.06299999999999994,0.020000000000000018,0.004,0.004,0.809,14564,1.0,0.8933333333333333,0.0,0.0,0.017,0.013,0.031,0.809
755,3,inaturalist,192792,193048,256,0.17578125,0.5299999713897705,202,45,1.0,0.9777777777777777,0.957345971563981,0.9777777777777777,0.08699999999999997,0.02200000000000002,0.003,0.003,0.824,14569,1.0,0.9,0.0,0.0,0.019,0.012,0.028,0.824
756,3,inaturalist,193048,193304,256,0.16015625,0.5199999809265137,206,47,1.0,0.8723404255319149,0.958139534883721,1.0,0.07199999999999995,0.028000000000000025,0.003,0.003,0.813,14570,1.0,0.9,0.0,0.0,0.022,0.014,0.027,0.813
757,3,inaturalist,193304,193560,256,0.1484375,0.5199999809265137,210,44,1.0,0.8636363636363636,0.963302752293578,1.0,0.08699999999999997,0.018000000000000016,0.002,0.002,0.805,14572,1.0,0.8933333333333333,0.0,0.0,0.018,0.012,0.027,0.805
758,3,inaturalist,193560,193816,256,0.1796875,0.5199999809265137,204,48,1.0,0.9583333333333334,0.9714285714285714,1.0,0.06999999999999995,0.019000000000000017,0.002,0.002,0.792,14578,1.0,0.9066666666666666,0.0,0.0,0.019,0.013,0.026,0.792
759,3,inaturalist,193816,194072,256,0.109375,0.5199999809265137,220,28,0.9954545454545455,0.9285714285714286,0.9605263157894737,0.9285714285714286,0.08699999999999997,0.025000000000000022,0.003,0.003,0.792,14586,0.9966666666666667,0.9133333333333333,0.0,0.0,0.021,0.014,0.027,0.792
760,3,inaturalist,194072,194328,256,0.1640625,0.5199999809265137,211,42,0.995260663507109,0.9523809523809523,0.9813084112149533,0.9523809523809523,0.05600000000000005,0.02100000000000002,0.003,0.003,0.797,14590,0.9933333333333333,0.92,0.0,0.0,0.023,0.016,0.028,0.797
761,3,inaturalist,194328,194584,256,0.17578125,0.5199999809265137,200,50,1.0,0.88,0.9478672985781991,0.9777777777777777,0.061000000000000054,0.02200000000000002,0.003,0.003,0.788,14592,0.9966666666666667,0.9166666666666666,0.0,0.0,0.024,0.016,0.025,0.788
762,3,inaturalist,194584,194840,256,0.1875,0.5199999809265137,205,49,1.0,0.9795918367346939,0.9855769230769231,1.0,0.07699999999999996,0.026000000000000023,0.003,0.003,0.793,14594,1.0,0.9233333333333333,0.0,0.0,0.025,0.016,0.026,0.793
763,3,inaturalist,194840,195096,256,0.1953125,0.5199999809265137,201,52,1.0,0.9615384615384616,0.9757281553398058,1.0,0.07699999999999996,0.029000000000000026,0.003,0.003,0.807,14597,1.0,0.9433333333333334,0.0,0.0,0.022,0.017,0.025,0.807
764,3,inaturalist,195096,195352,256,0.1484375,0.5199999809265137,213,39,1.0,0.9743589743589743,0.9770642201834863,1.0,0.08199999999999996,0.028000000000000025,0.003,0.003,0.808,14601,1.0,0.9466666666666667,0.0,0.0,0.025,0.014,0.024,0.808
765,3,inaturalist,195352,195608,256,0.16796875,0.5199999809265137,207,45,1.0,0.9333333333333333,0.971830985915493,0.9767441860465116,0.06999999999999995,0.02300000000000002,0.003,0.003,0.819,14601,1.0,0.9433333333333334,0.0,0.0,0.022,0.013,0.025,0.819
766,3,inaturalist,195608,195864,256,0.140625,0.5199999809265137,208,42,1.0,0.8571428571428571,0.9454545454545454,1.0,0.07399999999999995,0.025000000000000022,0.003,0.003,0.819,14604,1.0,0.9366666666666666,0.0,0.0,0.026,0.015,0.027,0.819
767,3,inaturalist,195864,196120,256,0.16015625,0.5099999904632568,209,44,1.0,0.9318181818181818,0.9720930232558139,1.0,0.06399999999999995,0.02300000000000002,0.003,0.003,0.813,14604,1.0,0.9366666666666666,0.0,0.0,0.024,0.013,0.027,0.813
768,3,inaturalist,196120,196376,256,0.1953125,0.5099999904632568,201,54,1.0,0.9074074074074074,0.9757281553398058,0.98,0.062000000000000055,0.016000000000000014,0.003,0.003,0.81,14608,1.0,0.9333333333333333,0.0,0.0,0.026,0.014,0.026,0.81
769,3,inaturalist,196376,196632,256,0.171875,0.5099999904632568,201,48,1.0,0.9166666666666666,0.9481132075471698,1.0,0.08199999999999996,0.018000000000000016,0.003,0.003,0.824,14608,1.0,0.92,0.0,0.0,0.028,0.018,0.025,0.824
770,3,inaturalist,196632,196888,256,0.18359375,0.5099999904632568,197,57,1.0,0.8245614035087719,0.9425837320574163,1.0,0.06899999999999995,0.020000000000000018,0.003,0.003,0.81,14610,1.0,0.8966666666666666,0.0,0.0,0.028,0.019,0.026,0.81
771,3,inaturalist,196888,197144,256,0.19140625,0.5099999904632568,203,52,1.0,0.9230769230769231,0.9806763285024155,0.9795918367346939,0.09299999999999997,0.02300000000000002,0.003,0.003,0.819,14614,1.0,0.89,0.0,0.0,0.026,0.018,0.029,0.819
772,3,inaturalist,197144,197400,256,0.1875,0.5099999904632568,204,51,0.9950980392156863,0.9215686274509803,0.9759615384615384,0.9791666666666666,0.06899999999999995,0.016000000000000014,0.004,0.004,0.817,14619,0.9966666666666667,0.9,0.0,0.0,0.024,0.017,0.026,0.817
773,3,inaturalist,197400,197656,256,0.1953125,0.5099999904632568,198,56,1.0,0.8928571428571429,0.9611650485436893,1.0,0.08599999999999997,0.02100000000000002,0.004,0.004,0.817,14620,0.9966666666666667,0.8966666666666666,0.0,0.0,0.022,0.016,0.024,0.817
774,3,inaturalist,197656,197912,256,0.171875,0.5099999904632568,207,45,1.0,0.9777777777777777,0.9764150943396226,1.0,0.08299999999999996,0.027000000000000024,0.004,0.004,0.806,14627,1.0,0.91,0.0,0.0,0.019,0.016,0.027,0.806
775,3,inaturalist,197912,198168,256,0.18359375,0.5099999904632568,204,50,1.0,0.94,0.9760765550239234,1.0,0.07699999999999996,0.027000000000000024,0.005,0.005,0.807,14628,1.0,0.9133333333333333,0.0,0.0,0.023,0.017,0.027,0.807
776,3,inaturalist,198168,198424,256,0.22265625,0.5099999904632568,193,59,1.0,0.9322033898305084,0.9698492462311558,0.9649122807017544,0.08399999999999996,0.026000000000000023,0.004,0.004,0.806,14633,1.0,0.9333333333333333,0.0,0.0,0.021,0.015,0.03,0.806
777,3,inaturalist,198424,198680,256,0.171875,0.5099999904632568,205,49,1.0,0.8979591836734694,0.9669811320754716,1.0,0.09999999999999998,0.019000000000000017,0.005,0.005,0.803,14635,1.0,0.9233333333333333,0.0,0.0,0.026,0.017,0.032,0.803
778,3,inaturalist,198680,198936,256,0.19140625,0.5099999904632568,197,54,1.0,0.9074074074074074,0.9516908212560387,1.0,0.08599999999999997,0.02100000000000002,0.004,0.004,0.795,14641,1.0,0.9266666666666666,0.0,0.0,0.026,0.016,0.029,0.795
779,3,inaturalist,198936,199192,256,0.16796875,0.5099999904632568,204,44,1.0,0.9772727272727273,0.9577464788732394,1.0,0.07899999999999996,0.028000000000000025,0.002,0.002,0.772,14646,1.0,0.9366666666666666,0.0,0.0,0.024,0.013,0.029,0.772
780,3,inaturalist,199192,199448,256,0.1875,0.5099999904632568,199,53,1.0,0.9056603773584906,0.9567307692307693,1.0,0.07899999999999996,0.020000000000000018,0.002,0.002,0.783,14649,1.0,0.9233333333333333,0.0,0.0,0.024,0.013,0.029,0.783
781,3,inaturalist,199448,199704,256,0.1484375,0.5099999904632568,206,45,1.0,0.8444444444444444,0.944954128440367,1.0,0.08999999999999997,0.02300000000000002,0.002,0.002,0.789,14653,1.0,0.91,0.0,0.0,0.019,0.012,0.03,0.789
782,3,inaturalist,199704,199960,256,0.11328125,0.5099999904632568,214,39,1.0,0.7435897435897436,0.9427312775330396,1.0,0.08199999999999996,0.018000000000000016,0.003,0.003,0.78,14658,1.0,0.89,0.0,0.0,0.019,0.011,0.028,0.78
783,3,inaturalist,199960,200216,256,0.1796875,0.5099999904632568,205,48,0.9951219512195122,0.9375,0.9714285714285714,0.9782608695652174,0.06999999999999995,0.029000000000000026,0.002,0.002,0.776,14663,0.9966666666666667,0.8933333333333333,0.0,0.0,0.017,0.009,0.027,0.776
784,3,inaturalist,200216,200472,256,0.1328125,0.5099999904632568,214,37,1.0,0.918918918918919,0.963963963963964,1.0,0.07899999999999996,0.020000000000000018,0.002,0.002,0.772,14668,0.9966666666666667,0.8933333333333333,0.0,0.0,0.018,0.009,0.026,0.772
785,3,inaturalist,200472,200728,256,0.19140625,0.5099999904632568,196,53,1.0,0.9245283018867925,0.9468599033816425,1.0,0.07199999999999995,0.025000000000000022,0.002,0.002,0.78,14671,1.0,0.8933333333333333,0.0,0.0,0.017,0.01,0.027,0.78
786,3,inaturalist,200728,200984,256,0.1484375,0.5099999904632568,211,39,1.0,0.9743589743589743,0.9678899082568807,1.0,0.08699999999999997,0.028000000000000025,0.003,0.003,0.791,14671,1.0,0.8933333333333333,0.0,0.0,0.021,0.014,0.027,0.791
787,3,inaturalist,200984,201240,256,0.15234375,0.5099999904632568,211,40,0.995260663507109,0.925,0.967741935483871,0.9487179487179487,0.06599999999999995,0.016000000000000014,0.004,0.004,0.785,14671,0.9966666666666667,0.9,0.0,0.0,0.025,0.015,0.027,0.785
788,3,inaturalist,201240,201496,256,0.15234375,0.5099999904632568,213,39,1.0,1.0,0.9815668202764977,1.0,0.06999999999999995,0.02400000000000002,0.003,0.003,0.787,14673,0.9966666666666667,0.9133333333333333,0.0,0.0,0.023,0.014,0.027,0.787
789,3,inaturalist,201496,201752,256,0.125,0.5099999904632568,219,35,1.0,0.9142857142857143,0.9776785714285714,1.0,0.06999999999999995,0.02300000000000002,0.004,0.004,0.791,14675,1.0,0.94,0.0,0.0,0.023,0.015,0.028,0.791
790,3,inaturalist,201752,202008,256,0.2109375,0.5099999904632568,196,57,1.0,0.9473684210526315,0.9702970297029703,1.0,0.05500000000000005,0.019000000000000017,0.004,0.004,0.803,14675,1.0,0.9433333333333334,0.0,0.0,0.021,0.016,0.027,0.803
791,3,inaturalist,202008,202264,256,0.15625,0.5099999904632568,210,45,1.0,0.8888888888888888,0.9722222222222222,1.0,0.10099999999999998,0.028000000000000025,0.004,0.004,0.797,14675,1.0,0.9366666666666666,0.0,0.0,0.027,0.019,0.029,0.797
792,3,inaturalist,202264,202520,256,0.12109375,0.5099999904632568,217,35,1.0,0.8857142857142857,0.9644444444444444,1.0,0.06399999999999995,0.02100000000000002,0.004,0.004,0.78,14678,1.0,0.9366666666666666,0.0,0.0,0.027,0.018,0.03,0.78
793,3,inaturalist,202520,202776,256,0.17578125,0.5099999904632568,206,48,0.9951456310679612,0.9166666666666666,0.9715639810426541,0.9777777777777777,0.06599999999999995,0.017000000000000015,0.004,0.004,0.802,14678,0.9966666666666667,0.9266666666666666,0.0,0.0,0.026,0.019,0.029,0.802
794,3,inaturalist,202776,203032,256,0.19140625,0.5099999904632568,197,51,1.0,0.9411764705882353,0.9516908212560387,0.9795918367346939,0.07599999999999996,0.029000000000000026,0.004,0.004,0.819,14679,0.9966666666666667,0.9266666666666666,0.0,0.0,0.025,0.019,0.032,0.819
795,3,inaturalist,203032,203288,256,0.18359375,0.5099999904632568,201,52,1.0,0.9038461538461539,0.9617224880382775,1.0,0.07599999999999996,0.02300000000000002,0.004,0.004,0.827,14680,1.0,0.9166666666666666,0.0,0.0,0.025,0.019,0.029,0.827
796,3,inaturalist,203288,203544,256,0.13671875,0.5099999904632568,215,38,0.9953488372093023,0.8947368421052632,0.9683257918552036,0.9714285714285714,0.08699999999999997,0.02100000000000002,0.005,0.005,0.806,14683,0.9966666666666667,0.9133333333333333,0.0,0.0,0.027,0.023,0.033,0.806
797,3,inaturalist,203544,203800,256,0.1484375,0.5099999904632568,216,38,0.9953703703703703,0.9736842105263158,0.9862385321100917,0.9736842105263158,0.06799999999999995,0.02200000000000002,0.005,0.005,0.805,14687,0.9933333333333333,0.9133333333333333,0.0,0.0,0.028,0.023,0.031,0.805
798,3,inaturalist,203800,204056,256,0.1484375,0.5099999904632568,205,46,1.0,0.8260869565217391,0.9403669724770642,1.0,0.07699999999999996,0.017000000000000015,0.005,0.005,0.797,14691,0.9966666666666667,0.9066666666666666,0.0,0.0,0.027,0.02,0.031,0.797
799,3,inaturalist,204056,204312,256,0.12109375,0.5099999904632568,222,31,1.0,1.0,0.9866666666666667,1.0,0.08399999999999996,0.027000000000000024,0.004,0.004,0.78,14694,1.0,0.9166666666666666,0.0,0.0,0.023,0.018,0.03,0.78
800,3,inaturalist,204312,204568,256,0.20703125,0.5099999904632568,193,58,0.9948186528497409,0.896551724137931,0.9458128078817734,0.9811320754716981,0.05300000000000005,0.025000000000000022,0.003,0.003,0.775,14695,0.9966666666666667,0.91,0.0,0.0,0.022,0.015,0.028,0.775
801,3,inaturalist,204568,204824,256,0.18359375,0.5099999904632568,201,52,1.0,0.9038461538461539,0.9617224880382775,1.0,0.08499999999999996,0.020000000000000018,0.003,0.003,0.783,14696,0.9966666666666667,0.9033333333333333,0.0,0.0,0.024,0.014,0.026,0.783
802,3,inaturalist,204824,205080,256,0.171875,0.5099999904632568,204,50,1.0,0.88,0.9622641509433962,1.0,0.06799999999999995,0.029000000000000026,0.003,0.003,0.784,14698,1.0,0.9033333333333333,0.0,0.0,0.024,0.013,0.028,0.784
803,3,inaturalist,205080,205336,256,0.1640625,0.5099999904632568,209,43,1.0,0.9534883720930233,0.9766355140186916,0.9761904761904762,0.07699999999999996,0.017000000000000015,0.003,0.003,0.794,14703,1.0,0.91,0.0,0.0,0.022,0.009,0.026,0.794
804,3,inaturalist,205336,205592,256,0.15234375,0.5099999904632568,210,43,1.0,0.9069767441860465,0.967741935483871,1.0,0.08899999999999997,0.027000000000000024,0.003,0.003,0.793,14704,1.0,0.91,0.0,0.0,0.021,0.01,0.028,0.793
805,3,inaturalist,205592,205848,256,0.1484375,0.5099999904632568,205,44,1.0,0.8409090909090909,0.9403669724770642,0.9736842105263158,0.06799999999999995,0.02100000000000002,0.003,0.003,0.795,14707,1.0,0.9,0.0,0.0,0.021,0.007,0.027,0.795
806,3,inaturalist,205848,206104,256,0.16796875,0.5099999904632568,211,42,0.995260663507109,1.0,0.9859154929577465,0.9767441860465116,0.08599999999999997,0.027000000000000024,0.004,0.004,0.796,14709,0.9966666666666667,0.91,0.0,0.0,0.019,0.009,0.023,0.796
807,3,inaturalist,206104,206360,256,0.16015625,0.5099999904632568,207,43,1.0,0.9302325581395349,0.9627906976744186,0.975609756097561,0.07099999999999995,0.025000000000000022,0.004,0.004,0.799,14714,0.9966666666666667,0.9133333333333333,0.0,0.0,0.018,0.01,0.019,0.799
808,3,inaturalist,206360,206616,256,0.16015625,0.5099999904632568,208,44,1.0,0.9318181818181818,0.9674418604651163,1.0,0.06799999999999995,0.02400000000000002,0.004,0.004,0.795,14715,1.0,0.9166666666666666,0.0,0.0,0.015,0.009,0.018,0.795
809,3,inaturalist,206616,206872,256,0.15625,0.5099999904632568,206,45,0.9951456310679612,0.8666666666666667,0.9490740740740741,0.975,0.07999999999999996,0.02200000000000002,0.004,0.004,0.792,14717,0.9966666666666667,0.92,0.0,0.0,0.017,0.009,0.024,0.792
810,3,inaturalist,206872,207128,256,0.13671875,0.5099999904632568,210,40,1.0,0.875,0.9502262443438914,1.0,0.07299999999999995,0.026000000000000023,0.004,0.004,0.802,14720,1.0,0.9066666666666666,0.0,0.0,0.017,0.011,0.024,0.802
811,3,inaturalist,207128,207384,256,0.11328125,0.5099999904632568,218,34,1.0,0.8529411764705882,0.960352422907489,1.0,0.06399999999999995,0.020000000000000018,0.004,0.004,0.809,14721,1.0,0.9033333333333333,0.0,0.0,0.018,0.011,0.019,0.809
812,3,inaturalist,207384,207640,256,0.16796875,0.5099999904632568,206,47,1.0,0.9148936170212766,0.9671361502347418,1.0,0.06000000000000005,0.02200000000000002,0.004,0.004,0.799,14721,1.0,0.91,0.0,0.0,0.018,0.011,0.02,0.799
813,3,inaturalist,207640,207896,256,0.16796875,0.5099999904632568,208,46,1.0,0.9347826086956522,0.9765258215962441,1.0,0.08399999999999996,0.027000000000000024,0.004,0.004,0.804,14721,1.0,0.9033333333333333,0.0,0.0,0.019,0.012,0.02,0.804
814,3,inaturalist,207896,208152,256,0.15625,0.5099999904632568,212,42,1.0,0.9523809523809523,0.9814814814814815,1.0,0.06699999999999995,0.025000000000000022,0.004,0.004,0.796,14724,1.0,0.9066666666666666,0.0,0.0,0.016,0.008,0.022,0.796
815,3,inaturalist,208152,208408,256,0.1953125,0.5099999904632568,201,51,1.0,0.9803921568627451,0.9757281553398058,1.0,0.06799999999999995,0.018000000000000016,0.004,0.004,0.805,14724,1.0,0.9166666666666666,0.0,0.0,0.016,0.008,0.023,0.805
816,3,inaturalist,208408,208664,256,0.171875,0.5099999904632568,204,49,1.0,0.8979591836734694,0.9622641509433962,1.0,0.07299999999999995,0.020000000000000018,0.004,0.004,0.8,14728,1.0,0.92,0.0,0.0,0.013,0.008,0.02,0.8
817,3,inaturalist,208664,208920,256,0.17578125,0.5099999904632568,207,46,0.9903381642512077,0.9347826086956522,0.9715639810426541,0.9555555555555556,0.07099999999999995,0.026000000000000023,0.004,0.004,0.799,14732,0.9933333333333333,0.9333333333333333,0.0,0.0,0.015,0.009,0.021,0.799
818,3,inaturalist,208920,209176,256,0.17578125,0.5099999904632568,208,45,0.9951923076923077,0.9777777777777777,0.981042654028436,0.9777777777777777,0.06000000000000005,0.025000000000000022,0.003,0.003,0.784,14734,0.9966666666666667,0.94,0.0,0.0,0.012,0.006,0.018,0.784
819,3,inaturalist,209176,209432,256,0.171875,0.5099999904632568,210,44,1.0,0.9772727272727273,0.9905660377358491,0.9772727272727273,0.07299999999999995,0.02400000000000002,0.003,0.003,0.786,14736,0.9966666666666667,0.95,0.0,0.0,0.012,0.007,0.017,0.786
820,3,inaturalist,209432,209688,256,0.140625,0.5099999904632568,212,39,1.0,0.9230769230769231,0.9636363636363636,1.0,0.06499999999999995,0.02400000000000002,0.003,0.003,0.783,14738,1.0,0.9466666666666667,0.0,0.0,0.014,0.008,0.02,0.783
821,3,inaturalist,209688,209944,256,0.19921875,0.5099999904632568,199,53,1.0,0.9622641509433962,0.9707317073170731,1.0,0.06299999999999994,0.02100000000000002,0.003,0.003,0.782,14738,1.0,0.9466666666666667,0.0,0.0,0.016,0.007,0.018,0.782
822,3,inaturalist,209944,210200,256,0.140625,0.5099999904632568,205,39,0.9902439024390244,0.8461538461538461,0.9227272727272727,0.9166666666666666,0.07499999999999996,0.02300000000000002,0.003,0.003,0.795,14739,0.9933333333333333,0.9366666666666666,0.0,0.0,0.019,0.009,0.022,0.795
823,3,inaturalist,210200,210456,256,0.16015625,0.5099999904632568,207,47,1.0,0.8723404255319149,0.9627906976744186,1.0,0.06000000000000005,0.018000000000000016,0.003,0.003,0.809,14741,0.9966666666666667,0.9333333333333333,0.0,0.0,0.018,0.009,0.021,0.809
824,3,inaturalist,210456,210712,256,0.1640625,0.5099999904632568,205,46,1.0,0.9130434782608695,0.9579439252336449,1.0,0.07699999999999996,0.02400000000000002,0.004,0.004,0.815,14741,1.0,0.9233333333333333,0.0,0.0,0.023,0.014,0.027,0.815
825,3,inaturalist,210712,210968,256,0.1875,0.5099999904632568,203,51,0.9950738916256158,0.9019607843137255,0.9711538461538461,0.9583333333333334,0.07699999999999996,0.02300000000000002,0.004,0.004,0.805,14745,0.9966666666666667,0.9133333333333333,0.0,0.0,0.026,0.017,0.029,0.805
826,3,inaturalist,210968,211224,256,0.15625,0.5099999904632568,207,43,1.0,0.9302325581395349,0.9583333333333334,1.0,0.08399999999999996,0.028000000000000025,0.004,0.004,0.802,14749,0.9966666666666667,0.9066666666666666,0.0,0.0,0.023,0.019,0.03,0.802
827,3,inaturalist,211224,211480,256,0.1640625,0.5099999904632568,206,46,1.0,0.9130434782608695,0.9626168224299065,1.0,0.07599999999999996,0.02400000000000002,0.004,0.004,0.796,14753,1.0,0.9,0.0,0.0,0.026,0.022,0.033,0.796
828,3,inaturalist,211480,211736,256,0.12109375,0.5099999904632568,218,34,1.0,0.9117647058823529,0.9688888888888889,1.0,0.07899999999999996,0.027000000000000024,0.004,0.004,0.8,14755,1.0,0.9,0.0,0.0,0.027,0.023,0.034,0.8
829,3,inaturalist,211736,211992,256,0.1640625,0.5099999904632568,209,44,1.0,0.9318181818181818,0.9766355140186916,0.9761904761904762,0.05700000000000005,0.02200000000000002,0.004,0.004,0.788,14756,1.0,0.9133333333333333,0.0,0.0,0.028,0.026,0.034,0.788
830,3,inaturalist,211992,212248,256,0.17578125,0.5099999904632568,203,50,1.0,0.9,0.9620853080568721,1.0,0.06899999999999995,0.020000000000000018,0.004,0.004,0.798,14757,1.0,0.9133333333333333,0.0,0.0,0.027,0.026,0.034,0.798
831,3,inaturalist,212248,212504,256,0.1328125,0.5099999904632568,217,34,1.0,0.9705882352941176,0.9774774774774775,0.9705882352941176,0.09499999999999997,0.030000000000000027,0.004,0.004,0.787,14759,1.0,0.92,0.0,0.0,0.024,0.02,0.032,0.787
832,3,inaturalist,212504,212760,256,0.16015625,0.5099999904632568,203,49,1.0,0.8367346938775511,0.9441860465116279,1.0,0.05900000000000005,0.025000000000000022,0.004,0.004,0.795,14759,1.0,0.91,0.0,0.0,0.025,0.02,0.031,0.795
833,3,inaturalist,212760,213016,256,0.18359375,0.5099999904632568,201,50,0.9900497512437811,0.9,0.9521531100478469,0.9574468085106383,0.07299999999999995,0.026000000000000023,0.004,0.004,0.797,14760,0.9933333333333333,0.91,0.0,0.0,0.021,0.016,0.031,0.797
834,3,inaturalist,213016,213272,256,0.2265625,0.5099999904632568,190,63,1.0,0.9047619047619048,0.9595959595959596,0.9827586206896551,0.07499999999999996,0.02200000000000002,0.004,0.004,0.805,14760,0.9933333333333333,0.9033333333333333,0.0,0.0,0.027,0.017,0.033,0.805
835,3,inaturalist,213272,213528,256,0.14453125,0.5099999904632568,210,40,1.0,0.925,0.958904109589041,1.0,0.09399999999999997,0.025000000000000022,0.004,0.004,0.797,14761,1.0,0.9066666666666666,0.0,0.0,0.027,0.018,0.037,0.797
836,3,inaturalist,213528,213784,256,0.125,0.5099999904632568,218,34,0.9954128440366973,0.9117647058823529,0.96875,0.96875,0.07399999999999995,0.03200000000000003,0.004,0.004,0.799,14762,0.9966666666666667,0.9,0.0,0.0,0.025,0.017,0.035,0.799
837,3,inaturalist,213784,214040,256,0.19921875,0.5099999904632568,202,51,1.0,1.0,0.9853658536585366,1.0,0.07399999999999995,0.031000000000000028,0.004,0.004,0.799,14762,0.9966666666666667,0.9166666666666666,0.0,0.0,0.026,0.017,0.034,0.799
838,3,inaturalist,214040,214296,256,0.140625,0.5099999904632568,213,36,0.9953051643192489,0.9444444444444444,0.9636363636363636,0.9444444444444444,0.08399999999999996,0.026000000000000023,0.004,0.004,0.8,14763,0.9966666666666667,0.92,0.0,0.0,0.022,0.016,0.034,0.8
839,3,inaturalist,214296,214552,256,0.22265625,0.5099999904632568,193,59,1.0,0.9661016949152542,0.9698492462311558,1.0,0.06499999999999995,0.02100000000000002,0.004,0.004,0.794,14764,1.0,0.94,0.0,0.0,0.025,0.018,0.036,0.794
840,3,inaturalist,214552,214808,256,0.1328125,0.5099999904632568,215,36,1.0,0.9444444444444444,0.9684684684684685,1.0,0.07999999999999996,0.02400000000000002,0.003,0.003,0.788,14765,1.0,0.9466666666666667,0.0,0.0,0.025,0.016,0.033,0.788
841,3,inaturalist,214808,215064,256,0.1640625,0.5099999904632568,209,43,0.9904306220095693,0.9302325581395349,0.9672897196261683,0.9523809523809523,0.06599999999999995,0.019000000000000017,0.004,0.004,0.795,14766,0.9933333333333333,0.95,0.0,0.0,0.023,0.016,0.035,0.795
842,3,inaturalist,215064,215320,256,0.171875,0.5099999904632568,204,46,0.9950980392156863,0.9347826086956522,0.9575471698113207,0.9772727272727273,0.06799999999999995,0.025000000000000022,0.004,0.004,0.799,14767,0.9933333333333333,0.95,0.0,0.0,0.021,0.016,0.035,0.799
843,3,inaturalist,215320,215576,256,0.171875,0.5099999904632568,203,47,1.0,0.9361702127659575,0.9575471698113207,1.0,0.07999999999999996,0.02100000000000002,0.004,0.004,0.799,14771,0.9966666666666667,0.95,0.0,0.0,0.02,0.014,0.034,0.799
844,3,inaturalist,215576,215832,256,0.18359375,0.5099999904632568,197,53,1.0,0.8679245283018868,0.9425837320574163,0.9787234042553191,0.06799999999999995,0.02200000000000002,0.004,0.004,0.803,14772,1.0,0.9266666666666666,0.0,0.0,0.019,0.014,0.03,0.803
845,3,inaturalist,215832,216088,256,0.16015625,0.5099999904632568,207,44,1.0,0.9318181818181818,0.9627906976744186,1.0,0.08999999999999997,0.02400000000000002,0.004,0.004,0.809,14772,1.0,0.93,0.0,0.0,0.022,0.013,0.029,0.809
846,3,inaturalist,216088,216344,256,0.17578125,0.5099999904632568,204,49,1.0,0.9183673469387755,0.966824644549763,1.0,0.07299999999999995,0.025000000000000022,0.004,0.004,0.806,14774,1.0,0.9233333333333333,0.0,0.0,0.02,0.014,0.024,0.806
847,3,inaturalist,216344,216600,256,0.15625,0.5099999904632568,208,43,1.0,0.9302325581395349,0.9629629629629629,1.0,0.07999999999999996,0.025000000000000022,0.004,0.004,0.799,14776,1.0,0.92,0.0,0.0,0.022,0.016,0.027,0.799
848,3,inaturalist,216600,216856,256,0.171875,0.5099999904632568,207,47,1.0,0.9361702127659575,0.9764150943396226,1.0,0.07299999999999995,0.017000000000000015,0.003,0.003,0.805,14777,1.0,0.9166666666666666,0.0,0.0,0.02,0.014,0.025,0.805
849,3,inaturalist,216856,217112,256,0.18359375,0.5099999904632568,204,49,0.9950980392156863,0.9183673469387755,0.9712918660287081,0.9574468085106383,0.08099999999999996,0.026000000000000023,0.003,0.003,0.811,14779,0.9966666666666667,0.9133333333333333,0.0,0.0,0.021,0.013,0.026,0.811
850,3,inaturalist,217112,217368,256,0.1875,0.5099999904632568,200,50,0.99,0.92,0.9519230769230769,0.9583333333333334,0.07699999999999996,0.02200000000000002,0.002,0.002,0.8,14779,0.9933333333333333,0.9233333333333333,0.0,0.0,0.019,0.012,0.027,0.8
851,3,inaturalist,217368,217624,256,0.1796875,0.5099999904632568,204,52,1.0,0.8846153846153846,0.9714285714285714,1.0,0.062000000000000055,0.019000000000000017,0.002,0.002,0.813,14780,1.0,0.92,0.0,0.0,0.018,0.013,0.026,0.813
852,3,inaturalist,217624,217880,256,0.1640625,0.5099999904632568,208,43,1.0,0.9767441860465116,0.9719626168224299,1.0,0.07699999999999996,0.017000000000000015,0.002,0.002,0.803,14781,1.0,0.9266666666666666,0.0,0.0,0.02,0.014,0.027,0.803
853,3,inaturalist,217880,218136,256,0.18359375,0.5099999904632568,200,53,1.0,0.8867924528301887,0.9569377990430622,1.0,0.06699999999999995,0.016000000000000014,0.002,0.002,0.802,14782,1.0,0.92,0.0,0.0,0.022,0.017,0.028,0.802
854,3,inaturalist,218136,218392,256,0.16796875,0.5099999904632568,205,48,0.9951219512195122,0.8541666666666666,0.9577464788732394,0.9534883720930233,0.07199999999999995,0.02200000000000002,0.003,0.003,0.803,14783,0.9966666666666667,0.9033333333333333,0.0,0.0,0.022,0.016,0.03,0.803
855,3,inaturalist,218392,218648,256,0.1484375,0.5099999904632568,213,39,1.0,0.9743589743589743,0.9770642201834863,1.0,0.08399999999999996,0.027000000000000024,0.003,0.003,0.795,14784,0.9966666666666667,0.9166666666666666,0.0,0.0,0.021,0.014,0.028,0.795
856,3,inaturalist,218648,218904,256,0.171875,0.5099999904632568,206,44,1.0,0.9545454545454546,0.9716981132075472,0.9545454545454546,0.07099999999999995,0.027000000000000024,0.003,0.003,0.803,14784,1.0,0.92,0.0,0.0,0.022,0.016,0.029,0.803
857,3,inaturalist,218904,219160,256,0.1875,0.5099999904632568,198,49,1.0,0.9387755102040817,0.9519230769230769,0.9583333333333334,0.06499999999999995,0.025000000000000022,0.003,0.003,0.804,14786,1.0,0.9233333333333333,0.0,0.0,0.022,0.017,0.028,0.804
858,3,inaturalist,219160,219416,256,0.15234375,0.5099999904632568,207,43,1.0,0.9069767441860465,0.9539170506912442,1.0,0.07799999999999996,0.019000000000000017,0.002,0.002,0.803,14789,1.0,0.92,0.0,0.0,0.02,0.014,0.025,0.803
859,3,inaturalist,219416,219672,256,0.15234375,0.5099999904632568,208,43,1.0,0.9069767441860465,0.9585253456221198,1.0,0.06899999999999995,0.02300000000000002,0.002,0.002,0.796,14792,1.0,0.92,0.0,0.0,0.016,0.01,0.024,0.796
860,3,inaturalist,219672,219928,256,0.16796875,0.5099999904632568,205,44,1.0,0.9318181818181818,0.9624413145539906,0.9534883720930233,0.06899999999999995,0.020000000000000018,0.002,0.002,0.801,14793,1.0,0.9266666666666666,0.0,0.0,0.017,0.011,0.025,0.801
861,3,inaturalist,219928,220184,256,0.15625,0.5099999904632568,208,42,1.0,0.9523809523809523,0.9629629629629629,1.0,0.07499999999999996,0.029000000000000026,0.002,0.002,0.81,14794,1.0,0.9366666666666666,0.0,0.0,0.015,0.01,0.02,0.81
862,3,inaturalist,220184,220440,256,0.1484375,0.5099999904632568,211,40,1.0,0.925,0.9678899082568807,0.9736842105263158,0.07399999999999995,0.014000000000000012,0.002,0.002,0.822,14797,1.0,0.9333333333333333,0.0,0.0,0.015,0.01,0.024,0.822
863,3,inaturalist,220440,220696,256,0.1328125,0.5099999904632568,217,35,1.0,0.9428571428571428,0.9774774774774775,0.9705882352941176,0.06000000000000005,0.019000000000000017,0.002,0.002,0.823,14799,1.0,0.93,0.0,0.0,0.014,0.008,0.024,0.823
864,3,inaturalist,220696,220952,256,0.18359375,0.5099999904632568,206,48,0.9951456310679612,0.9583333333333334,0.9808612440191388,0.9787234042553191,0.061000000000000054,0.02100000000000002,0.002,0.002,0.823,14804,0.9966666666666667,0.9333333333333333,0.0,0.0,0.014,0.008,0.025,0.823
865,3,inaturalist,220952,221208,256,0.171875,0.5099999904632568,204,49,1.0,0.8979591836734694,0.9622641509433962,1.0,0.06000000000000005,0.02300000000000002,0.002,0.002,0.818,14805,0.9966666666666667,0.9333333333333333,0.0,0.0,0.018,0.01,0.025,0.818
866,3,inaturalist,221208,221464,256,0.12109375,0.5099999904632568,218,35,1.0,0.8857142857142857,0.9688888888888889,1.0,0.08399999999999996,0.027000000000000024,0.004,0.004,0.824,14806,1.0,0.93,0.0,0.0,0.017,0.012,0.029,0.824
867,3,inaturalist,221464,221720,256,0.1640625,0.5099999904632568,205,47,1.0,0.8936170212765957,0.9579439252336449,1.0,0.06399999999999995,0.014000000000000012,0.004,0.004,0.806,14807,1.0,0.92,0.0,0.0,0.017,0.012,0.027,0.806
868,3,inaturalist,221720,221976,256,0.2421875,0.5099999904632568,183,68,1.0,0.9117647058823529,0.9432989690721649,1.0,0.06599999999999995,0.02100000000000002,0.004,0.004,0.809,14807,1.0,0.9133333333333333,0.0,0.0,0.015,0.013,0.029,0.809
869,3,inaturalist,221976,222232,256,0.15234375,0.5099999904632568,211,42,1.0,0.9285714285714286,0.9723502304147466,1.0,0.10699999999999998,0.016000000000000014,0.003,0.003,0.79,14810,1.0,0.9166666666666666,0.0,0.0,0.02,0.015,0.029,0.79
870,3,inaturalist,222232,222488,256,0.16796875,0.5099999904632568,209,42,0.9952153110047847,0.9761904761904762,0.9765258215962441,0.9534883720930233,0.06899999999999995,0.02100000000000002,0.003,0.003,0.792,14810,0.9966666666666667,0.9166666666666666,0.0,0.0,0.019,0.014,0.029,0.792
871,3,inaturalist,222488,222744,256,0.171875,0.5099999904632568,206,48,0.9951456310679612,0.8958333333333334,0.9669811320754716,0.9772727272727273,0.07499999999999996,0.016000000000000014,0.003,0.003,0.798,14810,0.9966666666666667,0.9133333333333333,0.0,0.0,0.02,0.013,0.028,0.798
872,3,inaturalist,222744,223000,256,0.1640625,0.5099999904632568,210,42,1.0,0.9761904761904762,0.9813084112149533,0.9761904761904762,0.07699999999999996,0.02200000000000002,0.003,0.003,0.797,14811,1.0,0.93,0.0,0.0,0.017,0.011,0.026,0.797
873,3,inaturalist,223000,223256,256,0.14453125,0.5099999904632568,212,38,0.9952830188679245,0.9210526315789473,0.9634703196347032,0.9459459459459459,0.07999999999999996,0.02300000000000002,0.003,0.003,0.804,14813,0.9966666666666667,0.9333333333333333,0.0,0.0,0.016,0.01,0.026,0.804
874,3,inaturalist,223256,223512,256,0.16796875,0.5099999904632568,205,48,1.0,0.8958333333333334,0.9624413145539906,1.0,0.06000000000000005,0.02400000000000002,0.003,0.003,0.815,14814,1.0,0.9333333333333333,0.0,0.0,0.018,0.009,0.027,0.815
875,3,inaturalist,223512,223768,256,0.17578125,0.5099999904632568,204,50,1.0,0.9,0.966824644549763,1.0,0.07399999999999995,0.016000000000000014,0.003,0.003,0.822,14815,1.0,0.9266666666666666,0.0,0.0,0.018,0.01,0.029,0.822
876,3,inaturalist,223768,224024,256,0.16015625,0.5099999904632568,213,42,1.0,0.9761904761904762,0.9906976744186047,1.0,0.06899999999999995,0.030000000000000027,0.003,0.003,0.811,14816,1.0,0.93,0.0,0.0,0.018,0.009,0.029,0.811
877,3,inaturalist,224024,224280,256,0.17578125,0.5099999904632568,206,46,1.0,0.9782608695652174,0.976303317535545,1.0,0.06699999999999995,0.027000000000000024,0.003,0.003,0.809,14821,1.0,0.9333333333333333,0.0,0.0,0.02,0.011,0.029,0.809
878,3,inaturalist,224280,224536,256,0.1796875,0.5099999904632568,204,46,1.0,0.9782608695652174,0.9714285714285714,0.9782608695652174,0.06299999999999994,0.02400000000000002,0.004,0.004,0.812,14822,1.0,0.9433333333333334,0.0,0.0,0.021,0.013,0.03,0.812
879,3,inaturalist,224536,224792,256,0.2109375,0.5099999904632568,195,57,1.0,0.9473684210526315,0.9653465346534653,1.0,0.06399999999999995,0.02300000000000002,0.003,0.003,0.809,14825,1.0,0.9433333333333334,0.0,0.0,0.019,0.013,0.03,0.809
880,3,inaturalist,224792,225048,256,0.12109375,0.5099999904632568,217,33,1.0,0.9393939393939394,0.9644444444444444,1.0,0.08399999999999996,0.020000000000000018,0.003,0.003,0.804,14825,1.0,0.9433333333333334,0.0,0.0,0.019,0.015,0.029,0.804
881,3,inaturalist,225048,225304,256,0.15234375,0.5099999904632568,209,42,1.0,0.9285714285714286,0.9631336405529954,1.0,0.061000000000000054,0.025000000000000022,0.003,0.003,0.794,14826,1.0,0.95,0.0,0.0,0.022,0.017,0.028,0.794
882,3,inaturalist,225304,225560,256,0.2265625,0.5099999904632568,187,65,1.0,0.8923076923076924,0.9444444444444444,1.0,0.07799999999999996,0.025000000000000022,0.002,0.002,0.794,14826,1.0,0.9433333333333334,0.0,0.0,0.017,0.014,0.026,0.794
883,3,inaturalist,225560,225816,256,0.16015625,0.5099999904632568,213,41,1.0,1.0,0.9906976744186047,1.0,0.09799999999999998,0.02100000000000002,0.003,0.002,0.787,14827,1.0,0.9466666666666667,0.0,0.0,0.02,0.015,0.021,0.787
884,3,inaturalist,225816,226072,256,0.17578125,0.5099999904632568,203,49,1.0,0.9183673469387755,0.9620853080568721,1.0,0.07499999999999996,0.019000000000000017,0.003,0.002,0.791,14828,1.0,0.9366666666666666,0.0,0.0,0.02,0.014,0.023,0.791
885,3,inaturalist,226072,226328,256,0.1328125,0.5099999904632568,214,37,1.0,0.918918918918919,0.963963963963964,1.0,0.08799999999999997,0.03300000000000003,0.005,0.004,0.803,14828,1.0,0.93,0.0,0.0,0.022,0.018,0.016,0.803
886,3,inaturalist,226328,226584,256,0.16796875,0.5099999904632568,203,48,1.0,0.8958333333333334,0.9530516431924883,1.0,0.06899999999999995,0.025000000000000022,0.005,0.004,0.796,14829,1.0,0.9266666666666666,0.0,0.0,0.02,0.017,0.022,0.796
887,3,inaturalist,226584,226840,256,0.1640625,0.5099999904632568,208,43,1.0,0.9767441860465116,0.9719626168224299,1.0,0.07299999999999995,0.02400000000000002,0.005,0.004,0.782,14830,1.0,0.93,0.0,0.0,0.019,0.015,0.019,0.782
888,3,inaturalist,226840,227096,256,0.18359375,0.5099999904632568,202,48,0.995049504950495,0.9583333333333334,0.9617224880382775,0.9787234042553191,0.06499999999999995,0.016000000000000014,0.005,0.004,0.775,14830,0.9966666666666667,0.9366666666666666,0.0,0.0,0.017,0.014,0.016,0.775
889,3,inaturalist,227096,227352,256,0.125,0.5099999904632568,215,36,1.0,0.8888888888888888,0.9598214285714286,1.0,0.08199999999999996,0.02300000000000002,0.005,0.004,0.777,14832,0.9966666666666667,0.9366666666666666,0.0,0.0,0.019,0.015,0.023,0.777
890,3,inaturalist,227352,227608,256,0.18359375,0.5099999904632568,201,50,1.0,0.94,0.9617224880382775,1.0,0.07399999999999995,0.029000000000000026,0.004,0.004,0.792,14832,1.0,0.9266666666666666,0.0,0.0,0.017,0.014,0.028,0.792
891,3,inaturalist,227608,227864,256,0.14453125,0.5099999904632568,212,38,1.0,0.9473684210526315,0.9680365296803652,0.972972972972973,0.06999999999999995,0.02100000000000002,0.003,0.003,0.807,14832,1.0,0.9333333333333333,0.0,0.0,0.016,0.011,0.026,0.807
892,3,inaturalist,227864,228120,256,0.171875,0.5099999904632568,204,47,1.0,0.9361702127659575,0.9622641509433962,1.0,0.05800000000000005,0.020000000000000018,0.003,0.003,0.813,14832,1.0,0.9366666666666666,0.0,0.0,0.015,0.011,0.026,0.813
893,3,inaturalist,228120,228376,256,0.1484375,0.5099999904632568,212,42,1.0,0.9047619047619048,0.9724770642201835,1.0,0.08399999999999996,0.027000000000000024,0.003,0.003,0.821,14832,1.0,0.9366666666666666,0.0,0.0,0.015,0.013,0.03,0.821
894,3,inaturalist,228376,228632,256,0.140625,0.5099999904632568,216,38,1.0,0.9473684210526315,0.9818181818181818,1.0,0.08699999999999997,0.030000000000000027,0.003,0.003,0.824,14833,1.0,0.9333333333333333,0.0,0.0,0.021,0.019,0.032,0.824
895,3,inaturalist,228632,228888,256,0.1796875,0.5099999904632568,202,51,1.0,0.9019607843137255,0.9619047619047619,1.0,0.06499999999999995,0.02200000000000002,0.003,0.003,0.825,14835,1.0,0.9233333333333333,0.0,0.0,0.021,0.018,0.032,0.825
896,3,inaturalist,228888,229144,256,0.19140625,0.5099999904632568,195,55,1.0,0.8727272727272727,0.9420289855072463,0.9795918367346939,0.07299999999999995,0.020000000000000018,0.003,0.003,0.824,14835,1.0,0.92,0.0,0.0,0.023,0.017,0.032,0.824
897,3,inaturalist,229144,229400,256,0.19140625,0.5099999904632568,195,56,1.0,0.875,0.9420289855072463,1.0,0.07199999999999995,0.02200000000000002,0.003,0.003,0.826,14836,1.0,0.9033333333333333,0.0,0.0,0.021,0.015,0.031,0.826
898,3,inaturalist,229400,229656,256,0.16796875,0.5099999904632568,206,46,0.9951456310679612,0.9130434782608695,0.9624413145539906,0.9767441860465116,0.07699999999999996,0.02100000000000002,0.003,0.003,0.816,14838,0.9966666666666667,0.9,0.0,0.0,0.023,0.016,0.032,0.816
899,3,inaturalist,229656,229912,256,0.140625,0.5099999904632568,205,42,0.9951219512195122,0.8095238095238095,0.9272727272727272,0.9444444444444444,0.06299999999999994,0.017000000000000015,0.004,0.004,0.799,14838,0.9933333333333333,0.8833333333333333,0.0,0.0,0.022,0.015,0.031,0.799
900,3,inaturalist,229912,230168,256,0.12109375,0.5099999904632568,214,36,1.0,0.8611111111111112,0.9511111111111111,1.0,0.06499999999999995,0.027000000000000024,0.004,0.004,0.792,14838,0.9966666666666667,0.88,0.0,0.0,0.024,0.015,0.029,0.792
901,3,inaturalist,230168,230424,256,0.15234375,0.5099999904632568,207,39,1.0,0.9743589743589743,0.9539170506912442,0.9743589743589743,0.06699999999999995,0.02300000000000002,0.004,0.004,0.79,14841,1.0,0.8833333333333333,0.0,0.0,0.021,0.015,0.029,0.79
902,3,inaturalist,230424,230680,256,0.15625,0.5099999904632568,210,41,1.0,0.975609756097561,0.9722222222222222,1.0,0.07599999999999996,0.029000000000000026,0.004,0.004,0.795,14842,1.0,0.8966666666666666,0.0,0.0,0.022,0.015,0.03,0.795
903,3,inaturalist,230680,230936,256,0.1640625,0.5099999904632568,205,48,0.9951219512195122,0.8541666666666666,0.9532710280373832,0.9761904761904762,0.08399999999999996,0.030000000000000027,0.004,0.004,0.795,14842,0.9966666666666667,0.8966666666666666,0.0,0.0,0.022,0.014,0.031,0.795
904,3,inaturalist,230936,231192,256,0.171875,0.5099999904632568,201,46,1.0,0.9565217391304348,0.9481132075471698,1.0,0.08499999999999996,0.02100000000000002,0.004,0.004,0.801,14842,0.9966666666666667,0.9066666666666666,0.0,0.0,0.027,0.017,0.031,0.801
905,3,inaturalist,231192,231448,256,0.17578125,0.5099999904632568,204,51,1.0,0.8823529411764706,0.966824644549763,1.0,0.07199999999999995,0.029000000000000026,0.004,0.004,0.809,14844,1.0,0.9033333333333333,0.0,0.0,0.028,0.018,0.034,0.809
906,3,inaturalist,231448,231704,256,0.21484375,0.5099999904632568,191,57,0.9947643979057592,0.9473684210526315,0.945273631840796,0.9818181818181818,0.08299999999999996,0.02200000000000002,0.004,0.004,0.805,14845,0.9966666666666667,0.9266666666666666,0.0,0.0,0.023,0.015,0.032,0.805
907,3,inaturalist,231704,231960,256,0.16015625,0.5099999904632568,208,42,0.9951923076923077,0.9523809523809523,0.9627906976744186,0.975609756097561,0.07899999999999996,0.02300000000000002,0.003,0.003,0.812,14847,0.9966666666666667,0.93,0.0,0.0,0.019,0.012,0.029,0.812
908,3,inaturalist,231960,232216,256,0.20703125,0.5099999904632568,197,56,0.9949238578680203,0.9285714285714286,0.9655172413793104,0.9811320754716981,0.06799999999999995,0.020000000000000018,0.003,0.003,0.818,14851,0.9933333333333333,0.92,0.0,0.0,0.019,0.011,0.029,0.818
909,3,inaturalist,232216,232472,256,0.15234375,0.5099999904632568,207,44,1.0,0.8636363636363636,0.9539170506912442,0.9743589743589743,0.07999999999999996,0.025000000000000022,0.002,0.002,0.814,14851,0.9966666666666667,0.9233333333333333,0.0,0.0,0.019,0.009,0.027,0.814
910,3,inaturalist,232472,232728,256,0.1796875,0.5099999904632568,201,50,0.9950248756218906,0.9,0.9523809523809523,0.9782608695652174,0.06599999999999995,0.02300000000000002,0.002,0.002,0.824,14852,0.9966666666666667,0.9133333333333333,0.0,0.0,0.016,0.009,0.025,0.824
911,3,inaturalist,232728,232984,256,0.17578125,0.5099999904632568,204,50,1.0,0.9,0.966824644549763,1.0,0.08399999999999996,0.02200000000000002,0.002,0.002,0.827,14853,1.0,0.9166666666666666,0.0,0.0,0.018,0.007,0.022,0.827
912,3,inaturalist,232984,233240,256,0.13671875,0.5099999904632568,210,39,1.0,0.8974358974358975,0.9502262443438914,1.0,0.07699999999999996,0.02400000000000002,0.002,0.002,0.819,14855,1.0,0.9066666666666666,0.0,0.0,0.018,0.008,0.02,0.819
913,3,inaturalist,233240,233496,256,0.109375,0.5099999904632568,226,30,0.995575221238938,0.9,0.9868421052631579,0.9642857142857143,0.06499999999999995,0.027000000000000024,0.002,0.002,0.818,14855,0.9966666666666667,0.9066666666666666,0.0,0.0,0.019,0.008,0.019,0.818
914,3,inaturalist,233496,233752,256,0.10546875,0.5099999904632568,218,29,0.9954128440366973,0.8620689655172413,0.9475982532751092,0.9259259259259259,0.051000000000000045,0.020000000000000018,0.002,0.002,0.81,14857,0.9966666666666667,0.8933333333333333,0.0,0.0,0.02,0.01,0.022,0.81
915,3,inaturalist,233752,234008,256,0.2109375,0.5099999904632568,197,57,1.0,0.9473684210526315,0.9752475247524752,1.0,0.049000000000000044,0.019000000000000017,0.002,0.002,0.814,14857,1.0,0.8966666666666666,0.0,0.0,0.018,0.01,0.024,0.814
916,3,inaturalist,234008,234264,256,0.14453125,0.5099999904632568,210,44,1.0,0.8409090909090909,0.958904109589041,1.0,0.07699999999999996,0.02300000000000002,0.002,0.002,0.803,14857,1.0,0.8966666666666666,0.0,0.0,0.015,0.009,0.024,0.803
917,3,inaturalist,234264,234520,256,0.16015625,0.5099999904632568,208,44,1.0,0.9318181818181818,0.9674418604651163,1.0,0.08099999999999996,0.02100000000000002,0.003,0.003,0.802,14859,1.0,0.9,0.0,0.0,0.02,0.014,0.025,0.802
918,3,inaturalist,234520,234776,256,0.2109375,0.5099999904632568,195,56,1.0,0.9642857142857143,0.9653465346534653,1.0,0.07599999999999996,0.020000000000000018,0.003,0.003,0.812,14861,1.0,0.91,0.0,0.0,0.018,0.011,0.027,0.812
919,3,inaturalist,234776,235032,256,0.1796875,0.5099999904632568,203,51,1.0,0.9019607843137255,0.9666666666666667,1.0,0.09699999999999998,0.02400000000000002,0.004,0.004,0.815,14863,1.0,0.9166666666666666,0.0,0.0,0.017,0.014,0.029,0.815
920,3,inaturalist,235032,235288,256,0.234375,0.5099999904632568,189,65,1.0,0.9230769230769231,0.9642857142857143,1.0,0.08399999999999996,0.018000000000000016,0.003,0.003,0.812,14865,1.0,0.9233333333333333,0.0,0.0,0.016,0.012,0.031,0.812
921,3,inaturalist,235288,235544,256,0.10546875,0.5099999904632568,221,28,1.0,0.9642857142857143,0.9650655021834061,1.0,0.09399999999999997,0.03400000000000003,0.004,0.004,0.804,14866,1.0,0.92,0.0,0.0,0.02,0.016,0.032,0.804
922,3,inaturalist,235544,235640,96,0.11458333333333333,0.5099999904632568,82,12,1.0,0.9166666666666666,0.9647058823529412,1.0,0.05800000000000005,0.03300000000000003,0.003,0.003,0.806,14868,1.0,0.92,0.0,0.0,0.021,0.017,0.026,0.806
