batch,segment,segment_name,start,end,n,frac_ood,thr,n_admit_id,n_admit_ood,prec_admit_id,prec_admit_ood,recall_admit_id,recall_admit_ood,churn,churn_sel0_vs_sel,surv_first,surv_init,oracle_overlap,unique,pos_purity,neg_purity,pos_init_frac,neg_init_frac,overlap_oracle_seg0,overlap_oracle_seg1,overlap_oracle_seg2,overlap_oracle_seg3
0,0,textures_all,0,256,256,0.06640625,0.6599999666213989,157,57,1.0,0.24561403508771928,0.6569037656903766,0.8235294117647058,0.010000000000000009,0.010000000000000009,1.0,0.99,0.191,1010,1.0,0.24561403508771928,0.4766666666666667,0.20833333333333334,0.191,0.004,0.015,0.017
1,0,textures_all,256,512,256,0.0859375,0.6599999666213989,170,55,0.9941176470588236,0.38181818181818183,0.7222222222222222,0.9545454545454546,0.46399999999999997,0.026000000000000023,0.536,0.527,0.291,1474,0.9966666666666667,0.3125,0.0,0.11811023622047244,0.291,0.001,0.022,0.03
2,0,textures_all,512,768,256,0.0859375,0.6699999570846558,156,61,1.0,0.32786885245901637,0.6666666666666666,0.9090909090909091,0.279,0.029000000000000026,0.415,0.408,0.384,1746,0.9966666666666667,0.3179190751445087,0.0,0.0797872340425532,0.384,0.003,0.029,0.032
3,0,textures_all,768,1024,256,0.125,0.6599999666213989,161,57,0.9937888198757764,0.5263157894736842,0.7142857142857143,0.9375,0.22699999999999998,0.039000000000000035,0.33,0.323,0.463,1956,0.9966666666666667,0.3695652173913043,0.0,0.061224489795918366,0.463,0.005,0.037,0.039
4,0,textures_all,1024,1280,256,0.078125,0.6599999666213989,176,54,0.9886363636363636,0.3333333333333333,0.7372881355932204,0.9,0.18400000000000005,0.04200000000000004,0.276,0.269,0.52,2120,0.9933333333333333,0.3626760563380282,0.0,0.05016722408026756,0.52,0.021,0.039,0.044
5,0,textures_all,1280,1536,256,0.109375,0.6499999761581421,168,59,0.9940476190476191,0.4576271186440678,0.7324561403508771,0.9642857142857143,0.13,0.041000000000000036,0.248,0.241,0.541,2229,0.99,0.39666666666666667,0.0,0.0,0.541,0.021,0.043,0.047
6,0,textures_all,1536,1792,256,0.078125,0.6499999761581421,166,52,1.0,0.36538461538461536,0.7033898305084746,0.95,0.18300000000000005,0.027000000000000024,0.123,0.119,0.551,2372,0.9966666666666667,0.4066666666666667,0.0,0.0,0.551,0.023,0.048,0.052
7,0,textures_all,1792,2048,256,0.09765625,0.6399999856948853,174,56,0.9942528735632183,0.4107142857142857,0.7489177489177489,0.92,0.124,0.029000000000000026,0.107,0.103,0.547,2482,0.9966666666666667,0.41,0.0,0.0,0.547,0.02,0.048,0.054
8,0,textures_all,2048,2304,256,0.08984375,0.6399999856948853,181,44,0.988950276243094,0.45454545454545453,0.7682403433476395,0.8695652173913043,0.133,0.03400000000000003,0.094,0.091,0.546,2588,0.9933333333333333,0.41333333333333333,0.0,0.0,0.546,0.031,0.048,0.052
9,0,textures_all,2304,2560,256,0.09765625,0.6399999856948853,159,66,1.0,0.3484848484848485,0.6883116883116883,0.92,0.13,0.02400000000000002,0.088,0.085,0.535,2686,0.9933333333333333,0.4066666666666667,0.0,0.0,0.535,0.035,0.047,0.051
10,0,textures_all,2560,2816,256,0.08984375,0.6299999952316284,186,49,0.9946236559139785,0.4489795918367347,0.7939914163090128,0.9565217391304348,0.14800000000000002,0.03600000000000003,0.1,0.096,0.546,2782,0.9966666666666667,0.4066666666666667,0.0,0.0,0.546,0.012,0.043,0.053
11,0,textures_all,2816,3072,256,0.09375,0.6299999952316284,174,46,1.0,0.5,0.75,0.9583333333333334,0.129,0.03400000000000003,0.094,0.091,0.549,2857,0.9966666666666667,0.42,0.0,0.0,0.549,0.017,0.044,0.05
12,0,textures_all,3072,3328,256,0.1171875,0.6299999952316284,172,57,0.9825581395348837,0.45614035087719296,0.7477876106194691,0.8666666666666667,0.10299999999999998,0.02300000000000002,0.089,0.085,0.536,2933,0.99,0.43333333333333335,0.0,0.0,0.536,0.019,0.048,0.049
13,0,textures_all,3328,3584,256,0.1171875,0.6299999952316284,162,59,0.9876543209876543,0.4745762711864407,0.7079646017699115,0.9333333333333333,0.119,0.028000000000000025,0.087,0.084,0.544,3005,0.99,0.45,0.0,0.0,0.544,0.019,0.047,0.049
14,0,textures_all,3584,3840,256,0.1015625,0.6200000047683716,185,48,0.9891891891891892,0.5,0.7956521739130434,0.9230769230769231,0.136,0.03600000000000003,0.087,0.084,0.555,3096,0.9866666666666667,0.46,0.0,0.0,0.555,0.02,0.045,0.046
15,0,textures_all,3840,4096,256,0.140625,0.6200000047683716,175,61,1.0,0.5901639344262295,0.7954545454545454,1.0,0.121,0.028000000000000025,0.093,0.09,0.566,3148,1.0,0.5133333333333333,0.0,0.0,0.566,0.009,0.048,0.05
16,0,textures_all,4096,4352,256,0.08203125,0.6200000047683716,182,50,1.0,0.42,0.774468085106383,1.0,0.14100000000000001,0.026000000000000023,0.102,0.098,0.598,3222,1.0,0.49333333333333335,0.0,0.0,0.598,0.007,0.053,0.058
17,0,textures_all,4352,4608,256,0.1171875,0.6200000047683716,175,58,1.0,0.4827586206896552,0.7743362831858407,0.9333333333333333,0.132,0.03300000000000003,0.097,0.093,0.573,3298,1.0,0.4866666666666667,0.0,0.0,0.573,0.006,0.048,0.055
18,0,textures_all,4608,4864,256,0.11328125,0.6200000047683716,173,59,1.0,0.4576271186440678,0.762114537444934,0.9310344827586207,0.122,0.031000000000000028,0.101,0.097,0.57,3355,1.0,0.49,0.0,0.0,0.57,0.012,0.05,0.06
19,0,textures_all,4864,5120,256,0.09375,0.6100000143051147,189,45,0.9947089947089947,0.4666666666666667,0.8103448275862069,0.875,0.13,0.029000000000000026,0.116,0.112,0.59,3409,0.9966666666666667,0.48,0.0,0.0,0.59,0.009,0.051,0.064
20,0,textures_all,5120,5376,256,0.1015625,0.6200000047683716,178,48,1.0,0.5208333333333334,0.7739130434782608,0.9615384615384616,0.09799999999999998,0.029000000000000026,0.135,0.131,0.599,3445,0.9966666666666667,0.48333333333333334,0.0,0.0,0.599,0.01,0.05,0.062
21,0,textures_all,5376,5632,256,0.12890625,0.6100000143051147,174,54,1.0,0.5555555555555556,0.7802690582959642,0.9090909090909091,0.10899999999999999,0.027000000000000024,0.14,0.135,0.611,3491,1.0,0.4866666666666667,0.0,0.0,0.611,0.011,0.044,0.057
22,0,textures_all,5632,5888,256,0.09765625,0.6100000143051147,188,50,1.0,0.5,0.8138528138528138,1.0,0.12,0.026000000000000023,0.132,0.127,0.608,3556,1.0,0.5033333333333333,0.0,0.0,0.608,0.009,0.039,0.056
23,0,textures_all,5888,6144,256,0.07421875,0.6100000143051147,185,46,1.0,0.41304347826086957,0.7805907172995781,1.0,0.119,0.03200000000000003,0.144,0.139,0.63,3597,1.0,0.49,0.0,0.0,0.63,0.006,0.042,0.06
24,0,textures_all,6144,6400,256,0.109375,0.6100000143051147,175,57,0.9942857142857143,0.43859649122807015,0.7631578947368421,0.8928571428571429,0.11299999999999999,0.02400000000000002,0.139,0.133,0.621,3642,0.9966666666666667,0.48333333333333334,0.0,0.0,0.621,0.006,0.038,0.051
25,0,textures_all,6400,6656,256,0.12109375,0.6100000143051147,183,56,1.0,0.5535714285714286,0.8133333333333334,1.0,0.136,0.028000000000000025,0.141,0.135,0.601,3703,1.0,0.49666666666666665,0.0,0.0,0.601,0.006,0.036,0.05
26,0,textures_all,6656,6912,256,0.078125,0.6100000143051147,171,53,1.0,0.3584905660377358,0.7245762711864406,0.95,0.11199999999999999,0.02200000000000002,0.134,0.128,0.605,3744,1.0,0.47333333333333333,0.0,0.0,0.605,0.008,0.044,0.056
27,0,textures_all,6912,7168,256,0.08984375,0.6100000143051147,183,50,1.0,0.46,0.7854077253218884,1.0,0.121,0.03400000000000003,0.124,0.118,0.583,3797,1.0,0.4533333333333333,0.0,0.0,0.583,0.006,0.044,0.055
28,0,textures_all,7168,7424,256,0.09765625,0.6100000143051147,182,46,1.0,0.5434782608695652,0.7878787878787878,1.0,0.11299999999999999,0.026000000000000023,0.14,0.134,0.594,3838,1.0,0.46,0.0,0.0,0.594,0.008,0.045,0.056
29,0,textures_all,7424,7680,256,0.0859375,0.6100000143051147,174,54,1.0,0.4074074074074074,0.7435897435897436,1.0,0.10599999999999998,0.02100000000000002,0.134,0.128,0.581,3868,1.0,0.4666666666666667,0.0,0.0,0.581,0.007,0.039,0.048
30,0,textures_all,7680,7936,256,0.14453125,0.6100000143051147,169,62,0.9940828402366864,0.5483870967741935,0.7671232876712328,0.918918918918919,0.122,0.031000000000000028,0.129,0.123,0.594,3917,0.9966666666666667,0.47333333333333333,0.0,0.0,0.594,0.007,0.044,0.051
31,0,textures_all,7936,8192,256,0.14453125,0.6100000143051147,173,59,1.0,0.6271186440677966,0.7899543378995434,1.0,0.15200000000000002,0.028000000000000025,0.139,0.134,0.604,3961,0.9966666666666667,0.5066666666666667,0.0,0.0,0.604,0.019,0.041,0.046
32,0,textures_all,8192,8448,256,0.0625,0.6100000143051147,196,38,0.9948979591836735,0.3684210526315789,0.8125,0.875,0.14700000000000002,0.03500000000000003,0.126,0.121,0.598,4013,0.9966666666666667,0.49666666666666665,0.0,0.0,0.598,0.016,0.044,0.047
33,0,textures_all,8448,8704,256,0.05859375,0.6100000143051147,194,41,1.0,0.36585365853658536,0.8049792531120332,1.0,0.09199999999999997,0.03200000000000003,0.121,0.117,0.598,4044,0.9966666666666667,0.49,0.0,0.0,0.598,0.02,0.038,0.041
34,0,textures_all,8704,8960,256,0.12890625,0.6100000143051147,177,58,0.9943502824858758,0.5172413793103449,0.7892376681614349,0.9090909090909091,0.09999999999999998,0.029000000000000026,0.1,0.096,0.596,4081,0.9966666666666667,0.49,0.0,0.0,0.596,0.026,0.04,0.042
35,0,textures_all,8960,9216,256,0.1015625,0.6100000143051147,166,54,0.9939759036144579,0.3888888888888889,0.717391304347826,0.8076923076923077,0.124,0.03400000000000003,0.108,0.104,0.588,4129,0.9966666666666667,0.4866666666666667,0.0,0.0,0.588,0.029,0.049,0.046
36,0,textures_all,9216,9472,256,0.125,0.5999999642372131,179,46,0.9776536312849162,0.5652173913043478,0.78125,0.8125,0.10899999999999999,0.030000000000000027,0.107,0.104,0.602,4166,0.9833333333333333,0.4866666666666667,0.0,0.0,0.602,0.029,0.049,0.048
37,0,textures_all,9472,9728,256,0.109375,0.5999999642372131,180,51,0.9722222222222222,0.45098039215686275,0.7675438596491229,0.8214285714285714,0.09899999999999998,0.02400000000000002,0.106,0.103,0.592,4188,0.97,0.45,0.0,0.0,0.592,0.024,0.043,0.043
38,0,textures_all,9728,9984,256,0.08203125,0.5999999642372131,180,45,0.9944444444444445,0.4,0.7617021276595745,0.8571428571428571,0.125,0.027000000000000024,0.107,0.102,0.561,4238,0.9866666666666667,0.45,0.0,0.0,0.561,0.017,0.038,0.045
39,0,textures_all,9984,10240,256,0.11328125,0.5999999642372131,180,52,0.9944444444444445,0.5192307692307693,0.788546255506608,0.9310344827586207,0.09799999999999998,0.02300000000000002,0.108,0.104,0.567,4264,0.9966666666666667,0.47,0.0,0.0,0.567,0.011,0.039,0.045
40,0,textures_all,10240,10496,256,0.125,0.5999999642372131,154,66,0.987012987012987,0.42424242424242425,0.6785714285714286,0.875,0.121,0.02400000000000002,0.116,0.112,0.579,4298,0.99,0.44666666666666666,0.0,0.0,0.579,0.005,0.036,0.042
41,0,textures_all,10496,10752,256,0.1171875,0.5999999642372131,179,52,0.994413407821229,0.5384615384615384,0.7876106194690266,0.9333333333333333,0.15000000000000002,0.041000000000000036,0.109,0.104,0.566,4363,0.99,0.4666666666666667,0.0,0.0,0.566,0.006,0.034,0.039
42,0,textures_all,10752,11008,256,0.0859375,0.5999999642372131,181,50,0.994475138121547,0.38,0.7692307692307693,0.8636363636363636,0.129,0.030000000000000027,0.113,0.108,0.588,4396,0.9933333333333333,0.45,0.0,0.0,0.588,0.004,0.038,0.044
43,0,textures_all,11008,11264,256,0.10546875,0.5999999642372131,174,52,0.9942528735632183,0.5,0.7554585152838428,0.9629629629629629,0.09899999999999998,0.030000000000000027,0.107,0.102,0.571,4436,0.9933333333333333,0.45666666666666667,0.0,0.0,0.571,0.004,0.035,0.039
44,0,textures_all,11264,11520,256,0.0859375,0.5999999642372131,183,51,1.0,0.43137254901960786,0.782051282051282,1.0,0.129,0.03600000000000003,0.101,0.096,0.581,4475,0.9966666666666667,0.47333333333333333,0.0,0.0,0.581,0.007,0.039,0.041
45,0,textures_all,11520,11776,256,0.109375,0.5999999642372131,185,45,0.9945945945945946,0.5777777777777777,0.8070175438596491,0.9285714285714286,0.11199999999999999,0.03400000000000003,0.104,0.099,0.581,4513,0.9966666666666667,0.4866666666666667,0.0,0.0,0.581,0.005,0.036,0.036
46,0,textures_all,11776,12032,256,0.078125,0.5999999642372131,186,49,0.9946236559139785,0.3877551020408163,0.7838983050847458,0.95,0.09399999999999997,0.02400000000000002,0.097,0.092,0.573,4534,0.9933333333333333,0.4666666666666667,0.0,0.0,0.573,0.003,0.033,0.035
47,0,textures_all,12032,12288,256,0.0859375,0.5999999642372131,176,55,0.9943181818181818,0.34545454545454546,0.7478632478632479,0.8636363636363636,0.10699999999999998,0.029000000000000026,0.085,0.081,0.555,4577,0.9933333333333333,0.43666666666666665,0.0,0.0,0.555,0.01,0.033,0.035
48,0,textures_all,12288,12544,256,0.09375,0.5999999642372131,170,53,0.9882352941176471,0.41509433962264153,0.7241379310344828,0.9166666666666666,0.131,0.028000000000000025,0.078,0.074,0.528,4632,0.9933333333333333,0.44,0.0,0.0,0.528,0.007,0.026,0.026
49,0,textures_all,12544,12800,256,0.13671875,0.5999999642372131,171,56,0.9824561403508771,0.5,0.7601809954751131,0.8,0.122,0.027000000000000024,0.078,0.073,0.526,4676,0.9833333333333333,0.44666666666666666,0.0,0.0,0.526,0.01,0.028,0.028
50,0,textures_all,12800,13056,256,0.1328125,0.5999999642372131,178,53,0.9887640449438202,0.5660377358490566,0.7927927927927928,0.8823529411764706,0.11399999999999999,0.028000000000000025,0.077,0.072,0.518,4709,0.9866666666666667,0.46,0.0,0.0,0.518,0.01,0.03,0.03
51,0,textures_all,13056,13312,256,0.07421875,0.5999999642372131,183,46,1.0,0.41304347826086957,0.7721518987341772,1.0,0.122,0.03300000000000003,0.075,0.07,0.529,4750,0.9966666666666667,0.44,0.0,0.0,0.529,0.01,0.03,0.032
52,0,textures_all,13312,13568,256,0.0859375,0.5999999642372131,180,49,0.9888888888888889,0.3877551020408163,0.7606837606837606,0.8636363636363636,0.11099999999999999,0.030000000000000027,0.077,0.072,0.529,4784,0.9933333333333333,0.44666666666666666,0.0,0.0,0.529,0.014,0.033,0.038
53,0,textures_all,13568,13824,256,0.1171875,0.5999999642372131,179,50,0.994413407821229,0.54,0.7876106194690266,0.9,0.10599999999999998,0.029000000000000026,0.09,0.085,0.566,4805,0.99,0.47,0.0,0.0,0.566,0.009,0.035,0.041
54,0,textures_all,13824,14080,256,0.12109375,0.5999999642372131,171,59,0.9941520467836257,0.4915254237288136,0.7555555555555555,0.9354838709677419,0.119,0.028000000000000025,0.097,0.092,0.567,4832,0.9966666666666667,0.48,0.0,0.0,0.567,0.006,0.036,0.042
55,0,textures_all,14080,14336,256,0.08984375,0.5999999642372131,180,50,0.9888888888888889,0.42,0.7639484978540773,0.9130434782608695,0.129,0.03300000000000003,0.105,0.099,0.572,4861,0.99,0.47,0.0,0.0,0.572,0.009,0.036,0.037
56,0,textures_all,14336,14592,256,0.13671875,0.5999999642372131,170,56,1.0,0.6071428571428571,0.7692307692307693,0.9714285714285714,0.125,0.029000000000000026,0.102,0.097,0.577,4903,0.9966666666666667,0.48333333333333334,0.0,0.0,0.577,0.027,0.033,0.034
57,0,textures_all,14592,14848,256,0.1015625,0.5999999642372131,187,37,1.0,0.6756756756756757,0.8130434782608695,0.9615384615384616,0.135,0.03200000000000003,0.113,0.108,0.578,4945,1.0,0.5133333333333333,0.0,0.0,0.578,0.026,0.03,0.031
58,0,textures_all,14848,15104,256,0.09765625,0.5999999642372131,172,54,1.0,0.42592592592592593,0.7445887445887446,0.92,0.09099999999999997,0.02400000000000002,0.115,0.109,0.576,4974,1.0,0.5166666666666667,0.0,0.0,0.576,0.015,0.03,0.033
59,0,textures_all,15104,15360,256,0.09375,0.5999999642372131,178,52,1.0,0.4423076923076923,0.7672413793103449,0.9583333333333334,0.13,0.029000000000000026,0.123,0.118,0.579,4995,1.0,0.5066666666666667,0.0,0.0,0.579,0.023,0.031,0.031
60,0,textures_all,15360,15616,256,0.12109375,0.5999999642372131,183,52,1.0,0.5384615384615384,0.8133333333333334,0.9032258064516129,0.09999999999999998,0.026000000000000023,0.119,0.114,0.579,5024,1.0,0.51,0.0,0.0,0.579,0.025,0.032,0.035
61,0,textures_all,15616,15872,256,0.09375,0.5999999642372131,177,44,1.0,0.5227272727272727,0.7629310344827587,0.9583333333333334,0.11699999999999999,0.03300000000000003,0.13,0.125,0.607,5048,1.0,0.53,0.0,0.0,0.607,0.033,0.038,0.041
62,0,textures_all,15872,16128,256,0.1015625,0.5999999642372131,178,51,1.0,0.5098039215686274,0.7739130434782608,1.0,0.121,0.028000000000000025,0.145,0.14,0.633,5069,1.0,0.5066666666666667,0.0,0.0,0.633,0.022,0.049,0.048
63,0,textures_all,16128,16384,256,0.14453125,0.5999999642372131,166,67,1.0,0.5373134328358209,0.7579908675799086,0.972972972972973,0.124,0.026000000000000023,0.14,0.135,0.625,5103,1.0,0.49666666666666665,0.0,0.0,0.625,0.033,0.048,0.047
64,0,textures_all,16384,16640,256,0.09765625,0.5999999642372131,180,52,1.0,0.4423076923076923,0.7792207792207793,0.92,0.15500000000000003,0.038000000000000034,0.123,0.118,0.638,5135,1.0,0.49666666666666665,0.0,0.0,0.638,0.038,0.048,0.045
65,0,textures_all,16640,16896,256,0.125,0.5999999642372131,180,47,0.9944444444444445,0.5957446808510638,0.7991071428571429,0.875,0.131,0.04200000000000004,0.115,0.112,0.643,5163,0.9966666666666667,0.5266666666666666,0.0,0.0,0.643,0.028,0.046,0.042
66,0,textures_all,16896,17152,256,0.09765625,0.5999999642372131,193,39,1.0,0.5641025641025641,0.8354978354978355,0.88,0.10399999999999998,0.03200000000000003,0.112,0.108,0.659,5183,0.9966666666666667,0.5266666666666666,0.0,0.0,0.659,0.028,0.044,0.041
67,0,textures_all,17152,17408,256,0.07421875,0.5999999642372131,191,38,1.0,0.4473684210526316,0.8059071729957806,0.8947368421052632,0.08799999999999997,0.03200000000000003,0.099,0.096,0.659,5195,1.0,0.5166666666666667,0.0,0.0,0.659,0.033,0.045,0.041
68,0,textures_all,17408,17664,256,0.09765625,0.5999999642372131,183,43,1.0,0.5813953488372093,0.7922077922077922,1.0,0.08899999999999997,0.02300000000000002,0.098,0.095,0.647,5209,1.0,0.5333333333333333,0.0,0.0,0.647,0.036,0.041,0.042
69,0,textures_all,17664,17920,256,0.1171875,0.5999999642372131,176,55,1.0,0.509090909090909,0.7787610619469026,0.9333333333333333,0.08899999999999997,0.02300000000000002,0.102,0.099,0.649,5229,1.0,0.5133333333333333,0.0,0.0,0.649,0.03,0.038,0.041
70,0,textures_all,17920,18176,256,0.1015625,0.5999999642372131,179,48,0.994413407821229,0.5208333333333334,0.7739130434782608,0.9615384615384616,0.10899999999999999,0.02200000000000002,0.099,0.095,0.622,5262,0.9966666666666667,0.52,0.0,0.0,0.622,0.021,0.036,0.042
71,0,textures_all,18176,18432,256,0.09375,0.5999999642372131,181,45,1.0,0.5333333333333333,0.7801724137931034,1.0,0.10199999999999998,0.03200000000000003,0.117,0.112,0.649,5287,0.9966666666666667,0.5333333333333333,0.0,0.0,0.649,0.023,0.039,0.043
72,0,textures_all,18432,18688,256,0.09375,0.5999999642372131,178,48,1.0,0.5,0.7672413793103449,1.0,0.10499999999999998,0.02200000000000002,0.127,0.122,0.65,5307,1.0,0.5233333333333333,0.0,0.0,0.65,0.023,0.039,0.045
73,0,textures_all,18688,18944,256,0.109375,0.5999999642372131,184,47,0.9945652173913043,0.5531914893617021,0.8026315789473685,0.9285714285714286,0.09699999999999998,0.03400000000000003,0.117,0.112,0.63,5331,0.9966666666666667,0.5233333333333333,0.0,0.0,0.63,0.023,0.04,0.046
74,0,textures_all,18944,19200,256,0.09765625,0.5999999642372131,182,45,1.0,0.5555555555555556,0.7878787878787878,1.0,0.09699999999999998,0.02400000000000002,0.109,0.105,0.622,5350,0.9966666666666667,0.5266666666666666,0.0,0.0,0.622,0.01,0.038,0.044
75,0,textures_all,19200,19456,256,0.109375,0.5899999737739563,190,47,1.0,0.5531914893617021,0.8333333333333334,0.9285714285714286,0.11299999999999999,0.026000000000000023,0.095,0.091,0.607,5381,1.0,0.54,0.0,0.0,0.607,0.009,0.035,0.04
76,0,textures_all,19456,19712,256,0.08984375,0.5899999737739563,175,50,0.9942857142857143,0.44,0.7467811158798283,0.9565217391304348,0.08399999999999996,0.02300000000000002,0.1,0.095,0.619,5401,0.9966666666666667,0.5133333333333333,0.0,0.0,0.619,0.009,0.038,0.042
77,0,textures_all,19712,19968,256,0.07421875,0.5899999737739563,190,46,1.0,0.41304347826086957,0.8016877637130801,1.0,0.10499999999999998,0.03300000000000003,0.096,0.092,0.576,5424,0.9966666666666667,0.5066666666666667,0.0,0.0,0.576,0.009,0.035,0.038
78,0,textures_all,19968,20224,256,0.08984375,0.5899999737739563,180,51,1.0,0.45098039215686275,0.7725321888412017,1.0,0.11699999999999999,0.03200000000000003,0.086,0.082,0.564,5449,1.0,0.49333333333333335,0.0,0.0,0.564,0.014,0.031,0.035
79,0,textures_all,20224,20480,256,0.1171875,0.5899999737739563,175,58,1.0,0.5,0.7743362831858407,0.9666666666666667,0.119,0.02100000000000002,0.083,0.079,0.56,5487,1.0,0.49,0.0,0.0,0.56,0.01,0.032,0.034
80,0,textures_all,20480,20736,256,0.078125,0.5899999737739563,184,46,0.9891304347826086,0.3695652173913043,0.7711864406779662,0.85,0.133,0.029000000000000026,0.086,0.082,0.542,5526,0.9933333333333333,0.45666666666666667,0.0,0.0,0.542,0.008,0.031,0.035
81,0,textures_all,20736,20992,256,0.09375,0.5899999737739563,180,49,0.9944444444444445,0.46938775510204084,0.771551724137931,0.9583333333333334,0.10299999999999998,0.03500000000000003,0.093,0.089,0.533,5547,0.99,0.44333333333333336,0.0,0.0,0.533,0.006,0.037,0.04
82,0,textures_all,20992,21248,256,0.09765625,0.5899999737739563,185,51,0.9891891891891892,0.43137254901960786,0.7922077922077922,0.88,0.11099999999999999,0.029000000000000026,0.088,0.084,0.508,5568,0.99,0.44333333333333336,0.0,0.0,0.508,0.004,0.036,0.039
83,0,textures_all,21248,21504,256,0.08203125,0.5899999737739563,182,43,1.0,0.46511627906976744,0.774468085106383,0.9523809523809523,0.11099999999999999,0.029000000000000026,0.083,0.078,0.511,5587,1.0,0.44666666666666666,0.0,0.0,0.511,0.003,0.037,0.04
84,0,textures_all,21504,21760,256,0.08203125,0.5899999737739563,177,55,0.9943502824858758,0.36363636363636365,0.7489361702127659,0.9523809523809523,0.10499999999999998,0.025000000000000022,0.085,0.08,0.523,5616,0.9966666666666667,0.43333333333333335,0.0,0.0,0.523,0.002,0.038,0.039
85,0,textures_all,21760,22016,256,0.08203125,0.5899999737739563,176,55,1.0,0.36363636363636365,0.7489361702127659,0.9523809523809523,0.14300000000000002,0.02100000000000002,0.1,0.097,0.542,5642,0.9966666666666667,0.41,0.0,0.0,0.542,0.005,0.042,0.046
86,0,textures_all,22016,22272,256,0.12890625,0.5899999737739563,184,54,0.9945652173913043,0.5925925925925926,0.820627802690583,0.9696969696969697,0.118,0.028000000000000025,0.103,0.1,0.551,5670,0.9966666666666667,0.44666666666666666,0.0,0.0,0.551,0.012,0.046,0.051
87,0,textures_all,22272,22528,256,0.09765625,0.5899999737739563,184,49,0.9891304347826086,0.46938775510204084,0.7878787878787878,0.92,0.11699999999999999,0.03700000000000003,0.108,0.103,0.577,5691,0.9933333333333333,0.44666666666666666,0.0,0.0,0.577,0.017,0.047,0.05
88,0,textures_all,22528,22784,256,0.09765625,0.5899999737739563,167,62,1.0,0.3548387096774194,0.7229437229437229,0.88,0.11699999999999999,0.026000000000000023,0.11,0.104,0.594,5703,0.9966666666666667,0.4266666666666667,0.0,0.0,0.594,0.018,0.044,0.046
89,0,textures_all,22784,23040,256,0.12890625,0.5899999737739563,171,56,0.9883040935672515,0.5357142857142857,0.757847533632287,0.9090909090909091,0.134,0.03200000000000003,0.106,0.102,0.582,5735,0.9933333333333333,0.45,0.0,0.0,0.582,0.021,0.045,0.048
90,0,textures_all,23040,23296,256,0.08984375,0.5899999737739563,179,54,1.0,0.42592592592592593,0.7682403433476395,1.0,0.123,0.03300000000000003,0.107,0.103,0.569,5769,0.9933333333333333,0.4666666666666667,0.0,0.0,0.569,0.008,0.041,0.043
91,0,textures_all,23296,23552,256,0.09765625,0.5899999737739563,185,44,0.9891891891891892,0.45454545454545453,0.7922077922077922,0.8,0.138,0.03500000000000003,0.111,0.106,0.562,5802,0.9933333333333333,0.45666666666666667,0.0,0.0,0.562,0.009,0.037,0.037
92,0,textures_all,23552,23808,256,0.078125,0.5899999737739563,178,47,0.9943820224719101,0.40425531914893614,0.75,0.95,0.10499999999999998,0.026000000000000023,0.092,0.088,0.535,5820,0.99,0.44,0.0,0.0,0.535,0.013,0.028,0.027
93,0,textures_all,23808,24064,256,0.11328125,0.5899999737739563,184,49,1.0,0.5918367346938775,0.8105726872246696,1.0,0.11299999999999999,0.03700000000000003,0.079,0.075,0.531,5850,0.9966666666666667,0.4666666666666667,0.0,0.0,0.531,0.013,0.026,0.03
94,0,textures_all,24064,24320,256,0.1015625,0.5899999737739563,196,44,0.9948979591836735,0.5454545454545454,0.8478260869565217,0.9230769230769231,0.122,0.03700000000000003,0.086,0.081,0.541,5870,0.9966666666666667,0.4866666666666667,0.0,0.0,0.541,0.012,0.028,0.03
95,0,textures_all,24320,24576,256,0.0703125,0.5899999737739563,184,46,1.0,0.391304347826087,0.773109243697479,1.0,0.09999999999999998,0.038000000000000034,0.091,0.085,0.548,5897,1.0,0.4633333333333333,0.0,0.0,0.548,0.01,0.028,0.029
96,0,textures_all,24576,24832,256,0.09765625,0.5899999737739563,192,39,1.0,0.5897435897435898,0.8311688311688312,0.92,0.124,0.03500000000000003,0.082,0.078,0.543,5916,1.0,0.48333333333333334,0.0,0.0,0.543,0.01,0.031,0.031
97,0,textures_all,24832,25088,256,0.0859375,0.5899999737739563,185,49,1.0,0.4489795918367347,0.7905982905982906,1.0,0.11699999999999999,0.031000000000000028,0.081,0.077,0.554,5933,1.0,0.49,0.0,0.0,0.554,0.011,0.031,0.031
98,0,textures_all,25088,25344,256,0.125,0.5899999737739563,177,51,0.9943502824858758,0.5490196078431373,0.7857142857142857,0.875,0.14700000000000002,0.03300000000000003,0.088,0.084,0.567,5957,0.9966666666666667,0.5066666666666667,0.0,0.0,0.567,0.011,0.036,0.038
99,0,textures_all,25344,25600,256,0.08984375,0.5899999737739563,181,48,0.988950276243094,0.4166666666666667,0.7682403433476395,0.8695652173913043,0.122,0.03700000000000003,0.091,0.086,0.573,5975,0.9933333333333333,0.49,0.0,0.0,0.573,0.006,0.034,0.038
100,0,textures_all,25600,25856,256,0.10546875,0.5899999737739563,183,51,0.994535519125683,0.49019607843137253,0.7947598253275109,0.9259259259259259,0.10799999999999998,0.030000000000000027,0.099,0.093,0.575,6002,0.9933333333333333,0.49,0.0,0.0,0.575,0.005,0.034,0.035
101,0,textures_all,25856,26112,256,0.11328125,0.5899999737739563,177,58,1.0,0.5,0.7797356828193832,1.0,0.10199999999999998,0.03300000000000003,0.103,0.098,0.59,6018,1.0,0.5,0.0,0.0,0.59,0.007,0.033,0.036
102,0,textures_all,26112,26368,256,0.09375,0.5899999737739563,184,44,1.0,0.5227272727272727,0.7931034482758621,0.9583333333333334,0.134,0.031000000000000028,0.118,0.114,0.604,6035,1.0,0.4866666666666667,0.0,0.0,0.604,0.012,0.032,0.036
103,0,textures_all,26368,26624,256,0.09375,0.5899999737739563,179,55,1.0,0.43636363636363634,0.771551724137931,1.0,0.10099999999999998,0.027000000000000024,0.118,0.113,0.589,6046,1.0,0.4766666666666667,0.0,0.0,0.589,0.009,0.024,0.026
104,0,textures_all,26624,26880,256,0.1171875,0.5899999737739563,177,52,0.9943502824858758,0.5576923076923077,0.7787610619469026,0.9666666666666667,0.11399999999999999,0.03500000000000003,0.113,0.108,0.598,6067,0.9966666666666667,0.49666666666666665,0.0,0.0,0.598,0.01,0.023,0.026
105,0,textures_all,26880,27136,256,0.0859375,0.5899999737739563,181,48,1.0,0.4375,0.7735042735042735,0.9545454545454546,0.11699999999999999,0.027000000000000024,0.104,0.101,0.603,6083,1.0,0.49,0.0,0.0,0.603,0.012,0.032,0.034
106,0,textures_all,27136,27392,256,0.0703125,0.5899999737739563,179,44,1.0,0.3409090909090909,0.7521008403361344,0.8333333333333334,0.11699999999999999,0.02300000000000002,0.116,0.113,0.612,6103,1.0,0.47,0.0,0.0,0.612,0.014,0.036,0.039
107,0,textures_all,27392,27648,256,0.125,0.5899999737739563,175,56,0.9942857142857143,0.5178571428571429,0.7767857142857143,0.90625,0.10899999999999999,0.029000000000000026,0.105,0.102,0.592,6121,0.9966666666666667,0.47,0.0,0.0,0.592,0.012,0.036,0.038
108,0,textures_all,27648,27904,256,0.08984375,0.5899999737739563,181,47,0.994475138121547,0.425531914893617,0.7725321888412017,0.8695652173913043,0.122,0.031000000000000028,0.097,0.092,0.58,6140,0.9933333333333333,0.4533333333333333,0.0,0.0,0.58,0.008,0.041,0.042
109,0,textures_all,27904,28160,256,0.08984375,0.5899999737739563,178,62,1.0,0.3709677419354839,0.7639484978540773,1.0,0.121,0.031000000000000028,0.094,0.089,0.577,6157,0.9966666666666667,0.44333333333333336,0.0,0.0,0.577,0.01,0.05,0.052
110,0,textures_all,28160,28416,256,0.1171875,0.5899999737739563,181,53,0.994475138121547,0.5283018867924528,0.7964601769911505,0.9333333333333333,0.135,0.030000000000000027,0.095,0.09,0.571,6185,0.9966666666666667,0.44333333333333336,0.0,0.0,0.571,0.027,0.05,0.049
111,0,textures_all,28416,28672,256,0.12109375,0.5899999737739563,173,54,0.9942196531791907,0.48148148148148145,0.7644444444444445,0.8387096774193549,0.13,0.028000000000000025,0.091,0.087,0.574,6201,0.9966666666666667,0.44666666666666666,0.0,0.0,0.574,0.022,0.04,0.038
112,0,textures_all,28672,28928,256,0.1171875,0.5899999737739563,171,61,1.0,0.4918032786885246,0.7566371681415929,1.0,0.133,0.03200000000000003,0.102,0.098,0.573,6222,1.0,0.45666666666666667,0.0,0.0,0.573,0.017,0.041,0.04
113,0,textures_all,28928,29184,256,0.0703125,0.5899999737739563,192,43,1.0,0.4186046511627907,0.8067226890756303,1.0,0.137,0.030000000000000027,0.103,0.099,0.573,6247,1.0,0.45666666666666667,0.0,0.0,0.573,0.017,0.043,0.043
114,0,textures_all,29184,29440,256,0.0859375,0.5899999737739563,188,46,0.9946808510638298,0.45652173913043476,0.7991452991452992,0.9545454545454546,0.11599999999999999,0.03300000000000003,0.109,0.105,0.551,6263,0.9966666666666667,0.47,0.0,0.0,0.551,0.018,0.031,0.027
115,0,textures_all,29440,29696,256,0.08203125,0.5899999737739563,187,43,1.0,0.46511627906976744,0.7957446808510639,0.9523809523809523,0.10899999999999999,0.03400000000000003,0.111,0.107,0.576,6276,0.9966666666666667,0.4766666666666667,0.0,0.0,0.576,0.03,0.034,0.029
116,0,textures_all,29696,29952,256,0.1171875,0.5899999737739563,185,47,1.0,0.6170212765957447,0.8185840707964602,0.9666666666666667,0.10499999999999998,0.03600000000000003,0.117,0.113,0.588,6297,1.0,0.49,0.0,0.0,0.588,0.024,0.038,0.034
117,0,textures_all,29952,30208,256,0.0859375,0.5899999737739563,182,49,1.0,0.42857142857142855,0.7777777777777778,0.9545454545454546,0.119,0.041000000000000036,0.117,0.113,0.582,6323,1.0,0.47333333333333333,0.0,0.0,0.582,0.023,0.04,0.04
118,0,textures_all,30208,30464,256,0.09765625,0.5899999737739563,174,55,1.0,0.43636363636363634,0.7532467532467533,0.96,0.10599999999999998,0.030000000000000027,0.118,0.114,0.568,6344,1.0,0.4766666666666667,0.0,0.0,0.568,0.021,0.033,0.032
119,0,textures_all,30464,30720,256,0.109375,0.5899999737739563,179,55,1.0,0.509090909090909,0.7850877192982456,1.0,0.118,0.025000000000000022,0.117,0.113,0.586,6352,1.0,0.48333333333333334,0.0,0.0,0.586,0.029,0.033,0.033
120,0,textures_all,30720,30976,256,0.0859375,0.5899999737739563,177,49,0.9943502824858758,0.40816326530612246,0.7521367521367521,0.9090909090909091,0.131,0.030000000000000027,0.129,0.125,0.601,6364,0.9966666666666667,0.4766666666666667,0.0,0.0,0.601,0.034,0.031,0.035
121,0,textures_all,30976,31232,256,0.09375,0.5899999737739563,182,50,0.9945054945054945,0.44,0.7801724137931034,0.9166666666666666,0.11199999999999999,0.03200000000000003,0.127,0.122,0.59,6381,0.9933333333333333,0.4666666666666667,0.0,0.0,0.59,0.03,0.035,0.04
122,0,textures_all,31232,31488,256,0.11328125,0.5899999737739563,181,58,1.0,0.5,0.7973568281938326,1.0,0.131,0.025000000000000022,0.125,0.121,0.567,6406,0.9966666666666667,0.4533333333333333,0.0,0.0,0.567,0.011,0.031,0.037
123,0,textures_all,31488,31744,256,0.11328125,0.5899999737739563,171,54,0.9941520467836257,0.46296296296296297,0.748898678414097,0.8620689655172413,0.14700000000000002,0.03500000000000003,0.112,0.108,0.576,6431,0.9966666666666667,0.47333333333333333,0.0,0.0,0.576,0.032,0.029,0.034
124,0,textures_all,31744,32000,256,0.10546875,0.5899999737739563,175,55,0.9942857142857143,0.45454545454545453,0.759825327510917,0.9259259259259259,0.12,0.02200000000000002,0.114,0.11,0.58,6453,0.9933333333333333,0.45666666666666667,0.0,0.0,0.58,0.025,0.033,0.041
125,0,textures_all,32000,32256,256,0.09375,0.5899999737739563,186,51,0.9946236559139785,0.43137254901960786,0.7974137931034483,0.9166666666666666,0.132,0.03400000000000003,0.103,0.099,0.56,6480,0.9966666666666667,0.4533333333333333,0.0,0.0,0.56,0.022,0.034,0.041
126,0,textures_all,32256,32512,256,0.11328125,0.5899999737739563,183,49,0.994535519125683,0.5714285714285714,0.801762114537445,0.9655172413793104,0.123,0.03400000000000003,0.086,0.082,0.549,6501,0.9933333333333333,0.47333333333333333,0.0,0.0,0.549,0.022,0.031,0.038
127,0,textures_all,32512,32768,256,0.12109375,0.5899999737739563,167,63,0.9940119760479041,0.47619047619047616,0.7377777777777778,0.967741935483871,0.11499999999999999,0.028000000000000025,0.086,0.082,0.543,6526,0.9966666666666667,0.49,0.0,0.0,0.543,0.018,0.037,0.043
128,0,textures_all,32768,33024,256,0.09375,0.5899999737739563,175,56,1.0,0.42857142857142855,0.7543103448275862,1.0,0.14,0.031000000000000028,0.111,0.106,0.586,6540,1.0,0.4666666666666667,0.0,0.0,0.586,0.018,0.048,0.056
129,0,textures_all,33024,33280,256,0.078125,0.5899999737739563,178,45,1.0,0.4444444444444444,0.7542372881355932,1.0,0.139,0.04800000000000004,0.098,0.093,0.559,6557,1.0,0.4666666666666667,0.0,0.0,0.559,0.012,0.054,0.062
130,0,textures_all,33280,33536,256,0.12109375,0.5899999737739563,168,61,0.9940476190476191,0.47540983606557374,0.7422222222222222,0.9354838709677419,0.11099999999999999,0.03200000000000003,0.095,0.09,0.571,6574,0.9966666666666667,0.4866666666666667,0.0,0.0,0.571,0.021,0.06,0.066
131,0,textures_all,33536,33792,256,0.11328125,0.5899999737739563,185,48,1.0,0.6041666666666666,0.8149779735682819,1.0,0.13,0.025000000000000022,0.103,0.098,0.569,6597,0.9966666666666667,0.49666666666666665,0.0,0.0,0.569,0.014,0.055,0.065
132,0,textures_all,33792,34048,256,0.08984375,0.5899999737739563,182,38,0.9945054945054945,0.5263157894736842,0.776824034334764,0.8695652173913043,0.10899999999999999,0.03600000000000003,0.106,0.101,0.576,6609,0.9966666666666667,0.49333333333333335,0.0,0.0,0.576,0.016,0.046,0.056
133,0,textures_all,34048,34304,256,0.10546875,0.5899999737739563,185,48,0.9945945945945946,0.5208333333333334,0.8034934497816594,0.9259259259259259,0.09899999999999998,0.027000000000000024,0.101,0.096,0.57,6624,0.9933333333333333,0.49666666666666665,0.0,0.0,0.57,0.028,0.043,0.053
134,0,textures_all,34304,34560,256,0.078125,0.5899999737739563,204,31,0.9950980392156863,0.5806451612903226,0.8601694915254238,0.9,0.10199999999999998,0.030000000000000027,0.1,0.095,0.566,6637,0.9933333333333333,0.51,0.0,0.0,0.566,0.035,0.037,0.046
135,0,textures_all,34560,34816,256,0.09375,0.5899999737739563,185,43,1.0,0.5348837209302325,0.7974137931034483,0.9583333333333334,0.08599999999999997,0.03200000000000003,0.112,0.106,0.593,6644,1.0,0.5233333333333333,0.0,0.0,0.593,0.035,0.04,0.049
136,0,textures_all,34816,35072,256,0.140625,0.5899999737739563,185,50,0.9837837837837838,0.66,0.8272727272727273,0.9166666666666666,0.08399999999999996,0.03200000000000003,0.123,0.117,0.599,6660,0.99,0.56,0.0,0.0,0.599,0.037,0.035,0.044
137,0,textures_all,35072,35328,256,0.078125,0.5899999737739563,190,41,0.9947368421052631,0.43902439024390244,0.8008474576271186,0.9,0.127,0.025000000000000022,0.133,0.128,0.62,6678,0.99,0.5533333333333333,0.0,0.0,0.62,0.034,0.035,0.042
138,0,textures_all,35328,35584,256,0.1015625,0.5899999737739563,179,48,1.0,0.5416666666666666,0.7782608695652173,1.0,0.10299999999999998,0.041000000000000036,0.126,0.12,0.626,6699,0.9966666666666667,0.5433333333333333,0.0,0.0,0.626,0.035,0.032,0.039
139,0,textures_all,35584,35840,256,0.09765625,0.5899999737739563,187,48,0.9893048128342246,0.4375,0.8008658008658008,0.84,0.10499999999999998,0.03400000000000003,0.114,0.108,0.612,6719,0.9933333333333333,0.5266666666666666,0.0,0.0,0.612,0.037,0.034,0.041
140,0,textures_all,35840,36096,256,0.08203125,0.5899999737739563,192,47,0.9895833333333334,0.40425531914893614,0.8085106382978723,0.9047619047619048,0.10899999999999999,0.02400000000000002,0.123,0.117,0.617,6735,0.99,0.51,0.0,0.0,0.617,0.022,0.036,0.044
141,0,textures_all,36096,36352,256,0.13671875,0.5899999737739563,182,45,0.967032967032967,0.6222222222222222,0.7963800904977375,0.8,0.11599999999999999,0.028000000000000025,0.139,0.133,0.604,6750,0.98,0.52,0.0,0.0,0.604,0.008,0.033,0.041
142,0,textures_all,36352,36608,256,0.0859375,0.5899999737739563,175,45,1.0,0.4222222222222222,0.7478632478632479,0.8636363636363636,0.09499999999999997,0.03400000000000003,0.129,0.123,0.601,6763,0.9833333333333333,0.49666666666666665,0.0,0.0,0.601,0.01,0.034,0.043
143,0,textures_all,36608,36864,256,0.11328125,0.5899999737739563,187,48,0.9893048128342246,0.5416666666666666,0.8149779735682819,0.896551724137931,0.10299999999999998,0.031000000000000028,0.12,0.114,0.587,6774,0.9933333333333333,0.49,0.0,0.0,0.587,0.008,0.026,0.036
144,0,textures_all,36864,37120,256,0.0859375,0.5899999737739563,186,51,1.0,0.43137254901960786,0.7948717948717948,1.0,0.11299999999999999,0.03600000000000003,0.12,0.114,0.586,6783,0.9933333333333333,0.4866666666666667,0.0,0.0,0.586,0.012,0.026,0.035
145,0,textures_all,37120,37376,256,0.1015625,0.5899999737739563,184,41,0.9945652173913043,0.5365853658536586,0.7956521739130434,0.8461538461538461,0.118,0.028000000000000025,0.109,0.103,0.598,6804,0.9966666666666667,0.48333333333333334,0.0,0.0,0.598,0.008,0.03,0.037
146,0,textures_all,37376,37632,256,0.0859375,0.5899999737739563,186,47,0.9946236559139785,0.40425531914893614,0.7905982905982906,0.8636363636363636,0.08999999999999997,0.03500000000000003,0.108,0.102,0.585,6818,0.9933333333333333,0.48333333333333334,0.0,0.0,0.585,0.008,0.029,0.037
147,0,textures_all,37632,37888,256,0.08203125,0.5899999737739563,196,39,1.0,0.5384615384615384,0.8340425531914893,1.0,0.10599999999999998,0.03400000000000003,0.106,0.1,0.597,6836,0.9966666666666667,0.5,0.0,0.0,0.597,0.009,0.034,0.04
148,0,textures_all,37888,38144,256,0.09765625,0.5899999737739563,191,41,0.9947643979057592,0.5853658536585366,0.8225108225108225,0.96,0.07999999999999996,0.03600000000000003,0.099,0.093,0.598,6844,0.9966666666666667,0.49666666666666665,0.0,0.0,0.598,0.013,0.039,0.044
149,0,textures_all,38144,38400,256,0.06640625,0.5899999737739563,194,33,0.9948453608247423,0.48484848484848486,0.8075313807531381,0.9411764705882353,0.08699999999999997,0.027000000000000024,0.106,0.1,0.602,6862,0.9966666666666667,0.5,0.0,0.0,0.602,0.013,0.05,0.052
150,0,textures_all,38400,38656,256,0.13671875,0.5899999737739563,175,57,1.0,0.5964912280701754,0.7918552036199095,0.9714285714285714,0.08399999999999996,0.02200000000000002,0.107,0.101,0.597,6866,0.9966666666666667,0.5133333333333333,0.0,0.0,0.597,0.011,0.057,0.061
151,0,textures_all,38656,38912,256,0.08984375,0.5899999737739563,189,46,0.9947089947089947,0.4782608695652174,0.8068669527896996,0.9565217391304348,0.125,0.039000000000000035,0.123,0.117,0.608,6879,0.9966666666666667,0.5266666666666666,0.0,0.0,0.608,0.009,0.05,0.053
152,0,textures_all,38912,39168,256,0.109375,0.5899999737739563,180,46,1.0,0.5652173913043478,0.7894736842105263,0.9285714285714286,0.09899999999999998,0.027000000000000024,0.127,0.121,0.622,6890,0.9966666666666667,0.54,0.0,0.0,0.622,0.006,0.058,0.056
153,0,textures_all,39168,39424,256,0.1015625,0.5899999737739563,177,49,1.0,0.5102040816326531,0.7695652173913043,0.9615384615384616,0.08799999999999997,0.019000000000000017,0.135,0.129,0.632,6906,1.0,0.54,0.0,0.0,0.632,0.007,0.051,0.05
154,0,textures_all,39424,39680,256,0.125,0.5899999737739563,167,57,0.9940119760479041,0.543859649122807,0.7410714285714286,0.96875,0.123,0.029000000000000026,0.131,0.125,0.634,6919,0.9966666666666667,0.5366666666666666,0.0,0.0,0.634,0.004,0.047,0.047
155,0,textures_all,39680,39936,256,0.16015625,0.5899999737739563,168,67,1.0,0.6119402985074627,0.7813953488372093,1.0,0.11399999999999999,0.027000000000000024,0.138,0.132,0.645,6934,1.0,0.55,0.0,0.0,0.645,0.004,0.047,0.048
156,0,textures_all,39936,40192,256,0.11328125,0.5899999737739563,179,55,1.0,0.4909090909090909,0.788546255506608,0.9310344827586207,0.15600000000000003,0.03300000000000003,0.144,0.138,0.656,6952,1.0,0.5333333333333333,0.0,0.0,0.656,0.007,0.046,0.046
157,0,textures_all,40192,40448,256,0.09375,0.5899999737739563,185,42,0.9891891891891892,0.42857142857142855,0.7887931034482759,0.75,0.127,0.031000000000000028,0.116,0.11,0.641,6961,0.9933333333333333,0.5266666666666666,0.0,0.0,0.641,0.017,0.047,0.045
158,0,textures_all,40448,40704,256,0.08203125,0.5899999737739563,190,43,1.0,0.46511627906976744,0.8085106382978723,0.9523809523809523,0.10799999999999998,0.030000000000000027,0.116,0.11,0.652,6972,0.9933333333333333,0.5133333333333333,0.0,0.0,0.652,0.022,0.034,0.036
159,0,textures_all,40704,40960,256,0.109375,0.5899999737739563,186,49,1.0,0.5714285714285714,0.8157894736842105,1.0,0.10399999999999998,0.030000000000000027,0.121,0.115,0.645,6986,1.0,0.53,0.0,0.0,0.645,0.024,0.039,0.04
160,0,textures_all,40960,41216,256,0.09765625,0.5899999737739563,186,41,1.0,0.5853658536585366,0.8051948051948052,0.96,0.10699999999999998,0.03300000000000003,0.126,0.12,0.641,7003,1.0,0.5366666666666666,0.0,0.0,0.641,0.015,0.044,0.045
161,0,textures_all,41216,41472,256,0.12109375,0.5899999737739563,174,59,1.0,0.5254237288135594,0.7733333333333333,1.0,0.08899999999999997,0.030000000000000027,0.12,0.114,0.643,7014,1.0,0.51,0.0,0.0,0.643,0.019,0.042,0.04
162,0,textures_all,41472,41728,256,0.0859375,0.5899999737739563,167,56,1.0,0.39285714285714285,0.7136752136752137,1.0,0.124,0.027000000000000024,0.127,0.12,0.631,7022,1.0,0.49333333333333335,0.0,0.0,0.631,0.025,0.044,0.043
163,0,textures_all,41728,41984,256,0.13671875,0.5899999737739563,170,63,0.9941176470588236,0.5238095238095238,0.7647058823529411,0.9428571428571428,0.131,0.025000000000000022,0.124,0.118,0.615,7032,0.9966666666666667,0.51,0.0,0.0,0.615,0.027,0.044,0.043
164,0,textures_all,41984,42240,256,0.125,0.5899999737739563,185,53,0.9945945945945946,0.5660377358490566,0.8214285714285714,0.9375,0.132,0.031000000000000028,0.119,0.113,0.604,7050,0.9933333333333333,0.52,0.0,0.0,0.604,0.018,0.04,0.041
165,0,textures_all,42240,42496,256,0.13671875,0.5899999737739563,163,61,0.9938650306748467,0.5081967213114754,0.7330316742081447,0.8857142857142857,0.124,0.026000000000000023,0.115,0.108,0.617,7066,0.9933333333333333,0.5033333333333333,0.0,0.0,0.617,0.017,0.037,0.041
166,0,textures_all,42496,42752,256,0.09765625,0.5899999737739563,194,51,1.0,0.49019607843137253,0.8398268398268398,1.0,0.127,0.03600000000000003,0.115,0.108,0.626,7078,1.0,0.49666666666666665,0.0,0.0,0.626,0.016,0.035,0.04
167,0,textures_all,42752,43008,256,0.10546875,0.5899999737739563,182,52,1.0,0.4807692307692308,0.7947598253275109,0.9259259259259259,0.09799999999999998,0.027000000000000024,0.115,0.109,0.641,7084,1.0,0.51,0.0,0.0,0.641,0.024,0.036,0.038
168,0,textures_all,43008,43264,256,0.08984375,0.5899999737739563,193,38,1.0,0.6052631578947368,0.8283261802575107,1.0,0.10399999999999998,0.027000000000000024,0.114,0.109,0.622,7099,1.0,0.52,0.0,0.0,0.622,0.01,0.033,0.036
169,0,textures_all,43264,43520,256,0.12109375,0.5899999737739563,188,43,1.0,0.6976744186046512,0.8355555555555556,0.967741935483871,0.08199999999999996,0.03300000000000003,0.121,0.115,0.636,7111,1.0,0.5533333333333333,0.0,0.0,0.636,0.012,0.033,0.038
170,0,textures_all,43520,43776,256,0.10546875,0.5899999737739563,183,49,0.994535519125683,0.5102040816326531,0.7947598253275109,0.9259259259259259,0.09799999999999998,0.027000000000000024,0.132,0.126,0.641,7122,0.9966666666666667,0.5433333333333333,0.0,0.0,0.641,0.011,0.038,0.043
171,0,textures_all,43776,44032,256,0.11328125,0.5899999737739563,186,53,1.0,0.5094339622641509,0.8193832599118943,0.9310344827586207,0.10799999999999998,0.027000000000000024,0.146,0.14,0.647,7129,0.9966666666666667,0.5366666666666666,0.0,0.0,0.647,0.011,0.038,0.042
172,0,textures_all,44032,44288,256,0.09375,0.5899999737739563,185,47,0.9945945945945946,0.48936170212765956,0.7931034482758621,0.9583333333333334,0.121,0.02300000000000002,0.147,0.142,0.634,7149,0.9966666666666667,0.5366666666666666,0.0,0.0,0.634,0.009,0.036,0.037
173,0,textures_all,44288,44544,256,0.08203125,0.5899999737739563,175,49,1.0,0.40816326530612246,0.7446808510638298,0.9523809523809523,0.09799999999999998,0.028000000000000025,0.135,0.13,0.634,7162,0.9966666666666667,0.53,0.0,0.0,0.634,0.009,0.039,0.039
174,0,textures_all,44544,44800,256,0.10546875,0.5899999737739563,178,49,1.0,0.5102040816326531,0.777292576419214,0.9259259259259259,0.10999999999999999,0.02400000000000002,0.131,0.126,0.635,7174,1.0,0.52,0.0,0.0,0.635,0.007,0.033,0.035
175,0,textures_all,44800,45056,256,0.09765625,0.5899999737739563,180,51,0.9944444444444445,0.47058823529411764,0.7748917748917749,0.96,0.09899999999999998,0.028000000000000025,0.123,0.119,0.623,7184,0.9966666666666667,0.4866666666666667,0.0,0.0,0.623,0.009,0.035,0.037
176,0,textures_all,45056,45312,256,0.10546875,0.5899999737739563,180,54,0.9833333333333333,0.42592592592592593,0.7729257641921398,0.8518518518518519,0.11299999999999999,0.029000000000000026,0.128,0.123,0.611,7194,0.99,0.4633333333333333,0.0,0.0,0.611,0.012,0.036,0.042
177,0,textures_all,45312,45568,256,0.1015625,0.5899999737739563,184,52,0.9945652173913043,0.4807692307692308,0.7956521739130434,0.9615384615384616,0.11599999999999999,0.026000000000000023,0.111,0.106,0.583,7205,0.9866666666666667,0.46,0.0,0.0,0.583,0.012,0.036,0.042
178,0,textures_all,45568,45824,256,0.078125,0.5899999737739563,186,41,1.0,0.4634146341463415,0.788135593220339,0.95,0.129,0.03300000000000003,0.12,0.115,0.594,7224,0.9966666666666667,0.4633333333333333,0.0,0.0,0.594,0.012,0.031,0.041
179,0,textures_all,45824,46080,256,0.09375,0.5899999737739563,188,51,0.9946808510638298,0.43137254901960786,0.8060344827586207,0.9166666666666666,0.09399999999999997,0.030000000000000027,0.116,0.111,0.593,7238,0.9966666666666667,0.4633333333333333,0.0,0.0,0.593,0.016,0.035,0.042
180,0,textures_all,46080,46336,256,0.09765625,0.5899999737739563,175,52,1.0,0.4423076923076923,0.7575757575757576,0.92,0.13,0.03200000000000003,0.121,0.116,0.591,7258,0.9966666666666667,0.45,0.0,0.0,0.591,0.018,0.038,0.043
181,0,textures_all,46336,46592,256,0.140625,0.5899999737739563,165,60,1.0,0.6,0.75,1.0,0.12,0.026000000000000023,0.127,0.123,0.563,7272,1.0,0.48,0.0,0.0,0.563,0.012,0.032,0.04
182,0,textures_all,46592,46848,256,0.09765625,0.5899999737739563,186,50,0.9946236559139785,0.44,0.8008658008658008,0.88,0.14300000000000002,0.030000000000000027,0.13,0.125,0.583,7288,0.9966666666666667,0.48,0.0,0.0,0.583,0.011,0.039,0.048
183,0,textures_all,46848,47104,256,0.12890625,0.5899999737739563,177,56,0.9943502824858758,0.5535714285714286,0.7892376681614349,0.9393939393939394,0.10799999999999998,0.029000000000000026,0.126,0.121,0.588,7292,0.9933333333333333,0.49,0.0,0.0,0.588,0.009,0.044,0.053
184,0,textures_all,47104,47360,256,0.11328125,0.5899999737739563,183,47,0.994535519125683,0.574468085106383,0.801762114537445,0.9310344827586207,0.11599999999999999,0.041000000000000036,0.12,0.115,0.575,7310,0.9933333333333333,0.5,0.0,0.0,0.575,0.008,0.045,0.056
185,0,textures_all,47360,47616,256,0.10546875,0.5899999737739563,175,57,0.9942857142857143,0.42105263157894735,0.759825327510917,0.8888888888888888,0.10099999999999998,0.02200000000000002,0.124,0.119,0.568,7321,0.9933333333333333,0.51,0.0,0.0,0.568,0.008,0.043,0.053
186,0,textures_all,47616,47872,256,0.09765625,0.5899999737739563,177,50,0.9943502824858758,0.48,0.7619047619047619,0.96,0.132,0.020000000000000018,0.13,0.125,0.563,7341,0.9933333333333333,0.51,0.0,0.0,0.563,0.006,0.044,0.056
187,0,textures_all,47872,48128,256,0.0703125,0.5899999737739563,188,42,0.9946808510638298,0.38095238095238093,0.7857142857142857,0.8888888888888888,0.118,0.020000000000000018,0.13,0.125,0.583,7358,0.9966666666666667,0.47333333333333333,0.0,0.0,0.583,0.006,0.044,0.052
188,0,textures_all,48128,48384,256,0.0859375,0.5899999737739563,180,49,0.9944444444444445,0.42857142857142855,0.7649572649572649,0.9545454545454546,0.10299999999999998,0.02200000000000002,0.136,0.131,0.561,7366,0.9933333333333333,0.4766666666666667,0.0,0.0,0.561,0.004,0.035,0.043
189,0,textures_all,48384,48640,256,0.125,0.5899999737739563,177,51,0.9830508474576272,0.5294117647058824,0.7767857142857143,0.84375,0.119,0.040000000000000036,0.143,0.138,0.587,7377,0.99,0.47333333333333333,0.0,0.0,0.587,0.004,0.036,0.042
190,0,textures_all,48640,48896,256,0.0703125,0.5899999737739563,188,51,1.0,0.3333333333333333,0.7899159663865546,0.9444444444444444,0.11399999999999999,0.028000000000000025,0.13,0.125,0.566,7392,0.9933333333333333,0.43,0.0,0.0,0.566,0.004,0.033,0.038
191,0,textures_all,48896,49152,256,0.07421875,0.5899999737739563,183,47,1.0,0.3829787234042553,0.7721518987341772,0.9473684210526315,0.129,0.025000000000000022,0.123,0.118,0.563,7416,1.0,0.43,0.0,0.0,0.563,0.0,0.033,0.037
192,0,textures_all,49152,49408,256,0.09375,0.5899999737739563,186,52,0.9946236559139785,0.4423076923076923,0.7974137931034483,0.9583333333333334,0.11499999999999999,0.02200000000000002,0.129,0.125,0.578,7429,0.9966666666666667,0.4166666666666667,0.0,0.0,0.578,0.001,0.041,0.04
193,0,textures_all,49408,49664,256,0.109375,0.5899999737739563,177,45,0.9887005649717514,0.5777777777777777,0.7675438596491229,0.9285714285714286,0.11699999999999999,0.031000000000000028,0.125,0.12,0.577,7443,0.99,0.44,0.0,0.0,0.577,0.005,0.043,0.041
194,0,textures_all,49664,49920,256,0.078125,0.5899999737739563,176,46,1.0,0.43478260869565216,0.7457627118644068,1.0,0.10599999999999998,0.031000000000000028,0.123,0.118,0.584,7445,0.9966666666666667,0.46,0.0,0.0,0.584,0.002,0.043,0.041
195,0,textures_all,49920,50176,256,0.11328125,0.5899999737739563,174,55,0.9885057471264368,0.4909090909090909,0.7577092511013216,0.9310344827586207,0.10999999999999999,0.031000000000000028,0.116,0.111,0.571,7462,0.9933333333333333,0.44666666666666666,0.0,0.0,0.571,0.009,0.033,0.033
196,0,textures_all,50176,50432,256,0.1015625,0.5899999737739563,173,51,0.9942196531791907,0.47058823529411764,0.7478260869565218,0.9230769230769231,0.133,0.03200000000000003,0.101,0.095,0.538,7478,0.9933333333333333,0.4666666666666667,0.0,0.0,0.538,0.012,0.033,0.029
197,0,textures_all,50432,50688,256,0.1328125,0.5899999737739563,177,54,0.9887005649717514,0.5740740740740741,0.7882882882882883,0.9117647058823529,0.132,0.04300000000000004,0.111,0.106,0.542,7493,0.99,0.5033333333333333,0.0,0.0,0.542,0.019,0.032,0.033
198,0,textures_all,50688,50944,256,0.1171875,0.5899999737739563,175,53,0.9885714285714285,0.49056603773584906,0.7654867256637168,0.8666666666666667,0.10299999999999998,0.026000000000000023,0.101,0.096,0.533,7503,0.99,0.5066666666666667,0.0,0.0,0.533,0.032,0.024,0.025
199,0,textures_all,50944,51200,256,0.08203125,0.5899999737739563,191,45,0.9947643979057592,0.4222222222222222,0.8085106382978723,0.9047619047619048,0.119,0.030000000000000027,0.096,0.091,0.515,7517,0.99,0.48333333333333334,0.0,0.0,0.515,0.037,0.021,0.022
200,0,textures_all,51200,51456,256,0.1328125,0.5899999737739563,174,55,1.0,0.5818181818181818,0.7837837837837838,0.9411764705882353,0.09299999999999997,0.03500000000000003,0.093,0.087,0.503,7531,1.0,0.51,0.0,0.0,0.503,0.04,0.017,0.018
201,0,textures_all,51456,51712,256,0.10546875,0.5899999737739563,184,45,1.0,0.5555555555555556,0.8034934497816594,0.9259259259259259,0.127,0.027000000000000024,0.114,0.108,0.557,7536,1.0,0.5166666666666667,0.0,0.0,0.557,0.04,0.021,0.023
202,0,textures_all,51712,51968,256,0.125,0.5899999737739563,179,56,0.994413407821229,0.5357142857142857,0.7946428571428571,0.9375,0.10999999999999999,0.03400000000000003,0.123,0.118,0.575,7547,0.9966666666666667,0.53,0.0,0.0,0.575,0.042,0.024,0.027
203,0,textures_all,51968,52224,256,0.13671875,0.5899999737739563,181,51,0.994475138121547,0.6078431372549019,0.8144796380090498,0.8857142857142857,0.122,0.025000000000000022,0.12,0.114,0.594,7558,0.9933333333333333,0.5366666666666666,0.0,0.0,0.594,0.047,0.028,0.031
204,0,textures_all,52224,52480,256,0.1015625,0.5899999737739563,182,53,0.9945054945054945,0.4528301886792453,0.7869565217391304,0.9230769230769231,0.10099999999999998,0.02200000000000002,0.124,0.118,0.605,7568,0.9933333333333333,0.53,0.0,0.0,0.605,0.041,0.031,0.035
205,0,textures_all,52480,52736,256,0.08984375,0.5899999737739563,184,42,1.0,0.5,0.7896995708154506,0.9130434782608695,0.10499999999999998,0.018000000000000016,0.128,0.122,0.622,7581,1.0,0.5366666666666666,0.0,0.0,0.622,0.032,0.042,0.044
206,0,textures_all,52736,52992,256,0.10546875,0.5899999737739563,188,47,0.9893617021276596,0.5319148936170213,0.8122270742358079,0.9259259259259259,0.08999999999999997,0.02100000000000002,0.134,0.129,0.619,7589,0.9933333333333333,0.53,0.0,0.0,0.619,0.032,0.038,0.041
207,0,textures_all,52992,53248,256,0.078125,0.5899999737739563,187,36,0.9893048128342246,0.5,0.7838983050847458,0.9,0.10899999999999999,0.026000000000000023,0.129,0.124,0.62,7597,0.9866666666666667,0.5266666666666666,0.0,0.0,0.62,0.018,0.041,0.044
208,0,textures_all,53248,53504,256,0.12890625,0.5899999737739563,173,56,1.0,0.5892857142857143,0.7757847533632287,1.0,0.08899999999999997,0.03200000000000003,0.125,0.12,0.624,7603,0.9933333333333333,0.5333333333333333,0.0,0.0,0.624,0.02,0.041,0.044
209,0,textures_all,53504,53760,256,0.0859375,0.5899999737739563,180,43,0.9944444444444445,0.4418604651162791,0.7649572649572649,0.8636363636363636,0.118,0.03500000000000003,0.128,0.124,0.613,7615,0.9966666666666667,0.52,0.0,0.0,0.613,0.022,0.041,0.043
210,0,textures_all,53760,54016,256,0.09375,0.5899999737739563,171,50,1.0,0.46,0.7370689655172413,0.9583333333333334,0.11699999999999999,0.03500000000000003,0.139,0.135,0.611,7627,0.9966666666666667,0.49666666666666665,0.0,0.0,0.611,0.012,0.036,0.035
211,0,textures_all,54016,54272,256,0.0703125,0.5899999737739563,188,44,1.0,0.38636363636363635,0.7899159663865546,0.9444444444444444,0.119,0.029000000000000026,0.137,0.132,0.607,7640,1.0,0.5,0.0,0.0,0.607,0.012,0.037,0.038
212,0,textures_all,54272,54528,256,0.07421875,0.5899999737739563,180,49,1.0,0.3877551020408163,0.759493670886076,1.0,0.10599999999999998,0.041000000000000036,0.137,0.132,0.619,7650,1.0,0.47,0.0,0.0,0.619,0.013,0.036,0.039
213,0,textures_all,54528,54784,256,0.109375,0.5899999737739563,181,47,0.994475138121547,0.5319148936170213,0.7894736842105263,0.8928571428571429,0.11099999999999999,0.03200000000000003,0.121,0.116,0.596,7663,0.9966666666666667,0.4766666666666667,0.0,0.0,0.596,0.013,0.034,0.043
214,0,textures_all,54784,55040,256,0.08984375,0.5899999737739563,181,53,0.994475138121547,0.39622641509433965,0.7725321888412017,0.9130434782608695,0.09999999999999998,0.02400000000000002,0.122,0.117,0.599,7675,0.9933333333333333,0.44,0.0,0.0,0.599,0.012,0.033,0.044
215,0,textures_all,55040,55296,256,0.09375,0.5899999737739563,172,54,1.0,0.42592592592592593,0.7413793103448276,0.9583333333333334,0.124,0.02400000000000002,0.125,0.119,0.571,7695,1.0,0.43333333333333335,0.0,0.0,0.571,0.012,0.035,0.047
216,0,textures_all,55296,55552,256,0.08984375,0.5899999737739563,166,53,1.0,0.41509433962264153,0.7124463519313304,0.9565217391304348,0.125,0.025000000000000022,0.111,0.106,0.564,7714,1.0,0.42333333333333334,0.0,0.0,0.564,0.01,0.039,0.052
217,0,textures_all,55552,55640,88,0.11363636363636363,0.5899999737739563,63,16,0.9841269841269841,0.5,0.7948717948717948,0.8,0.123,0.04200000000000004,0.1,0.095,0.555,7736,0.9966666666666667,0.42333333333333334,0.0,0.0,0.555,0.014,0.034,0.046
218,1,inaturalist,55640,55896,256,0.171875,0.5899999737739563,168,65,0.9940476190476191,0.6307692307692307,0.7877358490566038,0.9318181818181818,0.052000000000000046,0.03500000000000003,0.089,0.084,0.039,7759,0.9933333333333333,0.47333333333333333,0.0,0.0,0.537,0.039,0.033,0.047
219,1,inaturalist,55896,56152,256,0.1953125,0.5899999737739563,166,66,0.9879518072289156,0.7121212121212122,0.7961165048543689,0.94,0.267,0.06799999999999995,0.062,0.057,0.211,7955,0.99,0.5266666666666666,0.0,0.0,0.421,0.211,0.026,0.034
220,1,inaturalist,56152,56408,256,0.20703125,0.5899999737739563,176,65,0.9943181818181818,0.8,0.8620689655172413,0.9811320754716981,0.33399999999999996,0.05800000000000005,0.029,0.026,0.462,8201,0.9933333333333333,0.62,0.0,0.0,0.255,0.462,0.028,0.026
221,1,inaturalist,56408,56664,256,0.2109375,0.5899999737739563,178,60,1.0,0.9,0.8811881188118812,1.0,0.253,0.05400000000000005,0.014,0.012,0.644,8404,0.9966666666666667,0.71,0.0,0.0,0.135,0.644,0.024,0.022
222,1,inaturalist,56664,56920,256,0.11328125,0.5899999737739563,211,37,1.0,0.7837837837837838,0.9295154185022027,1.0,0.15100000000000002,0.025000000000000022,0.006,0.004,0.725,8528,1.0,0.7533333333333333,0.0,0.0,0.07,0.725,0.016,0.013
223,1,inaturalist,56920,57176,256,0.17578125,0.5799999833106995,195,56,1.0,0.8035714285714286,0.9241706161137441,1.0,0.06899999999999995,0.025000000000000022,0.004,0.003,0.763,8574,1.0,0.7966666666666666,0.0,0.0,0.042,0.763,0.018,0.014
224,1,inaturalist,57176,57432,256,0.16796875,0.5799999833106995,208,44,1.0,0.9772727272727273,0.9765258215962441,1.0,0.10199999999999998,0.030000000000000027,0.003,0.003,0.786,8629,1.0,0.83,0.0,0.0,0.037,0.786,0.017,0.012
225,1,inaturalist,57432,57688,256,0.19140625,0.5799999833106995,193,59,1.0,0.8305084745762712,0.9323671497584541,1.0,0.08799999999999997,0.018000000000000016,0.003,0.003,0.791,8685,1.0,0.8466666666666667,0.0,0.0,0.036,0.791,0.013,0.01
226,1,inaturalist,57688,57944,256,0.16015625,0.5799999833106995,202,48,1.0,0.8333333333333334,0.9395348837209302,0.975609756097561,0.07899999999999996,0.025000000000000022,0.003,0.003,0.793,8732,1.0,0.8566666666666667,0.0,0.0,0.033,0.793,0.016,0.011
227,1,inaturalist,57944,58200,256,0.1640625,0.5799999833106995,206,45,1.0,0.9333333333333333,0.9626168224299065,1.0,0.07299999999999995,0.026000000000000023,0.002,0.002,0.799,8757,1.0,0.8633333333333333,0.0,0.0,0.028,0.799,0.017,0.01
228,1,inaturalist,58200,58456,256,0.18359375,0.5799999833106995,199,51,0.9949748743718593,0.9019607843137255,0.9473684210526315,0.9787234042553191,0.07499999999999996,0.02100000000000002,0.003,0.003,0.794,8790,0.9966666666666667,0.8733333333333333,0.0,0.0,0.031,0.794,0.019,0.013
229,1,inaturalist,58456,58712,256,0.140625,0.5799999833106995,211,42,1.0,0.8571428571428571,0.9590909090909091,1.0,0.08499999999999996,0.025000000000000022,0.002,0.002,0.792,8825,1.0,0.8766666666666667,0.0,0.0,0.03,0.792,0.022,0.016
230,1,inaturalist,58712,58968,256,0.1953125,0.5799999833106995,200,53,1.0,0.9433962264150944,0.970873786407767,1.0,0.07499999999999996,0.017000000000000015,0.004,0.004,0.803,8853,1.0,0.8833333333333333,0.0,0.0,0.031,0.803,0.022,0.016
231,1,inaturalist,58968,59224,256,0.1953125,0.5699999928474426,200,52,1.0,0.9615384615384616,0.970873786407767,1.0,0.07999999999999996,0.02300000000000002,0.003,0.003,0.8,8871,1.0,0.9033333333333333,0.0,0.0,0.028,0.8,0.023,0.014
232,1,inaturalist,59224,59480,256,0.17578125,0.5699999928474426,203,48,0.9901477832512315,0.8958333333333334,0.95260663507109,0.9555555555555556,0.07699999999999996,0.018000000000000016,0.004,0.004,0.818,8900,0.9933333333333333,0.92,0.0,0.0,0.03,0.818,0.024,0.018
233,1,inaturalist,59480,59736,256,0.13671875,0.5699999928474426,212,38,1.0,0.8947368421052632,0.9592760180995475,0.9714285714285714,0.07399999999999995,0.025000000000000022,0.004,0.004,0.821,8924,0.9966666666666667,0.9133333333333333,0.0,0.0,0.03,0.821,0.022,0.015
234,1,inaturalist,59736,59992,256,0.14453125,0.5699999928474426,210,39,1.0,0.9487179487179487,0.958904109589041,1.0,0.07099999999999995,0.025000000000000022,0.004,0.004,0.806,8952,1.0,0.9233333333333333,0.0,0.0,0.03,0.806,0.021,0.016
235,1,inaturalist,59992,60248,256,0.171875,0.5699999928474426,206,47,1.0,0.9361702127659575,0.9716981132075472,1.0,0.07499999999999996,0.027000000000000024,0.004,0.004,0.8,8976,1.0,0.9266666666666666,0.0,0.0,0.029,0.8,0.022,0.017
236,1,inaturalist,60248,60504,256,0.1875,0.5699999928474426,197,53,1.0,0.9056603773584906,0.9471153846153846,1.0,0.06699999999999995,0.02300000000000002,0.004,0.004,0.796,8994,1.0,0.9233333333333333,0.0,0.0,0.031,0.796,0.021,0.015
237,1,inaturalist,60504,60760,256,0.19140625,0.5699999928474426,197,52,1.0,0.9423076923076923,0.9516908212560387,1.0,0.06699999999999995,0.013000000000000012,0.004,0.004,0.784,9015,1.0,0.9233333333333333,0.0,0.0,0.032,0.784,0.02,0.014
238,1,inaturalist,60760,61016,256,0.16796875,0.5699999928474426,207,46,1.0,0.9347826086956522,0.971830985915493,1.0,0.08999999999999997,0.027000000000000024,0.004,0.004,0.793,9032,1.0,0.9266666666666666,0.0,0.0,0.032,0.793,0.019,0.013
239,1,inaturalist,61016,61272,256,0.1328125,0.5699999928474426,215,36,0.9953488372093023,0.8888888888888888,0.963963963963964,0.9411764705882353,0.08699999999999997,0.02300000000000002,0.003,0.003,0.793,9058,0.9966666666666667,0.9233333333333333,0.0,0.0,0.03,0.793,0.026,0.013
240,1,inaturalist,61272,61528,256,0.1484375,0.5699999928474426,206,43,1.0,0.8604651162790697,0.944954128440367,0.9736842105263158,0.07699999999999996,0.025000000000000022,0.004,0.004,0.793,9071,1.0,0.9166666666666666,0.0,0.0,0.03,0.793,0.023,0.013
241,1,inaturalist,61528,61784,256,0.1796875,0.5699999928474426,202,50,1.0,0.9,0.9619047619047619,0.9782608695652174,0.07899999999999996,0.020000000000000018,0.003,0.003,0.798,9088,1.0,0.9066666666666666,0.0,0.0,0.029,0.798,0.022,0.013
242,1,inaturalist,61784,62040,256,0.125,0.5699999928474426,215,36,1.0,0.8888888888888888,0.9598214285714286,1.0,0.09199999999999997,0.027000000000000024,0.003,0.003,0.81,9101,1.0,0.9066666666666666,0.0,0.0,0.028,0.81,0.02,0.013
243,1,inaturalist,62040,62296,256,0.140625,0.5699999928474426,211,40,1.0,0.9,0.9590909090909091,1.0,0.06899999999999995,0.025000000000000022,0.003,0.003,0.821,9109,1.0,0.9033333333333333,0.0,0.0,0.028,0.821,0.02,0.012
244,1,inaturalist,62296,62552,256,0.1640625,0.5699999928474426,202,45,1.0,0.9333333333333333,0.9439252336448598,1.0,0.05700000000000005,0.017000000000000015,0.004,0.003,0.818,9120,1.0,0.9,0.0,0.0,0.028,0.818,0.021,0.015
245,1,inaturalist,62552,62808,256,0.17578125,0.5600000023841858,206,49,1.0,0.8979591836734694,0.976303317535545,0.9777777777777777,0.07299999999999995,0.018000000000000016,0.004,0.003,0.81,9135,1.0,0.8966666666666666,0.0,0.0,0.022,0.81,0.02,0.01
246,1,inaturalist,62808,63064,256,0.1796875,0.5600000023841858,206,48,0.9902912621359223,0.9166666666666666,0.9714285714285714,0.9565217391304348,0.07099999999999995,0.018000000000000016,0.005,0.004,0.814,9145,0.9933333333333333,0.9066666666666666,0.0,0.0,0.024,0.814,0.017,0.008
247,1,inaturalist,63064,63320,256,0.12890625,0.5600000023841858,216,38,1.0,0.868421052631579,0.968609865470852,1.0,0.07899999999999996,0.02400000000000002,0.005,0.004,0.815,9160,0.9966666666666667,0.9,0.0,0.0,0.023,0.815,0.016,0.009
248,1,inaturalist,63320,63576,256,0.18359375,0.5600000023841858,196,51,1.0,0.9215686274509803,0.937799043062201,1.0,0.05800000000000005,0.028000000000000025,0.006,0.005,0.815,9170,1.0,0.9033333333333333,0.0,0.0,0.029,0.815,0.018,0.013
249,1,inaturalist,63576,63832,256,0.1640625,0.5600000023841858,205,47,1.0,0.8936170212765957,0.9579439252336449,1.0,0.08499999999999996,0.02300000000000002,0.006,0.005,0.805,9181,1.0,0.9,0.0,0.0,0.032,0.805,0.02,0.016
250,1,inaturalist,63832,64088,256,0.14453125,0.5600000023841858,204,45,1.0,0.8222222222222222,0.9315068493150684,1.0,0.08199999999999996,0.02200000000000002,0.006,0.005,0.8,9189,1.0,0.89,0.0,0.0,0.034,0.8,0.018,0.013
251,1,inaturalist,64088,64344,256,0.1484375,0.5600000023841858,206,41,0.9951456310679612,0.9024390243902439,0.9403669724770642,0.9736842105263158,0.08199999999999996,0.027000000000000024,0.005,0.005,0.791,9203,0.9966666666666667,0.8866666666666667,0.0,0.0,0.033,0.791,0.021,0.014
252,1,inaturalist,64344,64600,256,0.16796875,0.5600000023841858,208,46,1.0,0.9130434782608695,0.9765258215962441,0.9767441860465116,0.07599999999999996,0.026000000000000023,0.005,0.005,0.782,9208,1.0,0.89,0.0,0.0,0.036,0.782,0.02,0.014
253,1,inaturalist,64600,64856,256,0.13671875,0.5600000023841858,213,41,1.0,0.8536585365853658,0.9638009049773756,1.0,0.07499999999999996,0.026000000000000023,0.006,0.006,0.773,9216,1.0,0.8833333333333333,0.0,0.0,0.038,0.773,0.022,0.017
254,1,inaturalist,64856,65112,256,0.19140625,0.5600000023841858,199,54,1.0,0.9074074074074074,0.961352657004831,1.0,0.09199999999999997,0.026000000000000023,0.005,0.005,0.765,9231,1.0,0.8866666666666667,0.0,0.0,0.037,0.765,0.024,0.017
255,1,inaturalist,65112,65368,256,0.1484375,0.550000011920929,211,39,0.995260663507109,0.9230769230769231,0.963302752293578,0.9473684210526315,0.08399999999999996,0.02100000000000002,0.004,0.004,0.767,9247,0.9966666666666667,0.8833333333333333,0.0,0.0,0.035,0.767,0.025,0.018
256,1,inaturalist,65368,65624,256,0.1875,0.550000011920929,199,52,1.0,0.9230769230769231,0.9567307692307693,1.0,0.07399999999999995,0.019000000000000017,0.003,0.003,0.79,9253,1.0,0.9066666666666666,0.0,0.0,0.033,0.79,0.018,0.014
257,1,inaturalist,65624,65880,256,0.19921875,0.550000011920929,198,54,1.0,0.9444444444444444,0.9658536585365853,1.0,0.07199999999999995,0.02200000000000002,0.003,0.003,0.799,9261,1.0,0.9166666666666666,0.0,0.0,0.031,0.799,0.02,0.016
258,1,inaturalist,65880,66136,256,0.1484375,0.550000011920929,212,43,1.0,0.8837209302325582,0.9724770642201835,1.0,0.09799999999999998,0.027000000000000024,0.003,0.003,0.795,9274,1.0,0.9066666666666666,0.0,0.0,0.029,0.795,0.016,0.014
259,1,inaturalist,66136,66392,256,0.1875,0.550000011920929,202,52,1.0,0.9038461538461539,0.9711538461538461,0.9791666666666666,0.06899999999999995,0.02200000000000002,0.003,0.003,0.797,9280,1.0,0.9133333333333333,0.0,0.0,0.03,0.797,0.015,0.01
260,1,inaturalist,66392,66648,256,0.1796875,0.550000011920929,200,50,0.995,0.9,0.9476190476190476,0.9782608695652174,0.08299999999999996,0.02100000000000002,0.002,0.002,0.816,9288,0.9966666666666667,0.91,0.0,0.0,0.028,0.816,0.014,0.008
261,1,inaturalist,66648,66904,256,0.16015625,0.550000011920929,211,44,0.995260663507109,0.9090909090909091,0.9767441860465116,0.975609756097561,0.07699999999999996,0.02200000000000002,0.002,0.002,0.821,9291,0.9966666666666667,0.91,0.0,0.0,0.03,0.821,0.009,0.005
262,1,inaturalist,66904,67160,256,0.1484375,0.550000011920929,212,39,1.0,0.9743589743589743,0.9724770642201835,1.0,0.07299999999999995,0.02100000000000002,0.002,0.002,0.812,9301,1.0,0.92,0.0,0.0,0.029,0.812,0.011,0.007
263,1,inaturalist,67160,67416,256,0.19921875,0.550000011920929,192,56,1.0,0.8928571428571429,0.9365853658536586,0.9803921568627451,0.07499999999999996,0.02200000000000002,0.003,0.003,0.803,9306,1.0,0.9133333333333333,0.0,0.0,0.029,0.803,0.011,0.007
264,1,inaturalist,67416,67672,256,0.203125,0.550000011920929,197,57,1.0,0.9122807017543859,0.9656862745098039,1.0,0.08499999999999996,0.015000000000000013,0.002,0.002,0.801,9311,1.0,0.9133333333333333,0.0,0.0,0.031,0.801,0.012,0.008
265,1,inaturalist,67672,67928,256,0.12890625,0.5399999618530273,218,37,1.0,0.8918918918918919,0.9775784753363229,1.0,0.09599999999999997,0.028000000000000025,0.005,0.005,0.791,9322,1.0,0.91,0.0,0.0,0.036,0.791,0.014,0.011
266,1,inaturalist,67928,68184,256,0.12890625,0.5399999618530273,213,38,1.0,0.8421052631578947,0.9551569506726457,0.9696969696969697,0.07199999999999995,0.02400000000000002,0.005,0.005,0.778,9333,1.0,0.9033333333333333,0.0,0.0,0.034,0.778,0.018,0.016
267,1,inaturalist,68184,68440,256,0.16796875,0.5399999618530273,208,44,1.0,0.9772727272727273,0.9765258215962441,1.0,0.06299999999999994,0.02200000000000002,0.005,0.005,0.772,9343,1.0,0.9166666666666666,0.0,0.0,0.035,0.772,0.02,0.015
268,1,inaturalist,68440,68696,256,0.16015625,0.5399999618530273,207,44,1.0,0.9318181818181818,0.9627906976744186,1.0,0.08499999999999996,0.02100000000000002,0.005,0.005,0.767,9346,1.0,0.9133333333333333,0.0,0.0,0.035,0.767,0.02,0.018
269,1,inaturalist,68696,68952,256,0.11328125,0.5399999618530273,213,34,1.0,0.8529411764705882,0.9383259911894273,1.0,0.08199999999999996,0.031000000000000028,0.003,0.003,0.764,9353,1.0,0.9033333333333333,0.0,0.0,0.033,0.764,0.018,0.017
270,1,inaturalist,68952,69208,256,0.13671875,0.5399999618530273,215,37,1.0,0.9459459459459459,0.9728506787330317,1.0,0.07299999999999995,0.026000000000000023,0.003,0.003,0.769,9359,1.0,0.9066666666666666,0.0,0.0,0.031,0.769,0.019,0.015
271,1,inaturalist,69208,69464,256,0.1953125,0.5399999618530273,198,51,1.0,0.9803921568627451,0.9611650485436893,1.0,0.06299999999999994,0.028000000000000025,0.003,0.003,0.78,9362,1.0,0.9266666666666666,0.0,0.0,0.031,0.78,0.022,0.015
272,1,inaturalist,69464,69720,256,0.17578125,0.5399999618530273,203,46,1.0,0.9565217391304348,0.9620853080568721,0.9777777777777777,0.07899999999999996,0.017000000000000015,0.002,0.002,0.784,9370,1.0,0.9333333333333333,0.0,0.0,0.028,0.784,0.017,0.014
273,1,inaturalist,69720,69976,256,0.1953125,0.5299999713897705,196,57,1.0,0.8771929824561403,0.9514563106796117,1.0,0.09699999999999998,0.030000000000000027,0.002,0.002,0.797,9375,1.0,0.93,0.0,0.0,0.028,0.797,0.014,0.012
274,1,inaturalist,69976,70232,256,0.14453125,0.5299999713897705,215,39,1.0,0.9230769230769231,0.9817351598173516,0.972972972972973,0.09299999999999997,0.02200000000000002,0.003,0.003,0.793,9384,1.0,0.9266666666666666,0.0,0.0,0.03,0.793,0.015,0.013
275,1,inaturalist,70232,70488,256,0.1796875,0.5299999713897705,203,49,1.0,0.9387755102040817,0.9666666666666667,1.0,0.06599999999999995,0.02300000000000002,0.004,0.004,0.792,9387,1.0,0.9266666666666666,0.0,0.0,0.028,0.792,0.018,0.015
276,1,inaturalist,70488,70744,256,0.14453125,0.5299999713897705,209,42,1.0,0.8571428571428571,0.954337899543379,0.972972972972973,0.08499999999999996,0.019000000000000017,0.004,0.004,0.795,9397,1.0,0.9233333333333333,0.0,0.0,0.028,0.795,0.022,0.017
277,1,inaturalist,70744,71000,256,0.1328125,0.5299999713897705,215,38,1.0,0.8947368421052632,0.9684684684684685,1.0,0.06399999999999995,0.02400000000000002,0.005,0.005,0.791,9405,1.0,0.9133333333333333,0.0,0.0,0.027,0.791,0.025,0.017
278,1,inaturalist,71000,71256,256,0.15625,0.5299999713897705,208,43,1.0,0.9302325581395349,0.9629629629629629,1.0,0.07699999999999996,0.027000000000000024,0.005,0.005,0.782,9413,1.0,0.91,0.0,0.0,0.027,0.782,0.025,0.017
279,1,inaturalist,71256,71512,256,0.1796875,0.5299999713897705,205,46,0.9951219512195122,0.9782608695652174,0.9714285714285714,0.9782608695652174,0.08099999999999996,0.02200000000000002,0.004,0.004,0.781,9421,0.9966666666666667,0.91,0.0,0.0,0.03,0.781,0.024,0.016
280,1,inaturalist,71512,71768,256,0.19140625,0.5299999713897705,199,55,1.0,0.8909090909090909,0.961352657004831,1.0,0.07699999999999996,0.016000000000000014,0.005,0.005,0.785,9429,1.0,0.9166666666666666,0.0,0.0,0.029,0.785,0.025,0.017
281,1,inaturalist,71768,72024,256,0.23046875,0.5299999713897705,193,63,1.0,0.9365079365079365,0.9796954314720813,1.0,0.10499999999999998,0.020000000000000018,0.005,0.005,0.797,9440,1.0,0.9133333333333333,0.0,0.0,0.024,0.797,0.024,0.015
282,1,inaturalist,72024,72280,256,0.1796875,0.5299999713897705,200,49,1.0,0.9387755102040817,0.9523809523809523,1.0,0.10099999999999998,0.027000000000000024,0.005,0.005,0.794,9448,1.0,0.93,0.0,0.0,0.032,0.794,0.023,0.016
283,1,inaturalist,72280,72536,256,0.17578125,0.5299999713897705,203,48,1.0,0.9375,0.9620853080568721,1.0,0.08899999999999997,0.02400000000000002,0.004,0.004,0.795,9452,1.0,0.9333333333333333,0.0,0.0,0.03,0.795,0.021,0.015
284,1,inaturalist,72536,72792,256,0.1328125,0.5299999713897705,218,34,1.0,1.0,0.9819819819819819,1.0,0.08399999999999996,0.040000000000000036,0.004,0.004,0.811,9462,1.0,0.9433333333333334,0.0,0.0,0.031,0.811,0.018,0.015
285,1,inaturalist,72792,73048,256,0.125,0.5199999809265137,210,36,0.9904761904761905,0.8055555555555556,0.9285714285714286,0.90625,0.062000000000000055,0.02400000000000002,0.003,0.003,0.799,9465,0.9933333333333333,0.92,0.0,0.0,0.03,0.799,0.02,0.013
286,1,inaturalist,73048,73304,256,0.2265625,0.5199999809265137,190,61,0.9947368421052631,0.9344262295081968,0.9545454545454546,0.9827586206896551,0.05600000000000005,0.025000000000000022,0.003,0.003,0.8,9468,0.9966666666666667,0.9266666666666666,0.0,0.0,0.026,0.8,0.019,0.012
287,1,inaturalist,73304,73560,256,0.15625,0.5199999809265137,210,45,1.0,0.8888888888888888,0.9722222222222222,1.0,0.09499999999999997,0.02300000000000002,0.004,0.004,0.809,9475,1.0,0.9233333333333333,0.0,0.0,0.025,0.809,0.021,0.014
288,1,inaturalist,73560,73816,256,0.19140625,0.5199999809265137,201,52,1.0,0.9423076923076923,0.9710144927536232,1.0,0.07399999999999995,0.027000000000000024,0.003,0.003,0.809,9481,1.0,0.9166666666666666,0.0,0.0,0.023,0.809,0.019,0.011
289,1,inaturalist,73816,74072,256,0.19921875,0.5199999809265137,200,53,0.995,0.9433962264150944,0.9707317073170731,0.9803921568627451,0.08399999999999996,0.028000000000000025,0.003,0.003,0.791,9493,0.9966666666666667,0.9233333333333333,0.0,0.0,0.016,0.791,0.016,0.01
290,1,inaturalist,74072,74328,256,0.171875,0.5199999809265137,207,46,1.0,0.9565217391304348,0.9764150943396226,1.0,0.09599999999999997,0.026000000000000023,0.003,0.003,0.794,9501,0.9966666666666667,0.92,0.0,0.0,0.014,0.794,0.021,0.015
291,1,inaturalist,74328,74584,256,0.15234375,0.5199999809265137,208,45,1.0,0.8666666666666667,0.9585253456221198,1.0,0.08599999999999997,0.028000000000000025,0.003,0.003,0.806,9507,1.0,0.9233333333333333,0.0,0.0,0.016,0.806,0.021,0.014
292,1,inaturalist,74584,74840,256,0.14453125,0.5199999809265137,210,40,1.0,0.925,0.958904109589041,1.0,0.07199999999999995,0.02400000000000002,0.003,0.003,0.814,9511,1.0,0.92,0.0,0.0,0.023,0.814,0.021,0.017
293,1,inaturalist,74840,75096,256,0.17578125,0.5199999809265137,204,47,1.0,0.8936170212765957,0.966824644549763,0.9333333333333333,0.05800000000000005,0.026000000000000023,0.003,0.003,0.805,9514,1.0,0.9166666666666666,0.0,0.0,0.022,0.805,0.022,0.016
294,1,inaturalist,75096,75352,256,0.16015625,0.5199999809265137,210,44,1.0,0.9318181818181818,0.9767441860465116,1.0,0.08899999999999997,0.026000000000000023,0.003,0.003,0.799,9517,1.0,0.9233333333333333,0.0,0.0,0.021,0.799,0.017,0.013
295,1,inaturalist,75352,75608,256,0.16796875,0.5099999904632568,207,46,1.0,0.9347826086956522,0.971830985915493,1.0,0.08299999999999996,0.020000000000000018,0.003,0.003,0.805,9519,1.0,0.92,0.0,0.0,0.024,0.805,0.017,0.012
296,1,inaturalist,75608,75864,256,0.203125,0.5099999904632568,195,56,1.0,0.9285714285714286,0.9558823529411765,1.0,0.08299999999999996,0.025000000000000022,0.003,0.003,0.808,9525,1.0,0.9166666666666666,0.0,0.0,0.026,0.808,0.018,0.013
297,1,inaturalist,75864,76120,256,0.1171875,0.5099999904632568,214,35,1.0,0.8571428571428571,0.9469026548672567,1.0,0.08199999999999996,0.02300000000000002,0.003,0.003,0.815,9529,1.0,0.9066666666666666,0.0,0.0,0.025,0.815,0.018,0.014
298,1,inaturalist,76120,76376,256,0.15234375,0.5099999904632568,216,40,1.0,0.975,0.9953917050691244,1.0,0.061000000000000054,0.020000000000000018,0.003,0.003,0.81,9529,1.0,0.92,0.0,0.0,0.025,0.81,0.018,0.012
299,1,inaturalist,76376,76632,256,0.1875,0.5099999904632568,204,51,0.9901960784313726,0.9019607843137255,0.9711538461538461,0.9583333333333334,0.06599999999999995,0.020000000000000018,0.002,0.002,0.807,9535,0.9933333333333333,0.9233333333333333,0.0,0.0,0.025,0.807,0.018,0.011
300,1,inaturalist,76632,76888,256,0.18359375,0.5099999904632568,206,48,1.0,0.9791666666666666,0.9856459330143541,1.0,0.08699999999999997,0.02200000000000002,0.003,0.003,0.81,9541,0.9933333333333333,0.9366666666666666,0.0,0.0,0.027,0.81,0.019,0.012
301,1,inaturalist,76888,77144,256,0.16796875,0.5099999904632568,207,45,0.9951690821256038,0.9333333333333333,0.9671361502347418,0.9767441860465116,0.07699999999999996,0.02400000000000002,0.003,0.003,0.807,9544,0.9966666666666667,0.93,0.0,0.0,0.028,0.807,0.019,0.012
302,1,inaturalist,77144,77400,256,0.12890625,0.5099999904632568,215,36,0.9953488372093023,0.8888888888888888,0.9596412556053812,0.9696969696969697,0.07699999999999996,0.029000000000000026,0.005,0.005,0.818,9546,0.9933333333333333,0.9266666666666666,0.0,0.0,0.03,0.818,0.018,0.014
303,1,inaturalist,77400,77656,256,0.15625,0.5099999904632568,212,42,0.9952830188679245,0.9285714285714286,0.9768518518518519,0.975,0.06599999999999995,0.019000000000000017,0.005,0.005,0.811,9547,0.9966666666666667,0.9266666666666666,0.0,0.0,0.028,0.811,0.02,0.016
304,1,inaturalist,77656,77912,256,0.13671875,0.5099999904632568,217,37,1.0,0.9459459459459459,0.9819004524886877,1.0,0.08699999999999997,0.018000000000000016,0.005,0.005,0.815,9553,1.0,0.9366666666666666,0.0,0.0,0.025,0.815,0.019,0.015
305,1,inaturalist,77912,78168,256,0.16015625,0.5099999904632568,210,46,1.0,0.8913043478260869,0.9767441860465116,1.0,0.06000000000000005,0.02300000000000002,0.004,0.004,0.809,9559,1.0,0.9233333333333333,0.0,0.0,0.025,0.809,0.018,0.014
306,1,inaturalist,78168,78424,256,0.17578125,0.5099999904632568,207,47,1.0,0.9574468085106383,0.981042654028436,1.0,0.07399999999999995,0.03200000000000003,0.004,0.004,0.815,9561,1.0,0.9333333333333333,0.0,0.0,0.025,0.815,0.019,0.015
307,1,inaturalist,78424,78680,256,0.17578125,0.5099999904632568,204,47,1.0,0.9574468085106383,0.966824644549763,1.0,0.08199999999999996,0.019000000000000017,0.004,0.004,0.811,9565,1.0,0.93,0.0,0.0,0.026,0.811,0.021,0.016
308,1,inaturalist,78680,78936,256,0.13671875,0.5099999904632568,212,39,1.0,0.8717948717948718,0.9592760180995475,0.9714285714285714,0.06399999999999995,0.025000000000000022,0.004,0.004,0.816,9569,1.0,0.92,0.0,0.0,0.027,0.816,0.024,0.016
309,1,inaturalist,78936,79192,256,0.1484375,0.5099999904632568,211,40,1.0,0.95,0.9678899082568807,1.0,0.07199999999999995,0.027000000000000024,0.004,0.004,0.814,9572,1.0,0.93,0.0,0.0,0.027,0.814,0.024,0.014
310,1,inaturalist,79192,79448,256,0.16015625,0.5099999904632568,209,43,0.9952153110047847,0.9302325581395349,0.9674418604651163,0.975609756097561,0.07299999999999995,0.028000000000000025,0.002,0.002,0.815,9578,0.9966666666666667,0.93,0.0,0.0,0.027,0.815,0.018,0.011
311,1,inaturalist,79448,79704,256,0.16796875,0.5099999904632568,204,49,1.0,0.8775510204081632,0.9577464788732394,1.0,0.06899999999999995,0.019000000000000017,0.002,0.002,0.813,9579,1.0,0.9166666666666666,0.0,0.0,0.027,0.813,0.02,0.012
312,1,inaturalist,79704,79960,256,0.140625,0.5099999904632568,215,40,1.0,0.9,0.9772727272727273,1.0,0.08099999999999996,0.018000000000000016,0.002,0.002,0.813,9587,1.0,0.9233333333333333,0.0,0.0,0.024,0.813,0.017,0.009
313,1,inaturalist,79960,80216,256,0.15234375,0.5099999904632568,209,44,0.9952153110047847,0.8636363636363636,0.9585253456221198,0.9743589743589743,0.07699999999999996,0.019000000000000017,0.003,0.003,0.823,9589,0.9966666666666667,0.9066666666666666,0.0,0.0,0.025,0.823,0.017,0.008
314,1,inaturalist,80216,80472,256,0.1875,0.5099999904632568,198,53,1.0,0.9056603773584906,0.9519230769230769,1.0,0.08099999999999996,0.017000000000000015,0.003,0.003,0.799,9593,0.9966666666666667,0.9033333333333333,0.0,0.0,0.028,0.799,0.02,0.01
315,1,inaturalist,80472,80728,256,0.1484375,0.5099999904632568,209,43,1.0,0.8837209302325582,0.9587155963302753,1.0,0.08499999999999996,0.017000000000000015,0.004,0.004,0.794,9597,1.0,0.9,0.0,0.0,0.029,0.794,0.016,0.011
316,1,inaturalist,80728,80984,256,0.1796875,0.5099999904632568,200,52,1.0,0.8653846153846154,0.9523809523809523,0.9782608695652174,0.07299999999999995,0.019000000000000017,0.004,0.004,0.814,9598,1.0,0.8833333333333333,0.0,0.0,0.026,0.814,0.015,0.012
317,1,inaturalist,80984,81240,256,0.19921875,0.5099999904632568,196,55,1.0,0.9272727272727272,0.9560975609756097,1.0,0.08499999999999996,0.027000000000000024,0.004,0.004,0.813,9603,1.0,0.8933333333333333,0.0,0.0,0.029,0.813,0.021,0.016
318,1,inaturalist,81240,81496,256,0.1484375,0.5099999904632568,214,40,1.0,0.95,0.981651376146789,1.0,0.08199999999999996,0.016000000000000014,0.004,0.004,0.815,9605,1.0,0.8966666666666666,0.0,0.0,0.029,0.815,0.023,0.016
319,1,inaturalist,81496,81752,256,0.15234375,0.5099999904632568,209,42,1.0,0.9047619047619048,0.9631336405529954,0.9743589743589743,0.06899999999999995,0.02400000000000002,0.003,0.003,0.818,9608,1.0,0.9066666666666666,0.0,0.0,0.028,0.818,0.024,0.015
320,1,inaturalist,81752,82008,256,0.16796875,0.5099999904632568,211,43,0.995260663507109,0.9767441860465116,0.9859154929577465,0.9767441860465116,0.06299999999999994,0.020000000000000018,0.003,0.003,0.816,9612,0.9966666666666667,0.9133333333333333,0.0,0.0,0.027,0.816,0.025,0.016
321,1,inaturalist,82008,82264,256,0.14453125,0.5099999904632568,208,42,1.0,0.8809523809523809,0.9497716894977168,1.0,0.06799999999999995,0.02300000000000002,0.003,0.003,0.81,9618,0.9966666666666667,0.91,0.0,0.0,0.026,0.81,0.022,0.014
322,1,inaturalist,82264,82520,256,0.1640625,0.5099999904632568,208,48,1.0,0.875,0.9719626168224299,1.0,0.07399999999999995,0.02400000000000002,0.003,0.003,0.817,9622,1.0,0.92,0.0,0.0,0.027,0.817,0.023,0.015
323,1,inaturalist,82520,82776,256,0.1640625,0.5099999904632568,209,44,1.0,0.9545454545454546,0.9766355140186916,1.0,0.08399999999999996,0.019000000000000017,0.003,0.003,0.826,9625,1.0,0.92,0.0,0.0,0.029,0.826,0.023,0.014
324,1,inaturalist,82776,83032,256,0.17578125,0.5099999904632568,206,45,0.9951456310679612,0.9777777777777777,0.9715639810426541,0.9777777777777777,0.061000000000000054,0.018000000000000016,0.004,0.004,0.818,9626,0.9966666666666667,0.9333333333333333,0.0,0.0,0.034,0.818,0.022,0.015
325,1,inaturalist,83032,83288,256,0.1328125,0.5099999904632568,217,36,0.9953917050691244,0.9166666666666666,0.972972972972973,0.9705882352941176,0.07099999999999995,0.020000000000000018,0.003,0.003,0.817,9631,0.9933333333333333,0.9266666666666666,0.0,0.0,0.03,0.817,0.02,0.013
326,1,inaturalist,83288,83544,256,0.203125,0.5099999904632568,191,58,1.0,0.896551724137931,0.9362745098039216,1.0,0.05800000000000005,0.02400000000000002,0.003,0.003,0.814,9637,1.0,0.9233333333333333,0.0,0.0,0.026,0.814,0.019,0.015
327,1,inaturalist,83544,83800,256,0.2109375,0.5099999904632568,198,55,1.0,0.9818181818181818,0.9801980198019802,1.0,0.07999999999999996,0.015000000000000013,0.003,0.003,0.807,9638,1.0,0.9333333333333333,0.0,0.0,0.027,0.807,0.016,0.013
328,1,inaturalist,83800,84056,256,0.16015625,0.5099999904632568,204,45,1.0,0.8888888888888888,0.9488372093023256,0.975609756097561,0.07199999999999995,0.017000000000000015,0.003,0.003,0.804,9642,1.0,0.93,0.0,0.0,0.026,0.804,0.019,0.016
329,1,inaturalist,84056,84312,256,0.21484375,0.5099999904632568,191,59,1.0,0.9322033898305084,0.9502487562189055,1.0,0.062000000000000055,0.026000000000000023,0.003,0.003,0.814,9643,1.0,0.9333333333333333,0.0,0.0,0.026,0.814,0.018,0.015
330,1,inaturalist,84312,84568,256,0.20703125,0.5099999904632568,199,55,0.9949748743718593,0.9272727272727272,0.9753694581280788,0.9622641509433962,0.09799999999999998,0.02400000000000002,0.002,0.002,0.815,9647,0.9966666666666667,0.9233333333333333,0.0,0.0,0.021,0.815,0.019,0.015
331,1,inaturalist,84568,84824,256,0.14453125,0.5099999904632568,207,41,1.0,0.9024390243902439,0.9452054794520548,1.0,0.07999999999999996,0.018000000000000016,0.003,0.003,0.813,9651,0.9966666666666667,0.9266666666666666,0.0,0.0,0.022,0.813,0.022,0.015
332,1,inaturalist,84824,85080,256,0.19140625,0.5099999904632568,198,55,1.0,0.8909090909090909,0.9565217391304348,1.0,0.06499999999999995,0.02200000000000002,0.003,0.003,0.824,9656,1.0,0.9233333333333333,0.0,0.0,0.022,0.824,0.021,0.014
333,1,inaturalist,85080,85336,256,0.19921875,0.5099999904632568,193,54,0.9948186528497409,0.9074074074074074,0.9365853658536586,0.9607843137254902,0.06999999999999995,0.020000000000000018,0.003,0.003,0.83,9658,0.9966666666666667,0.91,0.0,0.0,0.024,0.83,0.022,0.015
334,1,inaturalist,85336,85592,256,0.171875,0.5099999904632568,207,46,1.0,0.9347826086956522,0.9764150943396226,0.9772727272727273,0.08499999999999996,0.019000000000000017,0.003,0.003,0.819,9661,0.9966666666666667,0.92,0.0,0.0,0.026,0.819,0.019,0.012
335,1,inaturalist,85592,85848,256,0.17578125,0.5099999904632568,202,51,0.995049504950495,0.8431372549019608,0.95260663507109,0.9555555555555556,0.06899999999999995,0.02300000000000002,0.004,0.004,0.818,9669,0.9966666666666667,0.9,0.0,0.0,0.025,0.818,0.019,0.013
336,1,inaturalist,85848,86104,256,0.1796875,0.5099999904632568,203,50,1.0,0.92,0.9666666666666667,1.0,0.07799999999999996,0.018000000000000016,0.004,0.004,0.796,9677,1.0,0.9,0.0,0.0,0.024,0.796,0.019,0.013
337,1,inaturalist,86104,86360,256,0.1484375,0.5099999904632568,212,41,0.9905660377358491,0.8780487804878049,0.963302752293578,0.9473684210526315,0.08899999999999997,0.031000000000000028,0.004,0.004,0.793,9684,0.9933333333333333,0.8933333333333333,0.0,0.0,0.024,0.793,0.018,0.01
338,1,inaturalist,86360,86616,256,0.13671875,0.5099999904632568,214,36,1.0,0.9722222222222222,0.9683257918552036,1.0,0.06999999999999995,0.02400000000000002,0.004,0.004,0.797,9689,0.9966666666666667,0.9,0.0,0.0,0.025,0.797,0.019,0.011
339,1,inaturalist,86616,86872,256,0.14453125,0.5099999904632568,210,41,1.0,0.9024390243902439,0.958904109589041,1.0,0.06699999999999995,0.02400000000000002,0.004,0.004,0.793,9692,1.0,0.9066666666666666,0.0,0.0,0.025,0.793,0.02,0.012
340,1,inaturalist,86872,87128,256,0.17578125,0.5099999904632568,200,49,1.0,0.8979591836734694,0.9478672985781991,0.9777777777777777,0.06699999999999995,0.028000000000000025,0.004,0.004,0.79,9695,1.0,0.9033333333333333,0.0,0.0,0.025,0.79,0.02,0.014
341,1,inaturalist,87128,87384,256,0.13671875,0.5099999904632568,216,36,1.0,0.9444444444444444,0.9773755656108597,0.9714285714285714,0.07499999999999996,0.025000000000000022,0.004,0.004,0.81,9698,1.0,0.9066666666666666,0.0,0.0,0.025,0.81,0.019,0.014
342,1,inaturalist,87384,87640,256,0.15625,0.5099999904632568,206,46,1.0,0.8695652173913043,0.9537037037037037,1.0,0.05700000000000005,0.019000000000000017,0.004,0.004,0.812,9700,1.0,0.91,0.0,0.0,0.024,0.812,0.017,0.012
343,1,inaturalist,87640,87896,256,0.13671875,0.5099999904632568,209,40,0.9952153110047847,0.85,0.9411764705882353,0.9714285714285714,0.08699999999999997,0.02100000000000002,0.003,0.003,0.807,9705,0.9966666666666667,0.8966666666666666,0.0,0.0,0.021,0.807,0.017,0.01
344,1,inaturalist,87896,88152,256,0.12109375,0.5099999904632568,215,34,1.0,0.9117647058823529,0.9555555555555556,1.0,0.061000000000000054,0.02400000000000002,0.004,0.004,0.807,9709,0.9966666666666667,0.9033333333333333,0.0,0.0,0.024,0.807,0.019,0.011
345,1,inaturalist,88152,88408,256,0.14453125,0.5099999904632568,208,43,1.0,0.8604651162790697,0.9497716894977168,1.0,0.06000000000000005,0.018000000000000016,0.004,0.004,0.808,9711,1.0,0.8933333333333333,0.0,0.0,0.027,0.808,0.019,0.014
346,1,inaturalist,88408,88664,256,0.140625,0.5099999904632568,216,38,1.0,0.9473684210526315,0.9818181818181818,1.0,0.07599999999999996,0.025000000000000022,0.004,0.004,0.809,9717,1.0,0.8933333333333333,0.0,0.0,0.025,0.809,0.02,0.012
347,1,inaturalist,88664,88920,256,0.15625,0.5099999904632568,205,46,1.0,0.8695652173913043,0.9490740740740741,1.0,0.07199999999999995,0.02400000000000002,0.004,0.004,0.812,9720,1.0,0.8933333333333333,0.0,0.0,0.026,0.812,0.02,0.011
348,1,inaturalist,88920,89176,256,0.14453125,0.5099999904632568,210,38,0.9952380952380953,0.9473684210526315,0.954337899543379,0.972972972972973,0.07099999999999995,0.020000000000000018,0.004,0.004,0.819,9726,0.9966666666666667,0.8966666666666666,0.0,0.0,0.026,0.819,0.019,0.011
349,1,inaturalist,89176,89432,256,0.12109375,0.5099999904632568,216,34,1.0,0.9117647058823529,0.96,1.0,0.06799999999999995,0.02400000000000002,0.003,0.003,0.821,9730,1.0,0.89,0.0,0.0,0.027,0.821,0.023,0.011
350,1,inaturalist,89432,89688,256,0.17578125,0.5099999904632568,205,47,1.0,0.9574468085106383,0.9715639810426541,1.0,0.05600000000000005,0.02300000000000002,0.004,0.004,0.814,9732,1.0,0.9133333333333333,0.0,0.0,0.025,0.814,0.023,0.011
351,1,inaturalist,89688,89944,256,0.15625,0.5099999904632568,212,41,0.9952830188679245,0.9512195121951219,0.9768518518518519,0.975,0.07399999999999995,0.027000000000000024,0.003,0.003,0.807,9734,0.9966666666666667,0.92,0.0,0.0,0.023,0.807,0.02,0.01
352,1,inaturalist,89944,90200,256,0.21484375,0.5099999904632568,191,60,1.0,0.9166666666666666,0.9502487562189055,1.0,0.061000000000000054,0.015000000000000013,0.002,0.002,0.802,9736,1.0,0.9266666666666666,0.0,0.0,0.02,0.802,0.021,0.012
353,1,inaturalist,90200,90456,256,0.18359375,0.5099999904632568,199,52,1.0,0.8846153846153846,0.9521531100478469,0.9787234042553191,0.08399999999999996,0.028000000000000025,0.002,0.002,0.792,9743,1.0,0.9166666666666666,0.0,0.0,0.023,0.792,0.022,0.013
354,1,inaturalist,90456,90712,256,0.14453125,0.5099999904632568,213,39,0.9953051643192489,0.8974358974358975,0.9680365296803652,0.9459459459459459,0.08999999999999997,0.014000000000000012,0.003,0.003,0.797,9752,0.9966666666666667,0.92,0.0,0.0,0.021,0.797,0.021,0.013
355,1,inaturalist,90712,90968,256,0.16015625,0.5099999904632568,202,48,1.0,0.8333333333333334,0.9395348837209302,0.975609756097561,0.06000000000000005,0.020000000000000018,0.003,0.003,0.793,9754,0.9966666666666667,0.9066666666666666,0.0,0.0,0.02,0.793,0.02,0.011
356,1,inaturalist,90968,91224,256,0.16796875,0.5099999904632568,207,46,0.9951690821256038,0.9130434782608695,0.9671361502347418,0.9767441860465116,0.08399999999999996,0.02300000000000002,0.004,0.004,0.794,9757,0.9966666666666667,0.9,0.0,0.0,0.027,0.794,0.025,0.013
357,1,inaturalist,91224,91480,256,0.140625,0.5099999904632568,215,39,1.0,0.9230769230769231,0.9772727272727273,1.0,0.08499999999999996,0.02400000000000002,0.004,0.004,0.801,9761,0.9966666666666667,0.8966666666666666,0.0,0.0,0.027,0.801,0.024,0.013
358,1,inaturalist,91480,91736,256,0.16796875,0.5099999904632568,208,44,1.0,0.9772727272727273,0.9765258215962441,1.0,0.062000000000000055,0.02100000000000002,0.004,0.004,0.798,9764,1.0,0.9033333333333333,0.0,0.0,0.03,0.798,0.021,0.011
359,1,inaturalist,91736,91992,256,0.109375,0.5099999904632568,223,31,1.0,0.9032258064516129,0.9780701754385965,1.0,0.06499999999999995,0.027000000000000024,0.004,0.004,0.802,9765,1.0,0.9033333333333333,0.0,0.0,0.03,0.802,0.021,0.011
360,1,inaturalist,91992,92248,256,0.2109375,0.5099999904632568,193,57,1.0,0.9473684210526315,0.9554455445544554,1.0,0.06599999999999995,0.030000000000000027,0.004,0.004,0.809,9766,1.0,0.9133333333333333,0.0,0.0,0.026,0.809,0.025,0.013
361,1,inaturalist,92248,92504,256,0.1875,0.5099999904632568,201,51,1.0,0.9411764705882353,0.9663461538461539,1.0,0.09899999999999998,0.02100000000000002,0.004,0.004,0.829,9770,1.0,0.9233333333333333,0.0,0.0,0.027,0.829,0.025,0.017
362,1,inaturalist,92504,92760,256,0.17578125,0.5099999904632568,204,48,1.0,0.9375,0.966824644549763,1.0,0.07199999999999995,0.02400000000000002,0.003,0.003,0.827,9775,1.0,0.94,0.0,0.0,0.023,0.827,0.024,0.017
363,1,inaturalist,92760,93016,256,0.1640625,0.5099999904632568,205,46,0.9951219512195122,0.8913043478260869,0.9532710280373832,0.9761904761904762,0.07999999999999996,0.026000000000000023,0.003,0.003,0.831,9780,0.9966666666666667,0.94,0.0,0.0,0.024,0.831,0.027,0.019
364,1,inaturalist,93016,93272,256,0.1953125,0.5099999904632568,198,56,1.0,0.8928571428571429,0.9611650485436893,1.0,0.06799999999999995,0.016000000000000014,0.002,0.002,0.827,9784,0.9966666666666667,0.92,0.0,0.0,0.03,0.827,0.025,0.02
365,1,inaturalist,93272,93528,256,0.1640625,0.5099999904632568,209,45,1.0,0.9333333333333333,0.9766355140186916,1.0,0.07099999999999995,0.020000000000000018,0.002,0.002,0.809,9787,1.0,0.9266666666666666,0.0,0.0,0.028,0.809,0.027,0.019
366,1,inaturalist,93528,93784,256,0.171875,0.5099999904632568,202,46,1.0,0.9347826086956522,0.9528301886792453,0.9772727272727273,0.05400000000000005,0.02200000000000002,0.002,0.002,0.808,9787,1.0,0.9233333333333333,0.0,0.0,0.031,0.808,0.028,0.019
367,1,inaturalist,93784,94040,256,0.16796875,0.5099999904632568,209,46,1.0,0.9347826086956522,0.9812206572769953,1.0,0.07799999999999996,0.02100000000000002,0.002,0.002,0.802,9792,1.0,0.9233333333333333,0.0,0.0,0.03,0.802,0.022,0.015
368,1,inaturalist,94040,94296,256,0.1484375,0.5099999904632568,207,43,1.0,0.8837209302325582,0.9495412844036697,1.0,0.07399999999999995,0.019000000000000017,0.004,0.004,0.783,9795,1.0,0.9166666666666666,0.0,0.0,0.033,0.783,0.027,0.019
369,1,inaturalist,94296,94552,256,0.19921875,0.5099999904632568,200,54,0.995,0.9259259259259259,0.9707317073170731,0.9803921568627451,0.07799999999999996,0.030000000000000027,0.004,0.004,0.77,9801,0.9966666666666667,0.92,0.0,0.0,0.034,0.77,0.026,0.013
370,1,inaturalist,94552,94808,256,0.1796875,0.5099999904632568,201,51,1.0,0.9019607843137255,0.9571428571428572,1.0,0.10099999999999998,0.02400000000000002,0.004,0.004,0.779,9806,1.0,0.9133333333333333,0.0,0.0,0.033,0.779,0.028,0.012
371,1,inaturalist,94808,95064,256,0.140625,0.5099999904632568,215,36,1.0,0.9444444444444444,0.9772727272727273,0.9444444444444444,0.06999999999999995,0.020000000000000018,0.004,0.004,0.775,9809,1.0,0.92,0.0,0.0,0.033,0.775,0.027,0.012
372,1,inaturalist,95064,95320,256,0.13671875,0.5099999904632568,213,37,1.0,0.9459459459459459,0.9638009049773756,1.0,0.06899999999999995,0.027000000000000024,0.004,0.004,0.788,9810,1.0,0.9233333333333333,0.0,0.0,0.032,0.788,0.025,0.013
373,1,inaturalist,95320,95576,256,0.16015625,0.5099999904632568,209,44,1.0,0.9318181818181818,0.9720930232558139,1.0,0.06999999999999995,0.020000000000000018,0.004,0.004,0.796,9811,1.0,0.92,0.0,0.0,0.033,0.796,0.024,0.013
374,1,inaturalist,95576,95832,256,0.1328125,0.5099999904632568,216,36,0.9953703703703703,0.9166666666666666,0.9684684684684685,0.9705882352941176,0.07499999999999996,0.019000000000000017,0.004,0.004,0.793,9811,0.9966666666666667,0.9233333333333333,0.0,0.0,0.03,0.793,0.024,0.013
375,1,inaturalist,95832,96088,256,0.18359375,0.5099999904632568,193,55,1.0,0.8363636363636363,0.9234449760765551,0.9787234042553191,0.06699999999999995,0.015000000000000013,0.004,0.004,0.791,9812,0.9966666666666667,0.91,0.0,0.0,0.029,0.791,0.021,0.012
376,1,inaturalist,96088,96344,256,0.15625,0.5099999904632568,206,45,1.0,0.8666666666666667,0.9537037037037037,0.975,0.07999999999999996,0.02200000000000002,0.003,0.003,0.794,9813,1.0,0.9,0.0,0.0,0.025,0.794,0.02,0.01
377,1,inaturalist,96344,96600,256,0.140625,0.5099999904632568,212,41,1.0,0.8780487804878049,0.9636363636363636,1.0,0.08699999999999997,0.031000000000000028,0.002,0.002,0.791,9817,1.0,0.8966666666666666,0.0,0.0,0.025,0.791,0.018,0.01
378,1,inaturalist,96600,96856,256,0.16796875,0.5099999904632568,205,48,0.9951219512195122,0.875,0.9577464788732394,0.9767441860465116,0.08499999999999996,0.02100000000000002,0.002,0.002,0.787,9823,0.9966666666666667,0.8866666666666667,0.0,0.0,0.025,0.787,0.018,0.01
379,1,inaturalist,96856,97112,256,0.18359375,0.5099999904632568,200,50,1.0,0.94,0.9569377990430622,1.0,0.07899999999999996,0.025000000000000022,0.002,0.002,0.775,9827,1.0,0.8866666666666667,0.0,0.0,0.026,0.775,0.017,0.01
380,1,inaturalist,97112,97368,256,0.16796875,0.5099999904632568,207,45,1.0,0.9555555555555556,0.971830985915493,1.0,0.08499999999999996,0.020000000000000018,0.002,0.002,0.773,9829,1.0,0.8966666666666666,0.0,0.0,0.027,0.773,0.022,0.016
381,1,inaturalist,97368,97624,256,0.1640625,0.5099999904632568,206,45,0.9951456310679612,0.9111111111111111,0.9579439252336449,0.9761904761904762,0.06399999999999995,0.018000000000000016,0.002,0.002,0.776,9830,0.9966666666666667,0.8966666666666666,0.0,0.0,0.026,0.776,0.026,0.017
382,1,inaturalist,97624,97880,256,0.1875,0.5099999904632568,198,53,1.0,0.9056603773584906,0.9519230769230769,1.0,0.08299999999999996,0.017000000000000015,0.003,0.003,0.788,9835,1.0,0.9133333333333333,0.0,0.0,0.026,0.788,0.026,0.018
383,1,inaturalist,97880,98136,256,0.19140625,0.5099999904632568,196,54,1.0,0.9074074074074074,0.9468599033816425,1.0,0.09599999999999997,0.02200000000000002,0.003,0.003,0.781,9841,1.0,0.9166666666666666,0.0,0.0,0.026,0.781,0.029,0.018
384,1,inaturalist,98136,98392,256,0.16015625,0.5099999904632568,207,42,1.0,0.9523809523809523,0.9627906976744186,0.975609756097561,0.10199999999999998,0.026000000000000023,0.003,0.003,0.777,9846,1.0,0.9266666666666666,0.0,0.0,0.025,0.777,0.023,0.016
385,1,inaturalist,98392,98648,256,0.171875,0.5099999904632568,207,46,1.0,0.9565217391304348,0.9764150943396226,1.0,0.07799999999999996,0.03200000000000003,0.003,0.003,0.79,9848,1.0,0.9333333333333333,0.0,0.0,0.026,0.79,0.024,0.017
386,1,inaturalist,98648,98904,256,0.16796875,0.5099999904632568,204,46,1.0,0.9130434782608695,0.9577464788732394,0.9767441860465116,0.07699999999999996,0.02300000000000002,0.003,0.003,0.802,9854,1.0,0.9266666666666666,0.0,0.0,0.026,0.802,0.026,0.016
387,1,inaturalist,98904,99160,256,0.16796875,0.5099999904632568,206,47,1.0,0.9148936170212766,0.9671361502347418,1.0,0.07499999999999996,0.015000000000000013,0.003,0.003,0.79,9858,1.0,0.92,0.0,0.0,0.027,0.79,0.022,0.015
388,1,inaturalist,99160,99416,256,0.16015625,0.5099999904632568,205,45,1.0,0.9111111111111111,0.9534883720930233,1.0,0.07299999999999995,0.02200000000000002,0.003,0.003,0.795,9862,1.0,0.9233333333333333,0.0,0.0,0.025,0.795,0.022,0.016
389,1,inaturalist,99416,99672,256,0.1796875,0.5099999904632568,203,52,0.9950738916256158,0.8653846153846154,0.9619047619047619,0.9782608695652174,0.06999999999999995,0.019000000000000017,0.003,0.003,0.784,9866,0.9966666666666667,0.91,0.0,0.0,0.021,0.784,0.02,0.013
390,1,inaturalist,99672,99928,256,0.1796875,0.5099999904632568,200,50,1.0,0.92,0.9523809523809523,1.0,0.07399999999999995,0.02300000000000002,0.003,0.003,0.784,9876,0.9966666666666667,0.9166666666666666,0.0,0.0,0.025,0.784,0.021,0.013
391,1,inaturalist,99928,100184,256,0.203125,0.5099999904632568,202,52,0.995049504950495,0.9807692307692307,0.9852941176470589,0.9807692307692307,0.06999999999999995,0.018000000000000016,0.003,0.003,0.777,9876,0.9966666666666667,0.92,0.0,0.0,0.022,0.777,0.02,0.013
392,1,inaturalist,100184,100440,256,0.20703125,0.5099999904632568,195,52,1.0,1.0,0.9605911330049262,0.9811320754716981,0.08399999999999996,0.015000000000000013,0.004,0.004,0.774,9878,1.0,0.9333333333333333,0.0,0.0,0.025,0.774,0.021,0.013
393,1,inaturalist,100440,100696,256,0.14453125,0.5099999904632568,217,38,1.0,0.9736842105263158,0.9908675799086758,1.0,0.08399999999999996,0.02400000000000002,0.004,0.004,0.771,9880,1.0,0.94,0.0,0.0,0.024,0.771,0.021,0.014
394,1,inaturalist,100696,100952,256,0.21484375,0.5099999904632568,194,55,1.0,0.9636363636363636,0.9651741293532339,0.9636363636363636,0.06599999999999995,0.02100000000000002,0.004,0.004,0.777,9883,1.0,0.9466666666666667,0.0,0.0,0.028,0.777,0.021,0.014
395,1,inaturalist,100952,101208,256,0.16015625,0.5099999904632568,206,45,0.9951456310679612,0.8888888888888888,0.9534883720930233,0.975609756097561,0.09199999999999997,0.018000000000000016,0.004,0.004,0.789,9888,0.9966666666666667,0.9566666666666667,0.0,0.0,0.03,0.789,0.018,0.013
396,1,inaturalist,101208,101464,256,0.22265625,0.5099999904632568,194,57,0.9896907216494846,0.9649122807017544,0.964824120603015,0.9649122807017544,0.08399999999999996,0.02400000000000002,0.003,0.003,0.794,9890,0.99,0.9633333333333334,0.0,0.0,0.03,0.794,0.017,0.011
397,1,inaturalist,101464,101720,256,0.19140625,0.5099999904632568,201,50,1.0,0.98,0.9710144927536232,1.0,0.08999999999999997,0.014000000000000012,0.004,0.004,0.795,9891,0.9933333333333333,0.9633333333333334,0.0,0.0,0.033,0.795,0.016,0.011
398,1,inaturalist,101720,101976,256,0.16015625,0.5099999904632568,204,47,1.0,0.8723404255319149,0.9488372093023256,1.0,0.08099999999999996,0.02100000000000002,0.004,0.004,0.789,9893,1.0,0.9433333333333334,0.0,0.0,0.03,0.789,0.017,0.012
399,1,inaturalist,101976,102232,256,0.203125,0.5099999904632568,197,55,1.0,0.9272727272727272,0.9656862745098039,0.9807692307692307,0.08699999999999997,0.026000000000000023,0.004,0.004,0.777,9895,1.0,0.9333333333333333,0.0,0.0,0.032,0.777,0.021,0.012
400,1,inaturalist,102232,102488,256,0.171875,0.5099999904632568,204,49,1.0,0.8979591836734694,0.9622641509433962,1.0,0.07599999999999996,0.020000000000000018,0.004,0.004,0.762,9901,1.0,0.9233333333333333,0.0,0.0,0.03,0.762,0.02,0.012
401,1,inaturalist,102488,102744,256,0.15625,0.5099999904632568,209,43,1.0,0.9302325581395349,0.9675925925925926,1.0,0.07899999999999996,0.020000000000000018,0.003,0.003,0.763,9906,1.0,0.93,0.0,0.0,0.028,0.763,0.017,0.009
402,1,inaturalist,102744,103000,256,0.1875,0.5099999904632568,202,51,0.995049504950495,0.9215686274509803,0.9663461538461539,0.9791666666666666,0.06699999999999995,0.028000000000000025,0.003,0.003,0.781,9910,0.9966666666666667,0.9233333333333333,0.0,0.0,0.026,0.781,0.018,0.008
403,1,inaturalist,103000,103256,256,0.19140625,0.5099999904632568,203,50,1.0,0.96,0.9806763285024155,0.9795918367346939,0.07499999999999996,0.02200000000000002,0.003,0.003,0.776,9913,0.9966666666666667,0.92,0.0,0.0,0.03,0.776,0.019,0.01
404,1,inaturalist,103256,103512,256,0.19140625,0.5099999904632568,198,55,1.0,0.8909090909090909,0.9565217391304348,1.0,0.07499999999999996,0.016000000000000014,0.003,0.003,0.778,9913,1.0,0.92,0.0,0.0,0.029,0.778,0.019,0.01
405,1,inaturalist,103512,103768,256,0.1640625,0.5099999904632568,210,43,0.9952380952380953,0.9534883720930233,0.9766355140186916,0.9761904761904762,0.09799999999999998,0.027000000000000024,0.003,0.003,0.786,9915,0.9966666666666667,0.9266666666666666,0.0,0.0,0.027,0.786,0.017,0.011
406,1,inaturalist,103768,104024,256,0.1640625,0.5099999904632568,208,45,0.9951923076923077,0.9111111111111111,0.9672897196261683,0.9761904761904762,0.07599999999999996,0.028000000000000025,0.002,0.002,0.799,9917,0.9933333333333333,0.9266666666666666,0.0,0.0,0.027,0.799,0.015,0.009
407,1,inaturalist,104024,104280,256,0.1171875,0.5099999904632568,211,38,1.0,0.7894736842105263,0.9336283185840708,1.0,0.07599999999999996,0.02400000000000002,0.002,0.002,0.8,9920,1.0,0.91,0.0,0.0,0.027,0.8,0.017,0.01
408,1,inaturalist,104280,104536,256,0.1796875,0.5099999904632568,201,51,1.0,0.9019607843137255,0.9571428571428572,1.0,0.06699999999999995,0.02400000000000002,0.002,0.002,0.789,9923,1.0,0.9033333333333333,0.0,0.0,0.028,0.789,0.018,0.011
409,1,inaturalist,104536,104792,256,0.171875,0.5099999904632568,201,50,0.9950248756218906,0.86,0.9433962264150944,0.9772727272727273,0.07499999999999996,0.02200000000000002,0.002,0.002,0.795,9927,0.9966666666666667,0.89,0.0,0.0,0.027,0.795,0.015,0.009
410,1,inaturalist,104792,105048,256,0.1640625,0.5099999904632568,208,44,1.0,0.9545454545454546,0.9719626168224299,1.0,0.07699999999999996,0.016000000000000014,0.002,0.002,0.774,9930,0.9966666666666667,0.8966666666666666,0.0,0.0,0.019,0.774,0.014,0.009
411,1,inaturalist,105048,105304,256,0.15625,0.5099999904632568,206,42,1.0,0.9523809523809523,0.9537037037037037,1.0,0.06499999999999995,0.014000000000000012,0.002,0.002,0.779,9934,1.0,0.9,0.0,0.0,0.018,0.779,0.016,0.01
412,1,inaturalist,105304,105560,256,0.13671875,0.5099999904632568,213,39,1.0,0.8974358974358975,0.9638009049773756,1.0,0.05600000000000005,0.017000000000000015,0.002,0.002,0.775,9935,1.0,0.9033333333333333,0.0,0.0,0.018,0.775,0.015,0.01
413,1,inaturalist,105560,105816,256,0.171875,0.5099999904632568,202,52,1.0,0.8461538461538461,0.9528301886792453,1.0,0.05800000000000005,0.017000000000000015,0.002,0.002,0.785,9939,1.0,0.9,0.0,0.0,0.022,0.785,0.014,0.01
414,1,inaturalist,105816,106072,256,0.17578125,0.5099999904632568,203,49,1.0,0.8979591836734694,0.9620853080568721,0.9777777777777777,0.07999999999999996,0.025000000000000022,0.002,0.002,0.799,9942,1.0,0.8966666666666666,0.0,0.0,0.026,0.799,0.012,0.008
415,1,inaturalist,106072,106328,256,0.18359375,0.5099999904632568,199,48,0.9949748743718593,0.9375,0.9473684210526315,0.9574468085106383,0.08499999999999996,0.028000000000000025,0.003,0.003,0.807,9944,0.9966666666666667,0.9066666666666666,0.0,0.0,0.028,0.807,0.011,0.008
416,1,inaturalist,106328,106584,256,0.19140625,0.5099999904632568,198,52,1.0,0.9423076923076923,0.9565217391304348,1.0,0.08099999999999996,0.018000000000000016,0.003,0.003,0.8,9947,1.0,0.9133333333333333,0.0,0.0,0.028,0.8,0.012,0.008
417,1,inaturalist,106584,106840,256,0.16796875,0.5099999904632568,204,46,1.0,0.9347826086956522,0.9577464788732394,1.0,0.06999999999999995,0.02200000000000002,0.004,0.004,0.8,9950,1.0,0.9066666666666666,0.0,0.0,0.03,0.8,0.014,0.008
418,1,inaturalist,106840,107096,256,0.15625,0.5099999904632568,208,44,1.0,0.8863636363636364,0.9629629629629629,0.975,0.07399999999999995,0.015000000000000013,0.004,0.004,0.795,9952,1.0,0.91,0.0,0.0,0.032,0.795,0.015,0.008
419,1,inaturalist,107096,107352,256,0.15625,0.5099999904632568,211,40,1.0,0.975,0.9768518518518519,0.975,0.06599999999999995,0.019000000000000017,0.004,0.004,0.805,9952,1.0,0.9266666666666666,0.0,0.0,0.029,0.805,0.017,0.011
420,1,inaturalist,107352,107608,256,0.12109375,0.5099999904632568,220,35,1.0,0.8857142857142857,0.9777777777777777,1.0,0.05500000000000005,0.02400000000000002,0.004,0.004,0.825,9952,1.0,0.9266666666666666,0.0,0.0,0.03,0.825,0.021,0.015
421,1,inaturalist,107608,107864,256,0.1328125,0.5099999904632568,218,37,1.0,0.918918918918919,0.9819819819819819,1.0,0.06899999999999995,0.03200000000000003,0.004,0.004,0.819,9954,1.0,0.9266666666666666,0.0,0.0,0.029,0.819,0.021,0.016
422,1,inaturalist,107864,108120,256,0.1484375,0.5099999904632568,213,41,1.0,0.926829268292683,0.9770642201834863,1.0,0.06399999999999995,0.019000000000000017,0.004,0.004,0.804,9955,1.0,0.9266666666666666,0.0,0.0,0.029,0.804,0.021,0.019
423,1,inaturalist,108120,108376,256,0.1328125,0.5099999904632568,210,41,1.0,0.8048780487804879,0.9459459459459459,0.9705882352941176,0.07299999999999995,0.028000000000000025,0.004,0.004,0.812,9957,1.0,0.9033333333333333,0.0,0.0,0.03,0.812,0.024,0.021
424,1,inaturalist,108376,108632,256,0.19140625,0.5099999904632568,198,52,0.9949494949494949,0.9230769230769231,0.9516908212560387,0.9795918367346939,0.06699999999999995,0.027000000000000024,0.004,0.004,0.806,9957,0.9966666666666667,0.9033333333333333,0.0,0.0,0.03,0.806,0.022,0.021
425,1,inaturalist,108632,108888,256,0.15234375,0.5099999904632568,211,42,1.0,0.9285714285714286,0.9723502304147466,1.0,0.09299999999999997,0.02400000000000002,0.004,0.004,0.784,9961,1.0,0.9066666666666666,0.0,0.0,0.03,0.784,0.027,0.021
426,1,inaturalist,108888,109144,256,0.171875,0.5099999904632568,205,50,1.0,0.88,0.9669811320754716,1.0,0.06799999999999995,0.02200000000000002,0.004,0.004,0.784,9968,1.0,0.8966666666666666,0.0,0.0,0.028,0.784,0.029,0.019
427,1,inaturalist,109144,109400,256,0.16796875,0.5099999904632568,208,45,1.0,0.9333333333333333,0.9765258215962441,0.9767441860465116,0.07399999999999995,0.02200000000000002,0.003,0.003,0.791,9970,1.0,0.9,0.0,0.0,0.03,0.791,0.031,0.021
428,1,inaturalist,109400,109656,256,0.1640625,0.5099999904632568,208,41,1.0,1.0,0.9719626168224299,0.9761904761904762,0.07599999999999996,0.02400000000000002,0.003,0.003,0.8,9972,1.0,0.9133333333333333,0.0,0.0,0.029,0.8,0.024,0.014
429,1,inaturalist,109656,109912,256,0.16796875,0.5099999904632568,207,44,1.0,0.9545454545454546,0.971830985915493,0.9767441860465116,0.07199999999999995,0.02400000000000002,0.003,0.003,0.802,9974,1.0,0.9233333333333333,0.0,0.0,0.029,0.802,0.023,0.014
430,1,inaturalist,109912,110168,256,0.18359375,0.5099999904632568,195,54,0.9948717948717949,0.8518518518518519,0.9282296650717703,0.9787234042553191,0.06999999999999995,0.02400000000000002,0.004,0.004,0.791,9975,0.9966666666666667,0.9233333333333333,0.0,0.0,0.031,0.791,0.025,0.018
431,1,inaturalist,110168,110424,256,0.20703125,0.5099999904632568,195,56,1.0,0.9464285714285714,0.9605911330049262,1.0,0.08499999999999996,0.030000000000000027,0.004,0.004,0.809,9977,1.0,0.9233333333333333,0.0,0.0,0.031,0.809,0.017,0.013
432,1,inaturalist,110424,110680,256,0.13671875,0.5099999904632568,216,38,1.0,0.9210526315789473,0.9773755656108597,1.0,0.09699999999999998,0.02400000000000002,0.004,0.004,0.814,9981,1.0,0.9233333333333333,0.0,0.0,0.032,0.814,0.017,0.014
433,1,inaturalist,110680,110936,256,0.1796875,0.5099999904632568,200,50,1.0,0.9,0.9523809523809523,0.9782608695652174,0.062000000000000055,0.02300000000000002,0.004,0.004,0.805,9983,1.0,0.9233333333333333,0.0,0.0,0.032,0.805,0.016,0.012
434,1,inaturalist,110936,111192,256,0.1171875,0.5099999904632568,219,33,1.0,0.9090909090909091,0.9690265486725663,1.0,0.06699999999999995,0.02400000000000002,0.004,0.004,0.807,9985,1.0,0.92,0.0,0.0,0.032,0.807,0.015,0.013
435,1,inaturalist,111192,111448,256,0.17578125,0.5099999904632568,205,51,1.0,0.8823529411764706,0.9715639810426541,1.0,0.05600000000000005,0.028000000000000025,0.004,0.004,0.797,9987,1.0,0.9033333333333333,0.0,0.0,0.031,0.797,0.017,0.011
436,1,inaturalist,111448,111704,256,0.19140625,0.5099999904632568,202,50,1.0,0.98,0.9758454106280193,1.0,0.07599999999999996,0.029000000000000026,0.005,0.005,0.796,9988,1.0,0.91,0.0,0.0,0.033,0.796,0.02,0.014
437,1,inaturalist,111704,111960,256,0.20703125,0.5099999904632568,196,56,1.0,0.9464285714285714,0.9655172413793104,1.0,0.07699999999999996,0.02400000000000002,0.005,0.005,0.801,9989,1.0,0.9266666666666666,0.0,0.0,0.034,0.801,0.02,0.015
438,1,inaturalist,111960,112216,256,0.1953125,0.5099999904632568,204,49,0.9901960784313726,0.9795918367346939,0.9805825242718447,0.96,0.08799999999999997,0.029000000000000026,0.005,0.005,0.795,9990,0.9933333333333333,0.93,0.0,0.0,0.034,0.795,0.02,0.013
439,1,inaturalist,112216,112472,256,0.1328125,0.5099999904632568,215,37,1.0,0.918918918918919,0.9684684684684685,1.0,0.08099999999999996,0.026000000000000023,0.005,0.005,0.815,9990,1.0,0.9333333333333333,0.0,0.0,0.032,0.815,0.02,0.013
440,1,inaturalist,112472,112728,256,0.2109375,0.5099999904632568,195,56,1.0,0.9464285714285714,0.9653465346534653,0.9814814814814815,0.05600000000000005,0.02100000000000002,0.005,0.005,0.798,9990,1.0,0.9433333333333334,0.0,0.0,0.032,0.798,0.022,0.015
441,1,inaturalist,112728,112984,256,0.15234375,0.5099999904632568,209,41,1.0,0.9512195121951219,0.9631336405529954,1.0,0.08099999999999996,0.02300000000000002,0.005,0.005,0.798,9992,1.0,0.9566666666666667,0.0,0.0,0.032,0.798,0.023,0.016
442,1,inaturalist,112984,113240,256,0.16796875,0.5099999904632568,211,43,0.995260663507109,0.9534883720930233,0.9859154929577465,0.9534883720930233,0.06399999999999995,0.02200000000000002,0.005,0.005,0.805,9996,0.9966666666666667,0.9533333333333334,0.0,0.0,0.031,0.805,0.02,0.014
443,1,inaturalist,113240,113496,256,0.1640625,0.5099999904632568,211,43,1.0,0.9767441860465116,0.985981308411215,1.0,0.06999999999999995,0.020000000000000018,0.005,0.005,0.823,9996,0.9966666666666667,0.9533333333333334,0.0,0.0,0.028,0.823,0.019,0.013
444,1,inaturalist,113496,113752,256,0.17578125,0.5099999904632568,204,45,1.0,0.9777777777777777,0.966824644549763,0.9777777777777777,0.05900000000000005,0.025000000000000022,0.004,0.004,0.805,9998,1.0,0.96,0.0,0.0,0.023,0.805,0.021,0.015
445,1,inaturalist,113752,114008,256,0.1640625,0.5099999904632568,207,46,0.9951690821256038,0.8913043478260869,0.9626168224299065,0.9761904761904762,0.06899999999999995,0.025000000000000022,0.004,0.004,0.812,9999,0.9966666666666667,0.9466666666666667,0.0,0.0,0.026,0.812,0.021,0.015
446,1,inaturalist,114008,114264,256,0.16015625,0.5099999904632568,207,45,0.9951690821256038,0.8888888888888888,0.958139534883721,0.975609756097561,0.06799999999999995,0.02300000000000002,0.004,0.004,0.81,10002,0.9966666666666667,0.9366666666666666,0.0,0.0,0.025,0.81,0.019,0.013
447,1,inaturalist,114264,114520,256,0.13671875,0.5099999904632568,214,36,1.0,0.9722222222222222,0.9683257918552036,1.0,0.07599999999999996,0.027000000000000024,0.004,0.004,0.81,10008,1.0,0.9433333333333334,0.0,0.0,0.023,0.81,0.019,0.012
448,1,inaturalist,114520,114776,256,0.19140625,0.5099999904632568,202,52,1.0,0.9423076923076923,0.9758454106280193,1.0,0.07199999999999995,0.025000000000000022,0.004,0.004,0.805,10009,1.0,0.94,0.0,0.0,0.026,0.805,0.026,0.015
449,1,inaturalist,114776,115032,256,0.16796875,0.5099999904632568,206,45,1.0,0.9333333333333333,0.9671361502347418,0.9767441860465116,0.08699999999999997,0.02100000000000002,0.004,0.004,0.799,10009,1.0,0.94,0.0,0.0,0.027,0.799,0.021,0.014
450,1,inaturalist,115032,115288,256,0.15625,0.5099999904632568,211,42,0.995260663507109,0.9285714285714286,0.9722222222222222,0.975,0.08799999999999997,0.02300000000000002,0.004,0.004,0.807,10010,0.9966666666666667,0.93,0.0,0.0,0.034,0.807,0.023,0.016
451,1,inaturalist,115288,115544,256,0.15625,0.5099999904632568,204,46,1.0,0.8695652173913043,0.9444444444444444,1.0,0.07199999999999995,0.02100000000000002,0.004,0.004,0.797,10014,0.9966666666666667,0.9233333333333333,0.0,0.0,0.033,0.797,0.024,0.014
452,1,inaturalist,115544,115640,96,0.13541666666666666,0.5099999904632568,77,14,1.0,0.9285714285714286,0.927710843373494,1.0,0.08099999999999996,0.03200000000000003,0.004,0.004,0.791,10017,0.9966666666666667,0.92,0.0,0.0,0.027,0.791,0.024,0.018
453,2,sun,115640,115896,256,0.1640625,0.5099999904632568,235,14,0.902127659574468,0.8571428571428571,0.9906542056074766,0.2857142857142857,0.038000000000000034,0.025000000000000022,0.004,0.004,0.037,10029,0.9233333333333333,0.92,0.0,0.0,0.029,0.781,0.037,0.025
454,2,sun,115896,116152,256,0.140625,0.5099999904632568,223,22,0.9237668161434978,0.6818181818181818,0.9363636363636364,0.4166666666666667,0.039000000000000035,0.029000000000000026,0.004,0.004,0.054,10037,0.9,0.9033333333333333,0.0,0.0,0.029,0.763,0.054,0.034
455,2,sun,116152,116408,256,0.1875,0.5099999904632568,220,29,0.9090909090909091,0.7586206896551724,0.9615384615384616,0.4583333333333333,0.06399999999999995,0.025000000000000022,0.004,0.004,0.073,10052,0.9033333333333333,0.89,0.0,0.0,0.03,0.735,0.073,0.045
456,2,sun,116408,116664,256,0.20703125,0.5099999904632568,209,40,0.9234449760765551,0.825,0.9507389162561576,0.6226415094339622,0.07999999999999996,0.02200000000000002,0.004,0.004,0.106,10085,0.91,0.87,0.0,0.0,0.031,0.695,0.106,0.067
457,2,sun,116664,116920,256,0.12109375,0.5099999904632568,227,18,0.9515418502202643,0.9444444444444444,0.96,0.5483870967741935,0.09799999999999998,0.027000000000000024,0.005,0.005,0.162,10123,0.9533333333333334,0.8733333333333333,0.0,0.0,0.028,0.644,0.162,0.114
458,2,sun,116920,117176,256,0.13671875,0.5099999904632568,211,36,0.9715639810426541,0.7222222222222222,0.9276018099547512,0.7428571428571429,0.06499999999999995,0.02400000000000002,0.006,0.006,0.192,10143,0.9633333333333334,0.8433333333333334,0.0,0.0,0.028,0.617,0.192,0.141
459,2,sun,117176,117432,256,0.2265625,0.5199999809265137,193,54,0.9689119170984456,0.8703703703703703,0.9444444444444444,0.8103448275862069,0.137,0.03600000000000003,0.007,0.007,0.259,10215,0.9633333333333334,0.83,0.0,0.0,0.031,0.531,0.259,0.196
460,2,sun,117432,117688,256,0.1875,0.5199999809265137,193,50,0.9948186528497409,0.9,0.9230769230769231,0.9375,0.21699999999999997,0.038000000000000034,0.009,0.009,0.386,10339,0.9866666666666667,0.8333333333333334,0.0,0.0,0.029,0.369,0.386,0.275
461,2,sun,117688,117944,256,0.17578125,0.5199999809265137,201,46,0.9850746268656716,0.8478260869565217,0.9383886255924171,0.8666666666666667,0.23299999999999998,0.020000000000000018,0.013,0.013,0.532,10494,0.99,0.83,0.0,0.0,0.037,0.188,0.532,0.367
462,2,sun,117944,118200,256,0.14453125,0.5199999809265137,195,44,0.9846153846153847,0.7727272727272727,0.8767123287671232,0.918918918918919,0.19199999999999995,0.02200000000000002,0.015,0.015,0.622,10616,0.99,0.8333333333333334,0.0,0.0,0.042,0.048,0.622,0.433
463,2,sun,118200,118456,256,0.15625,0.5199999809265137,204,40,1.0,0.95,0.9444444444444444,0.95,0.10799999999999998,0.02200000000000002,0.016,0.016,0.667,10686,0.9966666666666667,0.8533333333333334,0.0,0.0,0.044,0.035,0.667,0.478
464,2,sun,118456,118712,256,0.1640625,0.5199999809265137,188,53,1.0,0.7358490566037735,0.8785046728971962,0.9285714285714286,0.09799999999999998,0.031000000000000028,0.018,0.018,0.689,10743,1.0,0.8366666666666667,0.0,0.0,0.047,0.033,0.689,0.505
465,2,sun,118712,118968,256,0.16015625,0.5199999809265137,192,49,0.9895833333333334,0.7959183673469388,0.8837209302325582,0.9512195121951219,0.10799999999999998,0.02400000000000002,0.018,0.018,0.693,10793,0.9933333333333333,0.8333333333333334,0.0,0.0,0.049,0.031,0.693,0.523
466,2,sun,118968,119224,256,0.1484375,0.5199999809265137,207,43,0.9951690821256038,0.8372093023255814,0.944954128440367,0.9473684210526315,0.10699999999999998,0.03200000000000003,0.015,0.015,0.699,10840,0.99,0.8266666666666667,0.0,0.0,0.047,0.031,0.699,0.528
467,2,sun,119224,119480,256,0.15234375,0.5199999809265137,200,46,0.99,0.782608695652174,0.9124423963133641,0.9230769230769231,0.09599999999999997,0.031000000000000028,0.017,0.017,0.693,10871,0.9933333333333333,0.8066666666666666,0.0,0.0,0.053,0.03,0.693,0.533
468,2,sun,119480,119736,256,0.16015625,0.5199999809265137,195,50,1.0,0.8,0.9069767441860465,0.975609756097561,0.11299999999999999,0.031000000000000028,0.019,0.019,0.685,10911,0.9966666666666667,0.81,0.0,0.0,0.049,0.029,0.685,0.53
469,2,sun,119736,119992,256,0.1953125,0.5199999809265137,178,66,1.0,0.7424242424242424,0.8640776699029126,0.98,0.126,0.030000000000000027,0.02,0.02,0.698,10961,1.0,0.7833333333333333,0.0,0.0,0.05,0.026,0.698,0.552
470,2,sun,119992,120248,256,0.15625,0.5199999809265137,192,50,1.0,0.78,0.8888888888888888,0.975,0.11199999999999999,0.029000000000000026,0.012,0.012,0.697,11009,1.0,0.7833333333333333,0.0,0.0,0.044,0.019,0.697,0.547
471,2,sun,120248,120504,256,0.1796875,0.5199999809265137,187,58,1.0,0.7931034482758621,0.8904761904761904,1.0,0.10999999999999999,0.027000000000000024,0.011,0.011,0.692,11052,1.0,0.7866666666666666,0.0,0.0,0.042,0.017,0.692,0.543
472,2,sun,120504,120760,256,0.1796875,0.5199999809265137,193,51,0.9948186528497409,0.8627450980392157,0.9142857142857143,0.9565217391304348,0.128,0.031000000000000028,0.013,0.013,0.688,11098,0.9966666666666667,0.7966666666666666,0.0,0.0,0.04,0.014,0.688,0.537
473,2,sun,120760,121016,256,0.16015625,0.5199999809265137,197,45,0.9898477157360406,0.8444444444444444,0.9069767441860465,0.926829268292683,0.10399999999999998,0.030000000000000027,0.013,0.013,0.691,11122,0.9933333333333333,0.8033333333333333,0.0,0.0,0.035,0.015,0.691,0.536
474,2,sun,121016,121272,256,0.16796875,0.5199999809265137,193,56,1.0,0.7678571428571429,0.9061032863849765,1.0,0.11599999999999999,0.02400000000000002,0.014,0.014,0.695,11165,0.9966666666666667,0.7933333333333333,0.0,0.0,0.038,0.011,0.695,0.549
475,2,sun,121272,121528,256,0.19140625,0.5199999809265137,183,63,1.0,0.7619047619047619,0.8840579710144928,0.9795918367346939,0.10599999999999998,0.02200000000000002,0.013,0.013,0.68,11205,1.0,0.8066666666666666,0.0,0.0,0.04,0.013,0.68,0.548
476,2,sun,121528,121784,256,0.1875,0.5199999809265137,195,52,1.0,0.9230769230769231,0.9375,1.0,0.122,0.030000000000000027,0.014,0.014,0.684,11241,1.0,0.8133333333333334,0.0,0.0,0.045,0.015,0.684,0.548
477,2,sun,121784,122040,256,0.12890625,0.5199999809265137,206,41,0.9854368932038835,0.7317073170731707,0.9103139013452914,0.9090909090909091,0.121,0.030000000000000027,0.014,0.014,0.684,11278,0.99,0.8133333333333334,0.0,0.0,0.049,0.014,0.684,0.536
478,2,sun,122040,122296,256,0.1484375,0.5199999809265137,195,45,1.0,0.8444444444444444,0.8944954128440367,1.0,0.08799999999999997,0.02400000000000002,0.016,0.016,0.679,11304,0.9966666666666667,0.81,0.0,0.0,0.047,0.014,0.679,0.532
479,2,sun,122296,122552,256,0.18359375,0.5199999809265137,182,57,1.0,0.8070175438596491,0.8708133971291866,0.9787234042553191,0.09399999999999997,0.029000000000000026,0.015,0.015,0.672,11336,1.0,0.8033333333333333,0.0,0.0,0.049,0.012,0.672,0.53
480,2,sun,122552,122808,256,0.140625,0.5199999809265137,201,42,1.0,0.8333333333333334,0.9136363636363637,0.9722222222222222,0.11099999999999999,0.027000000000000024,0.016,0.016,0.673,11357,1.0,0.8166666666666667,0.0,0.0,0.053,0.014,0.673,0.532
481,2,sun,122808,123064,256,0.1640625,0.5299999713897705,198,48,0.9949494949494949,0.8541666666666666,0.9205607476635514,0.9761904761904762,0.10499999999999998,0.02200000000000002,0.017,0.017,0.692,11377,0.9966666666666667,0.83,0.0,0.0,0.049,0.014,0.692,0.533
482,2,sun,123064,123320,256,0.1796875,0.5299999713897705,187,61,0.9946524064171123,0.7377049180327869,0.8857142857142857,0.9782608695652174,0.10199999999999998,0.02400000000000002,0.018,0.018,0.701,11397,0.9933333333333333,0.8033333333333333,0.0,0.0,0.05,0.015,0.701,0.539
483,2,sun,123320,123576,256,0.16015625,0.5299999713897705,192,46,0.9947916666666666,0.8695652173913043,0.8883720930232558,0.975609756097561,0.139,0.03500000000000003,0.016,0.016,0.695,11423,0.9933333333333333,0.82,0.0,0.0,0.042,0.018,0.695,0.547
484,2,sun,123576,123832,256,0.15625,0.5299999713897705,200,49,0.995,0.7959183673469388,0.9212962962962963,0.975,0.09599999999999997,0.02100000000000002,0.015,0.015,0.695,11451,0.9933333333333333,0.8166666666666667,0.0,0.0,0.041,0.013,0.695,0.545
485,2,sun,123832,124088,256,0.1796875,0.5299999713897705,189,55,1.0,0.8363636363636363,0.9,1.0,0.09799999999999998,0.02200000000000002,0.015,0.015,0.699,11467,1.0,0.8166666666666667,0.0,0.0,0.041,0.019,0.699,0.544
486,2,sun,124088,124344,256,0.15234375,0.5299999713897705,198,45,0.98989898989899,0.8,0.9032258064516129,0.9230769230769231,0.10299999999999998,0.028000000000000025,0.017,0.017,0.695,11490,0.9933333333333333,0.8166666666666667,0.0,0.0,0.045,0.023,0.695,0.528
487,2,sun,124344,124600,256,0.11328125,0.5299999713897705,211,34,0.995260663507109,0.7941176470588235,0.9251101321585903,0.9310344827586207,0.11399999999999999,0.038000000000000034,0.018,0.018,0.69,11507,0.9933333333333333,0.81,0.0,0.0,0.045,0.018,0.69,0.548
488,2,sun,124600,124856,256,0.18359375,0.5299999713897705,183,53,1.0,0.7735849056603774,0.8755980861244019,0.8723404255319149,0.07099999999999995,0.026000000000000023,0.017,0.017,0.688,11518,1.0,0.8133333333333334,0.0,0.0,0.045,0.018,0.688,0.546
489,2,sun,124856,125112,256,0.15234375,0.5299999713897705,197,49,1.0,0.7959183673469388,0.9078341013824884,1.0,0.11199999999999999,0.03700000000000003,0.017,0.017,0.699,11539,1.0,0.8033333333333333,0.0,0.0,0.047,0.019,0.699,0.56
490,2,sun,125112,125368,256,0.17578125,0.5299999713897705,199,52,1.0,0.8461538461538461,0.943127962085308,0.9777777777777777,0.11499999999999999,0.02400000000000002,0.018,0.018,0.702,11562,1.0,0.81,0.0,0.0,0.047,0.022,0.702,0.557
491,2,sun,125368,125624,256,0.12890625,0.5299999713897705,204,37,0.9950980392156863,0.8378378378378378,0.9103139013452914,0.9393939393939394,0.10799999999999998,0.03400000000000003,0.015,0.015,0.699,11581,0.9966666666666667,0.8166666666666667,0.0,0.0,0.046,0.019,0.699,0.558
492,2,sun,125624,125880,256,0.2109375,0.5299999713897705,184,60,0.9891304347826086,0.85,0.900990099009901,0.9444444444444444,0.07799999999999996,0.028000000000000025,0.013,0.013,0.709,11591,0.9933333333333333,0.82,0.0,0.0,0.044,0.018,0.709,0.554
493,2,sun,125880,126136,256,0.125,0.5299999713897705,200,44,1.0,0.6818181818181818,0.8928571428571429,0.9375,0.10499999999999998,0.02400000000000002,0.016,0.016,0.704,11609,0.9933333333333333,0.7966666666666666,0.0,0.0,0.047,0.024,0.704,0.547
494,2,sun,126136,126392,256,0.14453125,0.5299999713897705,195,45,0.9948717948717949,0.7555555555555555,0.8858447488584474,0.918918918918919,0.09999999999999998,0.02400000000000002,0.014,0.014,0.684,11632,0.9966666666666667,0.7966666666666666,0.0,0.0,0.046,0.027,0.684,0.541
495,2,sun,126392,126648,256,0.1328125,0.5299999713897705,195,49,1.0,0.6938775510204082,0.8783783783783784,1.0,0.10199999999999998,0.029000000000000026,0.013,0.013,0.694,11647,1.0,0.7766666666666666,0.0,0.0,0.044,0.025,0.694,0.542
496,2,sun,126648,126904,256,0.17578125,0.5299999713897705,188,56,1.0,0.7857142857142857,0.8909952606635071,0.9777777777777777,0.11399999999999999,0.029000000000000026,0.016,0.016,0.699,11665,1.0,0.7666666666666667,0.0,0.0,0.041,0.025,0.699,0.55
497,2,sun,126904,127160,256,0.17578125,0.5299999713897705,186,55,0.9946236559139785,0.8,0.8767772511848341,0.9777777777777777,0.125,0.025000000000000022,0.015,0.015,0.684,11689,0.9966666666666667,0.77,0.0,0.0,0.041,0.023,0.684,0.549
498,2,sun,127160,127416,256,0.171875,0.5299999713897705,184,55,1.0,0.7818181818181819,0.8679245283018868,0.9772727272727273,0.10699999999999998,0.03700000000000003,0.014,0.014,0.679,11710,1.0,0.7533333333333333,0.0,0.0,0.038,0.021,0.679,0.547
499,2,sun,127416,127672,256,0.15234375,0.5299999713897705,200,45,1.0,0.8444444444444444,0.9216589861751152,0.9743589743589743,0.119,0.02400000000000002,0.012,0.012,0.674,11733,1.0,0.7733333333333333,0.0,0.0,0.033,0.019,0.674,0.533
500,2,sun,127672,127928,256,0.21875,0.5299999713897705,177,69,1.0,0.8115942028985508,0.885,1.0,0.119,0.026000000000000023,0.013,0.013,0.682,11751,1.0,0.8,0.0,0.0,0.033,0.017,0.682,0.544
501,2,sun,127928,128184,256,0.15234375,0.5299999713897705,186,54,1.0,0.7222222222222222,0.8571428571428571,1.0,0.124,0.03500000000000003,0.015,0.015,0.696,11770,1.0,0.7966666666666666,0.0,0.0,0.042,0.014,0.696,0.551
502,2,sun,128184,128440,256,0.125,0.5299999713897705,207,42,1.0,0.7380952380952381,0.9241071428571429,0.96875,0.10899999999999999,0.025000000000000022,0.015,0.015,0.686,11784,1.0,0.7833333333333333,0.0,0.0,0.043,0.013,0.686,0.557
503,2,sun,128440,128696,256,0.1875,0.5299999713897705,192,54,1.0,0.8888888888888888,0.9230769230769231,1.0,0.07899999999999996,0.026000000000000023,0.015,0.015,0.687,11788,1.0,0.7966666666666666,0.0,0.0,0.043,0.013,0.687,0.56
504,2,sun,128696,128952,256,0.17578125,0.5299999713897705,190,54,1.0,0.7962962962962963,0.9004739336492891,0.9555555555555556,0.11299999999999999,0.03500000000000003,0.014,0.014,0.7,11803,1.0,0.8,0.0,0.0,0.044,0.006,0.7,0.571
505,2,sun,128952,129208,256,0.12890625,0.5299999713897705,204,38,0.9901960784313726,0.8157894736842105,0.905829596412556,0.9393939393939394,0.12,0.027000000000000024,0.016,0.016,0.687,11816,0.9933333333333333,0.8,0.0,0.0,0.046,0.007,0.687,0.573
506,2,sun,129208,129464,256,0.15625,0.5399999618530273,196,49,0.9948979591836735,0.7959183673469388,0.9027777777777778,0.975,0.08899999999999997,0.02300000000000002,0.015,0.015,0.694,11823,0.99,0.7933333333333333,0.0,0.0,0.047,0.009,0.694,0.57
507,2,sun,129464,129720,256,0.140625,0.5399999618530273,199,46,0.9949748743718593,0.7608695652173914,0.9,0.9722222222222222,0.10199999999999998,0.029000000000000026,0.015,0.015,0.688,11836,0.9966666666666667,0.79,0.0,0.0,0.042,0.009,0.688,0.57
508,2,sun,129720,129976,256,0.1796875,0.5399999618530273,190,56,0.9947368421052631,0.7857142857142857,0.9,0.9565217391304348,0.09999999999999998,0.031000000000000028,0.014,0.014,0.683,11845,0.9933333333333333,0.8066666666666666,0.0,0.0,0.036,0.011,0.683,0.575
509,2,sun,129976,130232,256,0.15234375,0.5399999618530273,196,48,0.9948979591836735,0.75,0.8986175115207373,0.9230769230769231,0.10299999999999998,0.02400000000000002,0.013,0.013,0.685,11862,0.9933333333333333,0.7833333333333333,0.0,0.0,0.033,0.012,0.685,0.573
510,2,sun,130232,130488,256,0.140625,0.5399999618530273,203,41,1.0,0.8536585365853658,0.9227272727272727,0.9722222222222222,0.119,0.03300000000000003,0.013,0.013,0.672,11878,0.9966666666666667,0.7933333333333333,0.0,0.0,0.036,0.016,0.672,0.575
511,2,sun,130488,130744,256,0.1796875,0.5399999618530273,177,60,1.0,0.7666666666666667,0.8428571428571429,1.0,0.09499999999999997,0.03200000000000003,0.014,0.014,0.678,11890,1.0,0.7833333333333333,0.0,0.0,0.041,0.015,0.678,0.57
512,2,sun,130744,131000,256,0.22265625,0.5399999618530273,176,64,0.9943181818181818,0.84375,0.8793969849246231,0.9473684210526315,0.134,0.04400000000000004,0.014,0.014,0.683,11908,0.9966666666666667,0.7866666666666666,0.0,0.0,0.039,0.017,0.683,0.565
513,2,sun,131000,131256,256,0.1796875,0.5399999618530273,185,60,1.0,0.7666666666666667,0.8809523809523809,1.0,0.11699999999999999,0.02100000000000002,0.015,0.015,0.693,11923,1.0,0.7966666666666666,0.0,0.0,0.043,0.017,0.693,0.565
514,2,sun,131256,131512,256,0.16015625,0.5399999618530273,189,54,1.0,0.7592592592592593,0.8790697674418605,1.0,0.11299999999999999,0.025000000000000022,0.016,0.016,0.689,11940,1.0,0.7966666666666666,0.0,0.0,0.052,0.014,0.689,0.562
515,2,sun,131512,131768,256,0.15625,0.5399999618530273,190,49,0.9947368421052631,0.7551020408163265,0.875,0.925,0.11599999999999999,0.028000000000000025,0.017,0.017,0.704,11954,0.9966666666666667,0.7833333333333333,0.0,0.0,0.056,0.012,0.704,0.562
516,2,sun,131768,132024,256,0.1484375,0.5399999618530273,196,53,0.9948979591836735,0.6981132075471698,0.8944954128440367,0.9736842105263158,0.10399999999999998,0.026000000000000023,0.017,0.017,0.696,11967,0.9933333333333333,0.7666666666666667,0.0,0.0,0.056,0.01,0.696,0.565
517,2,sun,132024,132280,256,0.17578125,0.5399999618530273,198,50,1.0,0.9,0.9383886255924171,1.0,0.124,0.03200000000000003,0.019,0.019,0.706,11982,1.0,0.78,0.0,0.0,0.054,0.012,0.706,0.562
518,2,sun,132280,132536,256,0.1484375,0.5399999618530273,197,47,1.0,0.7659574468085106,0.9036697247706422,0.9473684210526315,0.11099999999999999,0.029000000000000026,0.017,0.017,0.708,11996,1.0,0.77,0.0,0.0,0.053,0.01,0.708,0.561
519,2,sun,132536,132792,256,0.171875,0.5399999618530273,190,54,0.9947368421052631,0.7777777777777778,0.8915094339622641,0.9545454545454546,0.08899999999999997,0.02300000000000002,0.019,0.019,0.696,12007,0.9966666666666667,0.77,0.0,0.0,0.053,0.015,0.696,0.544
520,2,sun,132792,133048,256,0.17578125,0.5399999618530273,181,58,1.0,0.7413793103448276,0.8578199052132701,0.9555555555555556,0.10799999999999998,0.030000000000000027,0.019,0.018,0.687,12019,0.9966666666666667,0.7666666666666667,0.0,0.0,0.048,0.018,0.687,0.527
521,2,sun,133048,133304,256,0.203125,0.5399999618530273,176,60,1.0,0.8333333333333334,0.8627450980392157,0.9615384615384616,0.10599999999999998,0.026000000000000023,0.019,0.018,0.678,12030,1.0,0.79,0.0,0.0,0.044,0.017,0.678,0.515
522,2,sun,133304,133560,256,0.14453125,0.5399999618530273,195,44,0.9948717948717949,0.75,0.8858447488584474,0.8918918918918919,0.14400000000000002,0.029000000000000026,0.022,0.021,0.688,12046,0.9966666666666667,0.7866666666666666,0.0,0.0,0.049,0.017,0.688,0.516
523,2,sun,133560,133816,256,0.1640625,0.5399999618530273,186,56,1.0,0.7321428571428571,0.8691588785046729,0.9761904761904762,0.10099999999999998,0.02400000000000002,0.018,0.017,0.69,12063,0.9966666666666667,0.7666666666666667,0.0,0.0,0.048,0.017,0.69,0.519
524,2,sun,133816,134072,256,0.16015625,0.5399999618530273,195,49,0.9948717948717949,0.7959183673469388,0.9023255813953488,0.9512195121951219,0.118,0.03600000000000003,0.016,0.015,0.678,12075,0.9966666666666667,0.7733333333333333,0.0,0.0,0.045,0.013,0.678,0.513
525,2,sun,134072,134328,256,0.171875,0.5399999618530273,188,56,1.0,0.7857142857142857,0.8867924528301887,1.0,0.11599999999999999,0.019000000000000017,0.016,0.015,0.683,12087,1.0,0.7833333333333333,0.0,0.0,0.045,0.013,0.683,0.501
526,2,sun,134328,134584,256,0.1640625,0.5399999618530273,189,51,0.9788359788359788,0.7450980392156863,0.8644859813084113,0.9047619047619048,0.11399999999999999,0.031000000000000028,0.015,0.015,0.698,12093,0.9866666666666667,0.7733333333333333,0.0,0.0,0.047,0.019,0.698,0.532
527,2,sun,134584,134840,256,0.15625,0.5399999618530273,191,46,0.9895287958115183,0.7608695652173914,0.875,0.875,0.119,0.029000000000000026,0.015,0.015,0.69,12103,0.9833333333333333,0.7633333333333333,0.0,0.0,0.049,0.018,0.69,0.542
528,2,sun,134840,135096,256,0.19921875,0.5399999618530273,187,57,1.0,0.8947368421052632,0.9121951219512195,1.0,0.09499999999999997,0.026000000000000023,0.014,0.014,0.697,12114,0.9966666666666667,0.7866666666666666,0.0,0.0,0.044,0.02,0.697,0.533
529,2,sun,135096,135352,256,0.171875,0.5399999618530273,183,57,1.0,0.7719298245614035,0.8632075471698113,1.0,0.10599999999999998,0.02100000000000002,0.016,0.016,0.687,12132,1.0,0.7966666666666666,0.0,0.0,0.048,0.017,0.687,0.527
530,2,sun,135352,135608,256,0.15234375,0.5399999618530273,201,45,0.9950248756218906,0.8222222222222222,0.9216589861751152,0.9487179487179487,0.10799999999999998,0.028000000000000025,0.016,0.016,0.703,12137,0.9966666666666667,0.7933333333333333,0.0,0.0,0.051,0.02,0.703,0.532
531,2,sun,135608,135864,256,0.1484375,0.5399999618530273,195,45,1.0,0.8444444444444444,0.8944954128440367,1.0,0.11699999999999999,0.03500000000000003,0.016,0.016,0.706,12145,0.9966666666666667,0.8066666666666666,0.0,0.0,0.053,0.021,0.706,0.548
532,2,sun,135864,136120,256,0.12890625,0.5399999618530273,198,44,0.9949494949494949,0.7272727272727273,0.8834080717488789,0.9696969696969697,0.10199999999999998,0.03200000000000003,0.016,0.016,0.711,12150,0.9966666666666667,0.8033333333333333,0.0,0.0,0.048,0.016,0.711,0.548
533,2,sun,136120,136376,256,0.1328125,0.5399999618530273,199,43,0.9949748743718593,0.7209302325581395,0.8918918918918919,0.9117647058823529,0.10399999999999998,0.031000000000000028,0.018,0.018,0.697,12160,0.9966666666666667,0.7866666666666666,0.0,0.0,0.049,0.014,0.697,0.552
534,2,sun,136376,136632,256,0.1875,0.5399999618530273,187,52,0.9946524064171123,0.8076923076923077,0.8942307692307693,0.875,0.09899999999999998,0.031000000000000028,0.018,0.018,0.696,12170,0.9933333333333333,0.7833333333333333,0.0,0.0,0.047,0.011,0.696,0.552
535,2,sun,136632,136888,256,0.18359375,0.5399999618530273,188,55,0.9946808510638298,0.8,0.8947368421052632,0.9361702127659575,0.10399999999999998,0.026000000000000023,0.019,0.019,0.693,12178,0.9933333333333333,0.7833333333333333,0.0,0.0,0.046,0.018,0.693,0.549
536,2,sun,136888,137144,256,0.21484375,0.5399999618530273,183,62,0.994535519125683,0.8548387096774194,0.9054726368159204,0.9636363636363636,0.118,0.029000000000000026,0.02,0.02,0.699,12189,0.9933333333333333,0.7966666666666666,0.0,0.0,0.049,0.017,0.699,0.546
537,2,sun,137144,137400,256,0.16015625,0.5399999618530273,196,43,0.9948979591836735,0.8604651162790697,0.9069767441860465,0.9024390243902439,0.132,0.02200000000000002,0.017,0.017,0.706,12205,0.9933333333333333,0.8,0.0,0.0,0.043,0.015,0.706,0.543
538,2,sun,137400,137656,256,0.1796875,0.5399999618530273,180,57,0.9944444444444445,0.7719298245614035,0.8523809523809524,0.9565217391304348,0.08799999999999997,0.027000000000000024,0.014,0.014,0.707,12208,0.9933333333333333,0.8,0.0,0.0,0.037,0.015,0.707,0.539
539,2,sun,137656,137912,256,0.16796875,0.5399999618530273,193,53,0.9948186528497409,0.7924528301886793,0.9014084507042254,0.9767441860465116,0.11699999999999999,0.030000000000000027,0.016,0.016,0.694,12214,0.9966666666666667,0.81,0.0,0.0,0.043,0.015,0.694,0.54
540,2,sun,137912,138168,256,0.1484375,0.5399999618530273,185,58,1.0,0.6379310344827587,0.8486238532110092,0.9736842105263158,0.125,0.030000000000000027,0.016,0.016,0.691,12224,0.9966666666666667,0.7766666666666666,0.0,0.0,0.04,0.015,0.691,0.519
541,2,sun,138168,138424,256,0.15625,0.5399999618530273,193,49,1.0,0.8163265306122449,0.8935185185185185,1.0,0.11399999999999999,0.02200000000000002,0.016,0.016,0.684,12234,1.0,0.79,0.0,0.0,0.04,0.011,0.684,0.52
542,2,sun,138424,138680,256,0.15625,0.5399999618530273,193,50,1.0,0.8,0.8935185185185185,1.0,0.10899999999999999,0.031000000000000028,0.016,0.016,0.7,12248,1.0,0.7666666666666667,0.0,0.0,0.041,0.013,0.7,0.534
543,2,sun,138680,138936,256,0.1484375,0.5399999618530273,193,44,0.9896373056994818,0.7727272727272727,0.8761467889908257,0.8947368421052632,0.10699999999999998,0.031000000000000028,0.017,0.017,0.706,12255,0.9933333333333333,0.7633333333333333,0.0,0.0,0.048,0.015,0.706,0.541
544,2,sun,138936,139192,256,0.12890625,0.5399999618530273,197,39,1.0,0.8205128205128205,0.8834080717488789,0.9696969696969697,0.10799999999999998,0.03600000000000003,0.02,0.02,0.699,12268,0.9933333333333333,0.7733333333333333,0.0,0.0,0.048,0.016,0.699,0.555
545,2,sun,139192,139448,256,0.1875,0.5399999618530273,187,55,1.0,0.8363636363636363,0.8990384615384616,0.9583333333333334,0.09599999999999997,0.027000000000000024,0.014,0.014,0.695,12284,1.0,0.77,0.0,0.0,0.038,0.017,0.695,0.552
546,2,sun,139448,139704,256,0.19140625,0.5399999618530273,182,60,1.0,0.8166666666666667,0.8792270531400966,1.0,0.11399999999999999,0.028000000000000025,0.013,0.013,0.679,12293,1.0,0.8133333333333334,0.0,0.0,0.034,0.02,0.679,0.54
547,2,sun,139704,139960,256,0.15234375,0.5399999618530273,192,51,0.9947916666666666,0.7450980392156863,0.880184331797235,0.9743589743589743,0.11299999999999999,0.027000000000000024,0.013,0.013,0.682,12302,0.9966666666666667,0.8,0.0,0.0,0.034,0.019,0.682,0.54
548,2,sun,139960,140216,256,0.12890625,0.5399999618530273,198,47,1.0,0.7021276595744681,0.8878923766816144,1.0,0.09699999999999998,0.03200000000000003,0.013,0.013,0.681,12310,0.9966666666666667,0.7833333333333333,0.0,0.0,0.037,0.018,0.681,0.527
549,2,sun,140216,140472,256,0.1484375,0.5399999618530273,196,46,1.0,0.8043478260869565,0.8990825688073395,0.9736842105263158,0.09799999999999998,0.04200000000000004,0.013,0.013,0.679,12317,1.0,0.7833333333333333,0.0,0.0,0.041,0.019,0.679,0.537
550,2,sun,140472,140728,256,0.171875,0.5399999618530273,192,52,0.9947916666666666,0.7884615384615384,0.9009433962264151,0.9318181818181818,0.10999999999999999,0.03600000000000003,0.014,0.014,0.677,12325,0.9966666666666667,0.78,0.0,0.0,0.042,0.018,0.677,0.527
551,2,sun,140728,140984,256,0.1796875,0.5399999618530273,192,49,0.9895833333333334,0.8775510204081632,0.9047619047619048,0.9347826086956522,0.10199999999999998,0.025000000000000022,0.014,0.014,0.695,12332,0.9933333333333333,0.79,0.0,0.0,0.042,0.013,0.695,0.538
552,2,sun,140984,141240,256,0.19140625,0.5399999618530273,179,65,1.0,0.7538461538461538,0.8647342995169082,1.0,0.09699999999999998,0.028000000000000025,0.015,0.015,0.691,12335,0.9933333333333333,0.7833333333333333,0.0,0.0,0.043,0.016,0.691,0.531
553,2,sun,141240,141496,256,0.1484375,0.5399999618530273,199,47,0.9949748743718593,0.7659574468085106,0.908256880733945,0.9473684210526315,0.119,0.03300000000000003,0.013,0.013,0.682,12344,0.9966666666666667,0.7833333333333333,0.0,0.0,0.043,0.014,0.682,0.534
554,2,sun,141496,141752,256,0.1875,0.5399999618530273,184,65,1.0,0.7230769230769231,0.8846153846153846,0.9791666666666666,0.09799999999999998,0.020000000000000018,0.015,0.014,0.669,12351,1.0,0.7733333333333333,0.0,0.0,0.045,0.021,0.669,0.542
555,2,sun,141752,142008,256,0.1796875,0.5399999618530273,183,60,1.0,0.75,0.8714285714285714,0.9782608695652174,0.123,0.025000000000000022,0.015,0.014,0.674,12361,1.0,0.7633333333333333,0.0,0.0,0.045,0.018,0.674,0.542
556,2,sun,142008,142264,256,0.18359375,0.5399999618530273,191,57,1.0,0.7894736842105263,0.9138755980861244,0.9574468085106383,0.11599999999999999,0.027000000000000024,0.017,0.014,0.663,12372,1.0,0.7566666666666667,0.0,0.0,0.041,0.016,0.663,0.536
557,2,sun,142264,142520,256,0.1796875,0.5399999618530273,186,55,1.0,0.8363636363636363,0.8857142857142857,1.0,0.124,0.038000000000000034,0.016,0.013,0.647,12389,1.0,0.7633333333333333,0.0,0.0,0.042,0.016,0.647,0.523
558,2,sun,142520,142776,256,0.171875,0.5399999618530273,183,62,1.0,0.6612903225806451,0.8632075471698113,0.9318181818181818,0.11699999999999999,0.028000000000000025,0.017,0.014,0.637,12399,1.0,0.75,0.0,0.0,0.046,0.014,0.637,0.52
559,2,sun,142776,143032,256,0.14453125,0.5399999618530273,191,51,1.0,0.7058823529411765,0.8721461187214612,0.972972972972973,0.15400000000000003,0.04200000000000004,0.013,0.011,0.63,12414,1.0,0.74,0.0,0.0,0.043,0.015,0.63,0.499
560,2,sun,143032,143288,256,0.16015625,0.5399999618530273,199,49,1.0,0.8163265306122449,0.9255813953488372,0.975609756097561,0.129,0.04400000000000004,0.013,0.011,0.633,12429,1.0,0.7533333333333333,0.0,0.0,0.041,0.013,0.633,0.521
561,2,sun,143288,143544,256,0.1640625,0.5399999618530273,198,47,0.9949494949494949,0.851063829787234,0.9205607476635514,0.9523809523809523,0.11499999999999999,0.028000000000000025,0.014,0.012,0.648,12442,0.9966666666666667,0.7666666666666667,0.0,0.0,0.04,0.015,0.648,0.523
562,2,sun,143544,143800,256,0.16015625,0.5399999618530273,195,53,1.0,0.7547169811320755,0.9069767441860465,0.975609756097561,0.10499999999999998,0.03300000000000003,0.012,0.012,0.655,12448,0.9966666666666667,0.7633333333333333,0.0,0.0,0.039,0.024,0.655,0.533
563,2,sun,143800,144056,256,0.21484375,0.5399999618530273,174,67,1.0,0.8059701492537313,0.8656716417910447,0.9818181818181818,0.136,0.03600000000000003,0.013,0.013,0.668,12456,1.0,0.77,0.0,0.0,0.047,0.024,0.668,0.539
564,2,sun,144056,144312,256,0.17578125,0.5399999618530273,185,57,1.0,0.7719298245614035,0.8767772511848341,0.9777777777777777,0.14,0.028000000000000025,0.014,0.014,0.667,12471,1.0,0.7833333333333333,0.0,0.0,0.041,0.019,0.667,0.534
565,2,sun,144312,144568,256,0.15234375,0.5399999618530273,196,47,0.9948979591836735,0.7872340425531915,0.8986175115207373,0.9487179487179487,0.135,0.02300000000000002,0.012,0.012,0.688,12480,0.9966666666666667,0.8,0.0,0.0,0.036,0.019,0.688,0.539
566,2,sun,144568,144824,256,0.13671875,0.5399999618530273,196,44,1.0,0.75,0.8868778280542986,0.9428571428571428,0.122,0.028000000000000025,0.013,0.013,0.686,12484,1.0,0.7866666666666666,0.0,0.0,0.039,0.019,0.686,0.529
567,2,sun,144824,145080,256,0.1484375,0.5399999618530273,193,50,1.0,0.74,0.8853211009174312,0.9736842105263158,0.10199999999999998,0.02200000000000002,0.017,0.017,0.67,12501,1.0,0.77,0.0,0.0,0.041,0.015,0.67,0.521
568,2,sun,145080,145336,256,0.17578125,0.5399999618530273,178,57,1.0,0.7719298245614035,0.8436018957345972,0.9777777777777777,0.10899999999999999,0.020000000000000018,0.015,0.015,0.669,12517,1.0,0.77,0.0,0.0,0.045,0.01,0.669,0.526
569,2,sun,145336,145592,256,0.10546875,0.5399999618530273,202,41,1.0,0.6341463414634146,0.8820960698689956,0.9629629629629629,0.132,0.039000000000000035,0.011,0.011,0.669,12523,1.0,0.7466666666666667,0.0,0.0,0.034,0.01,0.669,0.519
570,2,sun,145592,145848,256,0.171875,0.5399999618530273,192,48,1.0,0.8125,0.9056603773584906,0.8863636363636364,0.09799999999999998,0.03600000000000003,0.013,0.013,0.672,12528,1.0,0.7533333333333333,0.0,0.0,0.035,0.012,0.672,0.514
571,2,sun,145848,146104,256,0.12890625,0.5399999618530273,184,54,1.0,0.6111111111111112,0.8251121076233184,1.0,0.10999999999999999,0.02400000000000002,0.016,0.016,0.669,12535,1.0,0.7266666666666667,0.0,0.0,0.044,0.012,0.669,0.513
572,2,sun,146104,146360,256,0.1953125,0.5399999618530273,181,68,1.0,0.7352941176470589,0.8786407766990292,1.0,0.11099999999999999,0.028000000000000025,0.019,0.018,0.672,12544,1.0,0.7233333333333334,0.0,0.0,0.056,0.01,0.672,0.522
573,2,sun,146360,146616,256,0.16796875,0.5399999618530273,189,53,1.0,0.7735849056603774,0.8873239436619719,0.9534883720930233,0.14600000000000002,0.030000000000000027,0.021,0.019,0.685,12560,1.0,0.7266666666666667,0.0,0.0,0.051,0.015,0.685,0.532
574,2,sun,146616,146872,256,0.140625,0.5399999618530273,196,43,1.0,0.7674418604651163,0.8909090909090909,0.9166666666666666,0.11599999999999999,0.039000000000000035,0.022,0.02,0.682,12570,1.0,0.7233333333333334,0.0,0.0,0.056,0.014,0.682,0.527
575,2,sun,146872,147128,256,0.17578125,0.5399999618530273,190,54,1.0,0.8333333333333334,0.9004739336492891,1.0,0.09399999999999997,0.02400000000000002,0.02,0.018,0.657,12578,1.0,0.7466666666666667,0.0,0.0,0.056,0.016,0.657,0.517
576,2,sun,147128,147384,256,0.17578125,0.5399999618530273,187,53,1.0,0.8301886792452831,0.8862559241706162,0.9777777777777777,0.121,0.027000000000000024,0.018,0.016,0.663,12583,1.0,0.76,0.0,0.0,0.059,0.017,0.663,0.516
577,2,sun,147384,147640,256,0.15625,0.5399999618530273,187,53,0.9893048128342246,0.7169811320754716,0.8564814814814815,0.95,0.10599999999999998,0.02200000000000002,0.018,0.016,0.685,12586,0.9933333333333333,0.7733333333333333,0.0,0.0,0.059,0.017,0.685,0.521
578,2,sun,147640,147896,256,0.1640625,0.5399999618530273,194,54,0.9948453608247423,0.7592592592592593,0.9018691588785047,0.9761904761904762,0.11699999999999999,0.02400000000000002,0.017,0.015,0.668,12602,0.9966666666666667,0.7833333333333333,0.0,0.0,0.049,0.019,0.668,0.496
579,2,sun,147896,148152,256,0.1640625,0.5399999618530273,192,45,0.9947916666666666,0.8666666666666667,0.8925233644859814,0.9285714285714286,0.11299999999999999,0.03200000000000003,0.014,0.012,0.664,12618,0.9933333333333333,0.7933333333333333,0.0,0.0,0.043,0.019,0.664,0.492
580,2,sun,148152,148408,256,0.16796875,0.5399999618530273,180,59,1.0,0.7288135593220338,0.8450704225352113,1.0,0.11199999999999999,0.030000000000000027,0.015,0.013,0.648,12630,1.0,0.7866666666666666,0.0,0.0,0.044,0.022,0.648,0.495
581,2,sun,148408,148664,256,0.19140625,0.5399999618530273,182,56,1.0,0.8571428571428571,0.8792270531400966,0.9795918367346939,0.135,0.025000000000000022,0.015,0.013,0.654,12639,1.0,0.7833333333333333,0.0,0.0,0.037,0.019,0.654,0.493
582,2,sun,148664,148920,256,0.1953125,0.5399999618530273,188,54,0.9946808510638298,0.8703703703703703,0.9077669902912622,0.94,0.12,0.039000000000000035,0.012,0.01,0.667,12647,0.9966666666666667,0.7966666666666666,0.0,0.0,0.036,0.016,0.667,0.502
583,2,sun,148920,149176,256,0.1640625,0.5399999618530273,187,59,1.0,0.711864406779661,0.8738317757009346,1.0,0.118,0.028000000000000025,0.014,0.012,0.656,12652,0.9966666666666667,0.7966666666666666,0.0,0.0,0.041,0.016,0.656,0.522
584,2,sun,149176,149432,256,0.15234375,0.5399999618530273,197,49,1.0,0.7959183673469388,0.9078341013824884,1.0,0.125,0.018000000000000016,0.012,0.011,0.667,12666,1.0,0.8,0.0,0.0,0.043,0.015,0.667,0.534
585,2,sun,149432,149688,256,0.1796875,0.5399999618530273,192,54,1.0,0.8518518518518519,0.9142857142857143,1.0,0.123,0.03200000000000003,0.014,0.014,0.666,12674,1.0,0.81,0.0,0.0,0.045,0.014,0.666,0.544
586,2,sun,149688,149944,256,0.16796875,0.5399999618530273,192,57,0.9947916666666666,0.7368421052631579,0.8967136150234741,0.9767441860465116,0.11499999999999999,0.026000000000000023,0.013,0.013,0.69,12684,0.9966666666666667,0.7966666666666666,0.0,0.0,0.042,0.013,0.69,0.548
587,2,sun,149944,150200,256,0.171875,0.5399999618530273,190,54,0.9947368421052631,0.7777777777777778,0.8915094339622641,0.9545454545454546,0.13,0.030000000000000027,0.016,0.016,0.693,12693,0.9966666666666667,0.78,0.0,0.0,0.045,0.016,0.693,0.552
588,2,sun,150200,150456,256,0.17578125,0.5399999618530273,184,59,0.9945652173913043,0.7457627118644068,0.8672985781990521,0.9777777777777777,0.121,0.03200000000000003,0.018,0.018,0.694,12700,0.9966666666666667,0.78,0.0,0.0,0.047,0.021,0.694,0.556
589,2,sun,150456,150712,256,0.13671875,0.5399999618530273,193,48,1.0,0.7083333333333334,0.8733031674208145,0.9714285714285714,0.128,0.028000000000000025,0.016,0.016,0.715,12711,0.9966666666666667,0.7766666666666666,0.0,0.0,0.038,0.023,0.715,0.549
590,2,sun,150712,150968,256,0.18359375,0.5399999618530273,187,56,1.0,0.8035714285714286,0.8947368421052632,0.9574468085106383,0.10399999999999998,0.026000000000000023,0.018,0.018,0.692,12717,1.0,0.7633333333333333,0.0,0.0,0.042,0.026,0.692,0.539
591,2,sun,150968,151224,256,0.1328125,0.5399999618530273,195,43,1.0,0.7441860465116279,0.8783783783783784,0.9411764705882353,0.10799999999999998,0.026000000000000023,0.02,0.02,0.686,12723,1.0,0.7533333333333333,0.0,0.0,0.047,0.026,0.686,0.534
592,2,sun,151224,151480,256,0.1953125,0.5399999618530273,172,63,1.0,0.7777777777777778,0.8349514563106796,0.98,0.118,0.03200000000000003,0.019,0.018,0.692,12730,1.0,0.76,0.0,0.0,0.049,0.025,0.692,0.538
593,2,sun,151480,151736,256,0.19921875,0.5399999618530273,182,59,1.0,0.8305084745762712,0.8878048780487805,0.9607843137254902,0.14300000000000002,0.027000000000000024,0.017,0.016,0.681,12735,1.0,0.7766666666666666,0.0,0.0,0.054,0.018,0.681,0.544
594,2,sun,151736,151992,256,0.171875,0.5399999618530273,191,53,1.0,0.8113207547169812,0.9009433962264151,0.9772727272727273,0.123,0.031000000000000028,0.018,0.017,0.66,12747,1.0,0.79,0.0,0.0,0.055,0.017,0.66,0.529
595,2,sun,151992,152248,256,0.1796875,0.5399999618530273,198,51,1.0,0.9019607843137255,0.9428571428571428,1.0,0.11199999999999999,0.027000000000000024,0.017,0.016,0.651,12751,1.0,0.8233333333333334,0.0,0.0,0.055,0.017,0.651,0.537
596,2,sun,152248,152504,256,0.140625,0.5399999618530273,185,47,0.9945945945945946,0.7021276595744681,0.8363636363636363,0.9166666666666666,0.11199999999999999,0.025000000000000022,0.019,0.018,0.665,12759,0.9966666666666667,0.8,0.0,0.0,0.055,0.019,0.665,0.529
597,2,sun,152504,152760,256,0.20703125,0.5399999618530273,175,61,0.9942857142857143,0.8360655737704918,0.8571428571428571,0.9622641509433962,0.09699999999999998,0.027000000000000024,0.018,0.017,0.66,12763,0.9966666666666667,0.8266666666666667,0.0,0.0,0.059,0.017,0.66,0.536
598,2,sun,152760,153016,256,0.171875,0.5399999618530273,194,49,1.0,0.8571428571428571,0.9150943396226415,0.9545454545454546,0.121,0.025000000000000022,0.019,0.017,0.666,12775,1.0,0.8266666666666667,0.0,0.0,0.049,0.009,0.666,0.539
599,2,sun,153016,153272,256,0.23828125,0.5399999618530273,172,74,1.0,0.8243243243243243,0.882051282051282,1.0,0.11099999999999999,0.019000000000000017,0.019,0.019,0.685,12781,1.0,0.83,0.0,0.0,0.048,0.012,0.685,0.558
600,2,sun,153272,153528,256,0.16015625,0.5399999618530273,201,45,0.9900497512437811,0.8444444444444444,0.9255813953488372,0.926829268292683,0.14100000000000001,0.03200000000000003,0.018,0.018,0.687,12785,0.9933333333333333,0.82,0.0,0.0,0.049,0.018,0.687,0.53
601,2,sun,153528,153784,256,0.16015625,0.5399999618530273,189,48,0.9894179894179894,0.7708333333333334,0.8697674418604651,0.9024390243902439,0.09999999999999998,0.026000000000000023,0.019,0.019,0.679,12793,0.99,0.82,0.0,0.0,0.052,0.017,0.679,0.539
602,2,sun,153784,154040,256,0.1484375,0.5399999618530273,190,53,1.0,0.7169811320754716,0.8715596330275229,1.0,0.10299999999999998,0.026000000000000023,0.018,0.018,0.674,12799,0.9966666666666667,0.7966666666666666,0.0,0.0,0.047,0.019,0.674,0.532
603,2,sun,154040,154296,256,0.1328125,0.5399999618530273,205,40,0.9951219512195122,0.8,0.918918918918919,0.9411764705882353,0.10299999999999998,0.031000000000000028,0.016,0.016,0.675,12804,0.9966666666666667,0.8066666666666666,0.0,0.0,0.04,0.02,0.675,0.536
604,2,sun,154296,154552,256,0.16796875,0.5399999618530273,192,50,1.0,0.82,0.9014084507042254,0.9534883720930233,0.09399999999999997,0.02400000000000002,0.017,0.017,0.682,12806,1.0,0.7933333333333333,0.0,0.0,0.043,0.023,0.682,0.525
605,2,sun,154552,154808,256,0.16796875,0.5399999618530273,190,49,1.0,0.8571428571428571,0.892018779342723,0.9767441860465116,0.11099999999999999,0.03700000000000003,0.019,0.019,0.676,12810,1.0,0.7966666666666666,0.0,0.0,0.043,0.018,0.676,0.523
606,2,sun,154808,155064,256,0.1875,0.5399999618530273,186,55,1.0,0.8363636363636363,0.8942307692307693,0.9583333333333334,0.09699999999999998,0.029000000000000026,0.018,0.018,0.686,12816,1.0,0.8033333333333333,0.0,0.0,0.045,0.01,0.686,0.535
607,2,sun,155064,155320,256,0.12890625,0.5399999618530273,197,47,0.9949238578680203,0.6808510638297872,0.8789237668161435,0.9696969696969697,0.126,0.03600000000000003,0.016,0.016,0.699,12822,0.9966666666666667,0.7866666666666666,0.0,0.0,0.043,0.013,0.699,0.557
608,2,sun,155320,155576,256,0.15625,0.5399999618530273,198,48,1.0,0.8333333333333334,0.9166666666666666,1.0,0.11599999999999999,0.028000000000000025,0.017,0.017,0.69,12828,0.9966666666666667,0.8033333333333333,0.0,0.0,0.047,0.012,0.69,0.564
609,2,sun,155576,155832,256,0.1875,0.5399999618530273,178,63,0.9943820224719101,0.7142857142857143,0.8509615384615384,0.9375,0.09199999999999997,0.02100000000000002,0.02,0.02,0.699,12835,0.9966666666666667,0.7833333333333333,0.0,0.0,0.05,0.012,0.699,0.577
610,2,sun,155832,156088,256,0.16015625,0.5399999618530273,190,48,0.9842105263157894,0.7916666666666666,0.8697674418604651,0.926829268292683,0.127,0.026000000000000023,0.018,0.018,0.67,12843,0.9866666666666667,0.78,0.0,0.0,0.047,0.012,0.67,0.591
611,2,sun,156088,156344,256,0.15234375,0.5399999618530273,189,50,1.0,0.76,0.8709677419354839,0.9743589743589743,0.11399999999999999,0.028000000000000025,0.019,0.019,0.676,12845,0.9966666666666667,0.76,0.0,0.0,0.05,0.015,0.676,0.596
612,2,sun,156344,156600,256,0.171875,0.5399999618530273,190,50,1.0,0.84,0.8962264150943396,0.9545454545454546,0.10799999999999998,0.03200000000000003,0.019,0.019,0.673,12851,1.0,0.77,0.0,0.0,0.049,0.015,0.673,0.587
613,2,sun,156600,156856,256,0.15625,0.5399999618530273,195,51,1.0,0.7843137254901961,0.9027777777777778,1.0,0.11499999999999999,0.03400000000000003,0.019,0.019,0.666,12857,1.0,0.78,0.0,0.0,0.049,0.015,0.666,0.571
614,2,sun,156856,157112,256,0.12890625,0.5399999618530273,198,39,1.0,0.7948717948717948,0.8878923766816144,0.9393939393939394,0.125,0.03600000000000003,0.017,0.017,0.675,12863,1.0,0.7766666666666666,0.0,0.0,0.047,0.015,0.675,0.582
615,2,sun,157112,157368,256,0.16015625,0.5399999618530273,186,50,1.0,0.8,0.8651162790697674,0.975609756097561,0.09899999999999998,0.03700000000000003,0.014,0.014,0.685,12872,1.0,0.7966666666666666,0.0,0.0,0.044,0.014,0.685,0.581
616,2,sun,157368,157624,256,0.1796875,0.5399999618530273,188,55,1.0,0.8363636363636363,0.8952380952380953,1.0,0.11099999999999999,0.02200000000000002,0.014,0.014,0.688,12879,1.0,0.8066666666666666,0.0,0.0,0.042,0.014,0.688,0.577
617,2,sun,157624,157880,256,0.12890625,0.5399999618530273,212,36,0.9952830188679245,0.8888888888888888,0.9461883408071748,0.9696969696969697,0.11199999999999999,0.030000000000000027,0.015,0.015,0.695,12884,0.9966666666666667,0.8166666666666667,0.0,0.0,0.043,0.014,0.695,0.576
618,2,sun,157880,158136,256,0.1640625,0.5399999618530273,193,52,1.0,0.7884615384615384,0.9018691588785047,0.9761904761904762,0.09099999999999997,0.030000000000000027,0.014,0.014,0.715,12889,0.9966666666666667,0.81,0.0,0.0,0.044,0.015,0.715,0.587
619,2,sun,158136,158392,256,0.15625,0.5399999618530273,196,49,1.0,0.8163265306122449,0.9074074074074074,1.0,0.11099999999999999,0.028000000000000025,0.012,0.012,0.711,12897,1.0,0.82,0.0,0.0,0.037,0.014,0.711,0.592
620,2,sun,158392,158648,256,0.14453125,0.5399999618530273,196,47,1.0,0.7872340425531915,0.8949771689497716,1.0,0.09099999999999997,0.02100000000000002,0.01,0.01,0.713,12899,1.0,0.8133333333333334,0.0,0.0,0.033,0.018,0.713,0.6
621,2,sun,158648,158904,256,0.15234375,0.5399999618530273,198,46,0.9949494949494949,0.8043478260869565,0.9078341013824884,0.9487179487179487,0.10099999999999998,0.027000000000000024,0.013,0.013,0.708,12906,0.9966666666666667,0.81,0.0,0.0,0.037,0.021,0.708,0.596
622,2,sun,158904,159160,256,0.17578125,0.5399999618530273,191,49,1.0,0.8775510204081632,0.9052132701421801,0.9555555555555556,0.11199999999999999,0.030000000000000027,0.013,0.013,0.71,12915,1.0,0.82,0.0,0.0,0.042,0.021,0.71,0.589
623,2,sun,159160,159416,256,0.1484375,0.5399999618530273,197,46,0.9898477157360406,0.7608695652173914,0.8944954128440367,0.9210526315789473,0.09199999999999997,0.028000000000000025,0.015,0.015,0.699,12919,0.9933333333333333,0.81,0.0,0.0,0.043,0.019,0.699,0.581
624,2,sun,159416,159672,256,0.16796875,0.5399999618530273,193,50,1.0,0.84,0.9061032863849765,0.9767441860465116,0.09999999999999998,0.031000000000000028,0.014,0.014,0.685,12923,1.0,0.82,0.0,0.0,0.041,0.017,0.685,0.579
625,2,sun,159672,159928,256,0.16015625,0.5399999618530273,189,55,0.9947089947089947,0.7090909090909091,0.8744186046511628,0.9512195121951219,0.11299999999999999,0.028000000000000025,0.014,0.014,0.684,12929,0.9966666666666667,0.79,0.0,0.0,0.046,0.013,0.684,0.584
626,2,sun,159928,160184,256,0.15234375,0.5399999618530273,203,44,1.0,0.8636363636363636,0.9354838709677419,0.9743589743589743,0.10699999999999998,0.02100000000000002,0.016,0.016,0.677,12935,1.0,0.81,0.0,0.0,0.047,0.01,0.677,0.57
627,2,sun,160184,160440,256,0.1875,0.5399999618530273,189,53,0.9947089947089947,0.8679245283018868,0.9038461538461539,0.9583333333333334,0.07899999999999996,0.02400000000000002,0.019,0.019,0.682,12939,0.9966666666666667,0.8166666666666667,0.0,0.0,0.047,0.013,0.682,0.564
628,2,sun,160440,160696,256,0.19921875,0.5399999618530273,179,62,1.0,0.8064516129032258,0.8731707317073171,0.9803921568627451,0.127,0.040000000000000036,0.018,0.018,0.695,12945,0.9966666666666667,0.8133333333333334,0.0,0.0,0.047,0.013,0.695,0.565
629,2,sun,160696,160952,256,0.23046875,0.5399999618530273,183,67,0.994535519125683,0.8656716417910447,0.9238578680203046,0.9830508474576272,0.118,0.030000000000000027,0.015,0.015,0.688,12950,0.9966666666666667,0.8233333333333334,0.0,0.0,0.042,0.017,0.688,0.534
630,2,sun,160952,161208,256,0.17578125,0.5399999618530273,182,55,1.0,0.8,0.8625592417061612,0.9777777777777777,0.14200000000000002,0.029000000000000026,0.018,0.018,0.687,12958,0.9966666666666667,0.83,0.0,0.0,0.041,0.019,0.687,0.53
631,2,sun,161208,161464,256,0.16015625,0.5399999618530273,195,54,1.0,0.7407407407407407,0.9069767441860465,0.975609756097561,0.09599999999999997,0.02100000000000002,0.017,0.017,0.694,12962,1.0,0.8233333333333334,0.0,0.0,0.041,0.018,0.694,0.531
632,2,sun,161464,161720,256,0.16015625,0.5399999618530273,196,45,1.0,0.8888888888888888,0.9116279069767442,0.975609756097561,0.118,0.025000000000000022,0.016,0.016,0.698,12970,1.0,0.82,0.0,0.0,0.043,0.02,0.698,0.536
633,2,sun,161720,161976,256,0.171875,0.5399999618530273,197,54,1.0,0.8148148148148148,0.9292452830188679,1.0,0.09299999999999997,0.03300000000000003,0.016,0.016,0.701,12975,1.0,0.8233333333333334,0.0,0.0,0.043,0.019,0.701,0.559
634,2,sun,161976,162232,256,0.16015625,0.5399999618530273,201,48,0.9900497512437811,0.7916666666666666,0.9255813953488372,0.926829268292683,0.11199999999999999,0.026000000000000023,0.018,0.018,0.687,12981,0.9933333333333333,0.81,0.0,0.0,0.044,0.016,0.687,0.561
635,2,sun,162232,162488,256,0.14453125,0.5399999618530273,187,54,1.0,0.6851851851851852,0.8538812785388128,1.0,0.10299999999999998,0.03300000000000003,0.018,0.018,0.695,12981,0.9966666666666667,0.78,0.0,0.0,0.041,0.018,0.695,0.57
636,2,sun,162488,162744,256,0.18359375,0.5399999618530273,186,58,0.9946236559139785,0.7586206896551724,0.8851674641148325,0.9361702127659575,0.123,0.028000000000000025,0.014,0.014,0.696,12985,0.9966666666666667,0.7733333333333333,0.0,0.0,0.033,0.024,0.696,0.554
637,2,sun,162744,163000,256,0.1875,0.5399999618530273,181,60,0.988950276243094,0.7666666666666667,0.8605769230769231,0.9583333333333334,0.123,0.02100000000000002,0.014,0.014,0.68,12992,0.99,0.7733333333333333,0.0,0.0,0.035,0.018,0.68,0.551
638,2,sun,163000,163256,256,0.1640625,0.5399999618530273,184,54,0.9945652173913043,0.7407407407407407,0.8551401869158879,0.9523809523809523,0.11699999999999999,0.02400000000000002,0.015,0.015,0.691,12999,0.9933333333333333,0.75,0.0,0.0,0.037,0.016,0.691,0.558
639,2,sun,163256,163512,256,0.15234375,0.5399999618530273,190,56,1.0,0.6964285714285714,0.8755760368663594,1.0,0.10799999999999998,0.026000000000000023,0.013,0.013,0.681,13007,0.9966666666666667,0.7366666666666667,0.0,0.0,0.034,0.02,0.681,0.533
640,2,sun,163512,163768,256,0.15625,0.5399999618530273,195,49,1.0,0.7959183673469388,0.9027777777777778,0.975,0.11599999999999999,0.030000000000000027,0.015,0.014,0.675,13012,1.0,0.7533333333333333,0.0,0.0,0.04,0.018,0.675,0.554
641,2,sun,163768,164024,256,0.1875,0.5399999618530273,188,57,1.0,0.8070175438596491,0.9038461538461539,0.9583333333333334,0.09599999999999997,0.026000000000000023,0.014,0.013,0.678,13016,1.0,0.75,0.0,0.0,0.039,0.016,0.678,0.549
642,2,sun,164024,164280,256,0.17578125,0.5399999618530273,184,52,1.0,0.8461538461538461,0.8720379146919431,0.9777777777777777,0.11399999999999999,0.027000000000000024,0.014,0.014,0.681,13021,1.0,0.77,0.0,0.0,0.04,0.016,0.681,0.544
643,2,sun,164280,164536,256,0.140625,0.5399999618530273,198,48,0.98989898989899,0.7083333333333334,0.8909090909090909,0.9444444444444444,0.118,0.03300000000000003,0.019,0.019,0.667,13027,0.9933333333333333,0.7566666666666667,0.0,0.0,0.048,0.018,0.667,0.528
644,2,sun,164536,164792,256,0.1796875,0.5399999618530273,186,58,1.0,0.7758620689655172,0.8857142857142857,0.9782608695652174,0.10999999999999999,0.030000000000000027,0.017,0.017,0.663,13032,0.9966666666666667,0.7766666666666666,0.0,0.0,0.051,0.024,0.663,0.516
645,2,sun,164792,165048,256,0.18359375,0.5399999618530273,189,53,0.9947089947089947,0.8490566037735849,0.8995215311004785,0.9574468085106383,0.126,0.039000000000000035,0.021,0.02,0.687,13041,0.9966666666666667,0.7966666666666666,0.0,0.0,0.046,0.026,0.687,0.532
646,2,sun,165048,165304,256,0.16796875,0.5399999618530273,182,58,1.0,0.7413793103448276,0.8544600938967136,1.0,0.11099999999999999,0.03300000000000003,0.018,0.018,0.711,13045,0.9966666666666667,0.7833333333333333,0.0,0.0,0.045,0.029,0.711,0.542
647,2,sun,165304,165560,256,0.13671875,0.5399999618530273,202,40,1.0,0.825,0.9140271493212669,0.9428571428571428,0.13,0.03200000000000003,0.02,0.02,0.708,13051,1.0,0.7866666666666666,0.0,0.0,0.051,0.024,0.708,0.559
648,2,sun,165560,165816,256,0.15625,0.5399999618530273,188,51,1.0,0.7450980392156863,0.8703703703703703,0.95,0.09599999999999997,0.03200000000000003,0.021,0.021,0.698,13056,1.0,0.7766666666666666,0.0,0.0,0.053,0.024,0.698,0.555
649,2,sun,165816,166072,256,0.15234375,0.5399999618530273,187,47,1.0,0.8297872340425532,0.8617511520737328,1.0,0.09799999999999998,0.03500000000000003,0.017,0.017,0.692,13064,1.0,0.7966666666666666,0.0,0.0,0.046,0.022,0.692,0.552
650,2,sun,166072,166328,256,0.16796875,0.5399999618530273,193,54,0.9948186528497409,0.7777777777777778,0.9014084507042254,0.9767441860465116,0.09399999999999997,0.025000000000000022,0.016,0.016,0.71,13067,0.9966666666666667,0.79,0.0,0.0,0.046,0.014,0.71,0.556
651,2,sun,166328,166584,256,0.1796875,0.5399999618530273,181,56,0.994475138121547,0.7857142857142857,0.8571428571428571,0.9565217391304348,0.09899999999999998,0.029000000000000026,0.016,0.016,0.711,13069,0.9933333333333333,0.78,0.0,0.0,0.047,0.014,0.711,0.555
652,2,sun,166584,166840,256,0.203125,0.5399999618530273,187,63,0.9946524064171123,0.8095238095238095,0.9117647058823529,0.9807692307692307,0.10999999999999999,0.02200000000000002,0.015,0.015,0.682,13076,0.9933333333333333,0.7933333333333333,0.0,0.0,0.045,0.018,0.682,0.546
653,2,sun,166840,167096,256,0.15625,0.5399999618530273,199,48,1.0,0.8125,0.9212962962962963,0.975,0.128,0.040000000000000036,0.016,0.016,0.677,13081,1.0,0.7866666666666666,0.0,0.0,0.04,0.025,0.677,0.53
654,2,sun,167096,167352,256,0.1484375,0.5399999618530273,191,56,0.9947643979057592,0.6607142857142857,0.8715596330275229,0.9736842105263158,0.11199999999999999,0.03500000000000003,0.014,0.014,0.659,13084,0.9966666666666667,0.7833333333333333,0.0,0.0,0.035,0.031,0.659,0.517
655,2,sun,167352,167608,256,0.171875,0.5399999618530273,188,58,0.9946808510638298,0.7413793103448276,0.8820754716981132,0.9772727272727273,0.126,0.03300000000000003,0.014,0.014,0.657,13093,0.9966666666666667,0.76,0.0,0.0,0.03,0.039,0.657,0.507
656,2,sun,167608,167864,256,0.16796875,0.5399999618530273,192,51,1.0,0.8235294117647058,0.9014084507042254,0.9767441860465116,0.139,0.026000000000000023,0.009,0.009,0.646,13105,1.0,0.78,0.0,0.0,0.023,0.034,0.646,0.498
657,2,sun,167864,168120,256,0.1953125,0.5399999618530273,180,58,1.0,0.8275862068965517,0.8737864077669902,0.96,0.10799999999999998,0.03500000000000003,0.009,0.009,0.65,13108,1.0,0.7733333333333333,0.0,0.0,0.023,0.036,0.65,0.508
658,2,sun,168120,168376,256,0.1796875,0.5399999618530273,190,58,0.9894736842105263,0.7413793103448276,0.8952380952380953,0.9347826086956522,0.133,0.03200000000000003,0.01,0.01,0.674,13110,0.9933333333333333,0.76,0.0,0.0,0.027,0.031,0.674,0.524
659,2,sun,168376,168632,256,0.19140625,0.5399999618530273,190,56,0.9894736842105263,0.8392857142857143,0.9082125603864735,0.9591836734693877,0.119,0.02400000000000002,0.009,0.009,0.683,13115,0.99,0.7833333333333333,0.0,0.0,0.027,0.034,0.683,0.521
660,2,sun,168632,168888,256,0.171875,0.5399999618530273,193,52,1.0,0.8461538461538461,0.910377358490566,1.0,0.13,0.03400000000000003,0.009,0.009,0.69,13120,0.9966666666666667,0.8,0.0,0.0,0.029,0.027,0.69,0.546
661,2,sun,168888,169144,256,0.140625,0.5399999618530273,196,45,1.0,0.7777777777777778,0.8909090909090909,0.9722222222222222,0.10999999999999999,0.025000000000000022,0.012,0.012,0.713,13121,1.0,0.81,0.0,0.0,0.036,0.032,0.713,0.555
662,2,sun,169144,169400,256,0.1640625,0.5399999618530273,184,56,1.0,0.75,0.8598130841121495,1.0,0.10599999999999998,0.03300000000000003,0.013,0.013,0.719,13126,1.0,0.79,0.0,0.0,0.039,0.027,0.719,0.556
663,2,sun,169400,169656,256,0.18359375,0.5399999618530273,192,54,1.0,0.8703703703703703,0.9186602870813397,1.0,0.10599999999999998,0.03600000000000003,0.015,0.014,0.715,13132,1.0,0.8166666666666667,0.0,0.0,0.043,0.026,0.715,0.555
664,2,sun,169656,169912,256,0.15625,0.5399999618530273,198,50,0.9949494949494949,0.74,0.9120370370370371,0.925,0.11599999999999999,0.031000000000000028,0.015,0.014,0.721,13140,0.9966666666666667,0.8,0.0,0.0,0.048,0.026,0.721,0.558
665,2,sun,169912,170168,256,0.1875,0.5399999618530273,187,53,1.0,0.8867924528301887,0.8990384615384616,0.9791666666666666,0.10099999999999998,0.02200000000000002,0.016,0.015,0.719,13145,1.0,0.8133333333333334,0.0,0.0,0.046,0.015,0.719,0.551
666,2,sun,170168,170424,256,0.16015625,0.5399999618530273,188,51,1.0,0.7843137254901961,0.8744186046511628,0.975609756097561,0.11399999999999999,0.027000000000000024,0.016,0.015,0.728,13149,1.0,0.8033333333333333,0.0,0.0,0.05,0.014,0.728,0.561
667,2,sun,170424,170680,256,0.1875,0.5399999618530273,176,67,0.9943181818181818,0.6865671641791045,0.8413461538461539,0.9583333333333334,0.10899999999999999,0.027000000000000024,0.015,0.014,0.727,13153,0.9966666666666667,0.78,0.0,0.0,0.052,0.019,0.727,0.566
668,2,sun,170680,170936,256,0.13671875,0.5399999618530273,192,50,1.0,0.7,0.8687782805429864,1.0,0.131,0.025000000000000022,0.016,0.015,0.707,13157,0.9966666666666667,0.7633333333333333,0.0,0.0,0.05,0.022,0.707,0.548
669,2,sun,170936,171192,256,0.16796875,0.5399999618530273,186,54,0.9946236559139785,0.7592592592592593,0.8685446009389671,0.9534883720930233,0.11199999999999999,0.03700000000000003,0.016,0.015,0.696,13160,0.9966666666666667,0.7633333333333333,0.0,0.0,0.05,0.021,0.696,0.53
670,2,sun,171192,171448,256,0.1953125,0.5399999618530273,180,60,1.0,0.7833333333333333,0.8737864077669902,0.94,0.129,0.028000000000000025,0.018,0.017,0.702,13166,1.0,0.7533333333333333,0.0,0.0,0.049,0.022,0.702,0.523
671,2,sun,171448,171704,256,0.140625,0.5399999618530273,190,46,1.0,0.7608695652173914,0.8636363636363636,0.9722222222222222,0.119,0.028000000000000025,0.016,0.015,0.673,13174,1.0,0.7333333333333333,0.0,0.0,0.048,0.023,0.673,0.507
672,2,sun,171704,171960,256,0.20703125,0.5399999618530273,188,59,0.9946808510638298,0.8813559322033898,0.9211822660098522,0.9811320754716981,0.10699999999999998,0.026000000000000023,0.013,0.013,0.648,13176,0.9966666666666667,0.77,0.0,0.0,0.047,0.019,0.648,0.494
673,2,sun,171960,172216,256,0.16015625,0.5399999618530273,191,41,0.9947643979057592,0.8780487804878049,0.8837209302325582,0.8780487804878049,0.13,0.026000000000000023,0.014,0.014,0.661,13182,0.9966666666666667,0.7933333333333333,0.0,0.0,0.046,0.014,0.661,0.517
674,2,sun,172216,172472,256,0.1875,0.5399999618530273,192,53,0.9947916666666666,0.8301886792452831,0.9182692307692307,0.9166666666666666,0.09899999999999998,0.029000000000000026,0.013,0.013,0.661,13188,0.9966666666666667,0.8166666666666667,0.0,0.0,0.034,0.012,0.661,0.532
675,2,sun,172472,172728,256,0.1953125,0.5399999618530273,185,63,0.9891891891891892,0.7619047619047619,0.8883495145631068,0.96,0.11699999999999999,0.02300000000000002,0.013,0.013,0.682,13190,0.99,0.8133333333333334,0.0,0.0,0.041,0.011,0.682,0.526
676,2,sun,172728,172984,256,0.203125,0.5399999618530273,180,58,1.0,0.8620689655172413,0.8823529411764706,0.9615384615384616,0.11199999999999999,0.02200000000000002,0.015,0.015,0.68,13195,0.9933333333333333,0.8366666666666667,0.0,0.0,0.042,0.01,0.68,0.54
677,2,sun,172984,173240,256,0.2109375,0.5399999618530273,174,66,0.9885057471264368,0.7878787878787878,0.8514851485148515,0.9629629629629629,0.137,0.03300000000000003,0.017,0.017,0.695,13200,0.9933333333333333,0.83,0.0,0.0,0.042,0.005,0.695,0.543
678,2,sun,173240,173496,256,0.1484375,0.5399999618530273,198,45,1.0,0.8444444444444444,0.908256880733945,1.0,0.139,0.029000000000000026,0.017,0.017,0.685,13208,0.9966666666666667,0.8166666666666667,0.0,0.0,0.042,0.008,0.685,0.551
679,2,sun,173496,173752,256,0.15234375,0.5399999618530273,193,48,0.9948186528497409,0.7916666666666666,0.8847926267281107,0.9743589743589743,0.08599999999999997,0.027000000000000024,0.017,0.017,0.68,13210,0.9966666666666667,0.81,0.0,0.0,0.043,0.012,0.68,0.539
680,2,sun,173752,174008,256,0.2109375,0.5399999618530273,188,62,0.9893617021276596,0.8387096774193549,0.9207920792079208,0.9629629629629629,0.10199999999999998,0.03300000000000003,0.017,0.017,0.698,13214,0.9933333333333333,0.8233333333333334,0.0,0.0,0.046,0.013,0.698,0.553
681,2,sun,174008,174264,256,0.171875,0.5399999618530273,196,51,0.9948979591836735,0.8431372549019608,0.9198113207547169,0.9772727272727273,0.10699999999999998,0.026000000000000023,0.015,0.014,0.704,13214,0.99,0.8166666666666667,0.0,0.0,0.039,0.013,0.704,0.557
682,2,sun,174264,174520,256,0.17578125,0.5399999618530273,193,53,1.0,0.8113207547169812,0.9146919431279621,0.9555555555555556,0.09899999999999998,0.028000000000000025,0.013,0.013,0.704,13225,1.0,0.81,0.0,0.0,0.039,0.014,0.704,0.543
683,2,sun,174520,174776,256,0.14453125,0.5399999618530273,194,51,0.9948453608247423,0.7058823529411765,0.8812785388127854,0.972972972972973,0.125,0.029000000000000026,0.014,0.014,0.708,13231,0.9966666666666667,0.8033333333333333,0.0,0.0,0.036,0.02,0.708,0.546
684,2,sun,174776,175032,256,0.1640625,0.5399999618530273,197,48,1.0,0.8333333333333334,0.9205607476635514,0.9523809523809523,0.123,0.030000000000000027,0.016,0.016,0.711,13237,0.9966666666666667,0.8,0.0,0.0,0.039,0.02,0.711,0.544
685,2,sun,175032,175288,256,0.14453125,0.5399999618530273,201,44,0.9950248756218906,0.8181818181818182,0.91324200913242,0.972972972972973,0.09399999999999997,0.025000000000000022,0.013,0.013,0.7,13247,0.9966666666666667,0.81,0.0,0.0,0.039,0.017,0.7,0.538
686,2,sun,175288,175544,256,0.17578125,0.5399999618530273,200,51,1.0,0.8431372549019608,0.9478672985781991,0.9555555555555556,0.09399999999999997,0.025000000000000022,0.012,0.012,0.706,13251,1.0,0.81,0.0,0.0,0.036,0.019,0.706,0.535
687,2,sun,175544,175640,96,0.22916666666666666,0.5399999618530273,66,24,1.0,0.875,0.8918918918918919,0.9545454545454546,0.11599999999999999,0.027000000000000024,0.013,0.013,0.69,13262,1.0,0.82,0.0,0.0,0.036,0.027,0.69,0.529
688,3,places,175640,175896,256,0.15625,0.5399999618530273,197,44,0.9796954314720813,0.75,0.8935185185185185,0.825,0.07099999999999995,0.04500000000000004,0.013,0.013,0.542,13264,0.9866666666666667,0.8,0.0,0.0,0.041,0.028,0.687,0.542
689,3,places,175896,176152,256,0.20703125,0.5399999618530273,189,58,0.9576719576719577,0.7413793103448276,0.8916256157635468,0.8113207547169812,0.127,0.031000000000000028,0.017,0.017,0.536,13278,0.9633333333333334,0.7933333333333333,0.0,0.0,0.048,0.021,0.661,0.536
690,3,places,176152,176408,256,0.15625,0.5399999618530273,206,37,0.9660194174757282,0.8108108108108109,0.9212962962962963,0.75,0.15900000000000003,0.03400000000000003,0.016,0.016,0.545,13296,0.9666666666666667,0.8033333333333333,0.0,0.0,0.046,0.02,0.601,0.545
691,3,places,176408,176664,256,0.17578125,0.5399999618530273,189,46,0.9576719576719577,0.6739130434782609,0.8578199052132701,0.6888888888888889,0.11399999999999999,0.040000000000000036,0.015,0.015,0.576,13303,0.9666666666666667,0.7766666666666666,0.0,0.0,0.05,0.018,0.588,0.576
692,3,places,176664,176920,256,0.140625,0.5399999618530273,201,39,0.9900497512437811,0.8205128205128205,0.9045454545454545,0.8888888888888888,0.123,0.03300000000000003,0.017,0.017,0.593,13320,0.9866666666666667,0.78,0.0,0.0,0.046,0.019,0.556,0.593
693,3,places,176920,177176,256,0.18359375,0.5399999618530273,196,42,0.9795918367346939,0.8571428571428571,0.9186602870813397,0.7659574468085106,0.09399999999999997,0.03600000000000003,0.017,0.017,0.593,13325,0.9866666666666667,0.7766666666666666,0.0,0.0,0.052,0.019,0.533,0.593
694,3,places,177176,177432,256,0.140625,0.5399999618530273,201,41,0.9900497512437811,0.7804878048780488,0.9045454545454545,0.8888888888888888,0.10899999999999999,0.03600000000000003,0.017,0.017,0.595,13337,0.99,0.77,0.0,0.0,0.053,0.02,0.496,0.595
695,3,places,177432,177688,256,0.19921875,0.5399999618530273,191,51,0.9738219895287958,0.803921568627451,0.9073170731707317,0.803921568627451,0.11599999999999999,0.03200000000000003,0.016,0.015,0.609,13349,0.9766666666666667,0.7833333333333333,0.0,0.0,0.049,0.019,0.478,0.609
696,3,places,177688,177944,256,0.16796875,0.5399999618530273,185,61,0.9783783783783784,0.6229508196721312,0.8497652582159625,0.8837209302325582,0.138,0.026000000000000023,0.016,0.015,0.611,13373,0.9733333333333334,0.7533333333333333,0.0,0.0,0.04,0.021,0.471,0.611
697,3,places,177944,178200,256,0.21484375,0.5399999618530273,184,60,0.9782608695652174,0.85,0.8955223880597015,0.9272727272727272,0.136,0.027000000000000024,0.016,0.015,0.598,13385,0.98,0.7766666666666666,0.0,0.0,0.04,0.018,0.459,0.598
698,3,places,178200,178456,256,0.1640625,0.5399999618530273,191,47,0.9738219895287958,0.6808510638297872,0.8691588785046729,0.7619047619047619,0.14700000000000002,0.03700000000000003,0.016,0.015,0.602,13399,0.9766666666666667,0.76,0.0,0.0,0.043,0.014,0.459,0.602
699,3,places,178456,178712,256,0.15625,0.5399999618530273,188,53,0.973404255319149,0.6415094339622641,0.8472222222222222,0.85,0.122,0.03700000000000003,0.016,0.014,0.607,13417,0.9733333333333334,0.73,0.0,0.0,0.048,0.015,0.456,0.607
700,3,places,178712,178968,256,0.21875,0.5399999618530273,179,58,0.9720670391061452,0.8103448275862069,0.87,0.8392857142857143,0.14100000000000001,0.03500000000000003,0.014,0.012,0.587,13435,0.9733333333333334,0.7333333333333333,0.0,0.0,0.046,0.01,0.458,0.587
701,3,places,178968,179224,256,0.18359375,0.5399999618530273,180,55,0.9833333333333333,0.7454545454545455,0.84688995215311,0.8723404255319149,0.15500000000000003,0.03400000000000003,0.015,0.013,0.581,13457,0.98,0.7433333333333333,0.0,0.0,0.047,0.012,0.444,0.581
702,3,places,179224,179480,256,0.1328125,0.5399999618530273,202,43,0.9752475247524752,0.6744186046511628,0.8873873873873874,0.8529411764705882,0.135,0.03700000000000003,0.014,0.012,0.589,13467,0.98,0.7366666666666667,0.0,0.0,0.045,0.019,0.46,0.589
703,3,places,179480,179736,256,0.1484375,0.5399999618530273,196,44,0.9846938775510204,0.7727272727272727,0.8853211009174312,0.8947368421052632,0.118,0.03700000000000003,0.015,0.013,0.597,13476,0.98,0.7233333333333334,0.0,0.0,0.05,0.018,0.47,0.597
704,3,places,179736,179992,256,0.203125,0.5399999618530273,185,54,0.9945945945945946,0.9074074074074074,0.9019607843137255,0.9423076923076923,0.11099999999999999,0.040000000000000036,0.015,0.013,0.6,13480,0.99,0.7633333333333333,0.0,0.0,0.047,0.02,0.471,0.6
705,3,places,179992,180248,256,0.1953125,0.550000011920929,187,62,0.983957219251337,0.7419354838709677,0.8932038834951457,0.92,0.15300000000000002,0.03500000000000003,0.014,0.013,0.607,13491,0.99,0.7766666666666666,0.0,0.0,0.046,0.022,0.48,0.607
706,3,places,180248,180504,256,0.13671875,0.550000011920929,191,44,0.9947643979057592,0.7272727272727273,0.8597285067873304,0.9142857142857143,0.15900000000000003,0.04700000000000004,0.015,0.014,0.615,13499,0.9933333333333333,0.7633333333333333,0.0,0.0,0.047,0.026,0.499,0.615
707,3,places,180504,180760,256,0.1640625,0.550000011920929,189,51,0.9947089947089947,0.7843137254901961,0.8785046728971962,0.9523809523809523,0.121,0.03300000000000003,0.012,0.011,0.625,13506,0.9933333333333333,0.77,0.0,0.0,0.044,0.027,0.503,0.625
708,3,places,180760,181016,256,0.14453125,0.550000011920929,200,43,0.975,0.7209302325581395,0.8904109589041096,0.8378378378378378,0.121,0.03200000000000003,0.012,0.012,0.62,13513,0.9833333333333333,0.78,0.0,0.0,0.05,0.026,0.508,0.62
709,3,places,181016,181272,256,0.15234375,0.550000011920929,192,49,0.9895833333333334,0.6938775510204082,0.8755760368663594,0.8717948717948718,0.11699999999999999,0.03200000000000003,0.012,0.012,0.633,13520,0.9833333333333333,0.7633333333333333,0.0,0.0,0.043,0.028,0.505,0.633
710,3,places,181272,181528,256,0.171875,0.550000011920929,193,50,0.9844559585492227,0.76,0.8962264150943396,0.8636363636363636,0.10999999999999999,0.028000000000000025,0.012,0.012,0.615,13529,0.99,0.74,0.0,0.0,0.042,0.034,0.512,0.615
711,3,places,181528,181784,256,0.10546875,0.550000011920929,202,39,0.9900990099009901,0.5641025641025641,0.8733624454148472,0.8148148148148148,0.13,0.031000000000000028,0.011,0.011,0.609,13537,0.9833333333333333,0.71,0.0,0.0,0.037,0.034,0.512,0.609
712,3,places,181784,182040,256,0.171875,0.550000011920929,195,45,0.9794871794871794,0.8,0.9009433962264151,0.8181818181818182,0.10999999999999999,0.039000000000000035,0.01,0.01,0.59,13545,0.9866666666666667,0.73,0.0,0.0,0.034,0.028,0.516,0.59
713,3,places,182040,182296,256,0.1796875,0.550000011920929,186,57,0.989247311827957,0.7719298245614035,0.8761904761904762,0.9565217391304348,0.132,0.04300000000000004,0.012,0.012,0.605,13550,0.9866666666666667,0.7133333333333334,0.0,0.0,0.032,0.022,0.52,0.605
714,3,places,182296,182552,256,0.16796875,0.550000011920929,199,41,0.9698492462311558,0.7804878048780488,0.9061032863849765,0.7441860465116279,0.14600000000000002,0.04200000000000004,0.01,0.01,0.605,13564,0.9766666666666667,0.73,0.0,0.0,0.035,0.017,0.508,0.605
715,3,places,182552,182808,256,0.17578125,0.550000011920929,192,53,0.984375,0.7735849056603774,0.8957345971563981,0.9111111111111111,0.12,0.03600000000000003,0.009,0.009,0.592,13585,0.9866666666666667,0.7466666666666667,0.0,0.0,0.034,0.014,0.492,0.592
716,3,places,182808,183064,256,0.140625,0.550000011920929,195,48,0.9846153846153847,0.6875,0.8727272727272727,0.9166666666666666,0.129,0.028000000000000025,0.01,0.01,0.602,13593,0.98,0.7333333333333333,0.0,0.0,0.037,0.013,0.499,0.602
717,3,places,183064,183320,256,0.15234375,0.550000011920929,195,44,0.9846153846153847,0.7272727272727273,0.8847926267281107,0.8205128205128205,0.10799999999999998,0.031000000000000028,0.013,0.012,0.593,13600,0.9866666666666667,0.7433333333333333,0.0,0.0,0.041,0.014,0.506,0.593
718,3,places,183320,183576,256,0.16015625,0.550000011920929,198,45,0.98989898989899,0.8666666666666667,0.9116279069767442,0.9512195121951219,0.12,0.04700000000000004,0.016,0.015,0.607,13610,0.99,0.77,0.0,0.0,0.05,0.016,0.493,0.607
719,3,places,183576,183832,256,0.1796875,0.550000011920929,186,51,0.9946236559139785,0.803921568627451,0.8809523809523809,0.8913043478260869,0.122,0.03500000000000003,0.013,0.012,0.602,13619,0.99,0.7766666666666666,0.0,0.0,0.048,0.013,0.502,0.602
720,3,places,183832,184088,256,0.15625,0.550000011920929,191,47,0.9895287958115183,0.7872340425531915,0.875,0.925,0.11399999999999999,0.04400000000000004,0.013,0.012,0.606,13629,0.9933333333333333,0.77,0.0,0.0,0.049,0.016,0.496,0.606
721,3,places,184088,184344,256,0.2109375,0.550000011920929,186,47,0.978494623655914,0.8723404255319149,0.900990099009901,0.7592592592592593,0.137,0.031000000000000028,0.016,0.015,0.604,13641,0.98,0.79,0.0,0.0,0.05,0.017,0.516,0.604
722,3,places,184344,184600,256,0.15234375,0.550000011920929,194,52,0.9845360824742269,0.6730769230769231,0.880184331797235,0.8974358974358975,0.127,0.03500000000000003,0.015,0.013,0.597,13651,0.9833333333333333,0.7833333333333333,0.0,0.0,0.048,0.013,0.508,0.597
723,3,places,184600,184856,256,0.14453125,0.550000011920929,195,39,0.9846153846153847,0.7692307692307693,0.8767123287671232,0.8108108108108109,0.13,0.03400000000000003,0.014,0.012,0.596,13659,0.9866666666666667,0.7833333333333333,0.0,0.0,0.044,0.012,0.508,0.596
724,3,places,184856,185112,256,0.1640625,0.550000011920929,186,53,0.967741935483871,0.660377358490566,0.8411214953271028,0.8333333333333334,0.09599999999999997,0.028000000000000025,0.014,0.012,0.576,13666,0.9766666666666667,0.7633333333333333,0.0,0.0,0.045,0.016,0.501,0.576
725,3,places,185112,185368,256,0.1796875,0.550000011920929,183,56,0.9726775956284153,0.6964285714285714,0.8476190476190476,0.8478260869565217,0.14500000000000002,0.030000000000000027,0.013,0.011,0.568,13678,0.9733333333333334,0.7366666666666667,0.0,0.0,0.038,0.015,0.476,0.568
726,3,places,185368,185624,256,0.15625,0.550000011920929,194,46,0.9845360824742269,0.782608695652174,0.8842592592592593,0.9,0.14600000000000002,0.03700000000000003,0.016,0.014,0.559,13689,0.98,0.7366666666666667,0.0,0.0,0.047,0.016,0.479,0.559
727,3,places,185624,185880,256,0.1640625,0.550000011920929,183,53,0.994535519125683,0.7169811320754716,0.8504672897196262,0.9047619047619048,0.14200000000000002,0.041000000000000036,0.018,0.016,0.586,13697,0.99,0.7133333333333334,0.0,0.0,0.051,0.017,0.501,0.586
728,3,places,185880,186136,256,0.16015625,0.550000011920929,191,50,0.9842931937172775,0.72,0.8744186046511628,0.8780487804878049,0.136,0.029000000000000026,0.018,0.017,0.592,13701,0.9866666666666667,0.72,0.0,0.0,0.048,0.015,0.504,0.592
729,3,places,186136,186392,256,0.19140625,0.5600000023841858,183,54,0.9781420765027322,0.7592592592592593,0.8647342995169082,0.8367346938775511,0.118,0.031000000000000028,0.017,0.016,0.582,13714,0.9766666666666667,0.7266666666666667,0.0,0.0,0.046,0.012,0.511,0.582
730,3,places,186392,186648,256,0.14453125,0.5600000023841858,192,43,0.984375,0.7674418604651163,0.863013698630137,0.8918918918918919,0.124,0.026000000000000023,0.017,0.016,0.596,13721,0.9833333333333333,0.7366666666666667,0.0,0.0,0.049,0.011,0.52,0.596
731,3,places,186648,186904,256,0.15234375,0.5600000023841858,198,40,0.9646464646464646,0.75,0.880184331797235,0.7692307692307693,0.125,0.029000000000000026,0.016,0.015,0.603,13722,0.9733333333333334,0.7466666666666667,0.0,0.0,0.052,0.01,0.529,0.603
732,3,places,186904,187160,256,0.19140625,0.5600000023841858,177,53,0.9774011299435028,0.7358490566037735,0.8357487922705314,0.7959183673469388,0.10199999999999998,0.03300000000000003,0.017,0.016,0.603,13732,0.9733333333333334,0.7433333333333333,0.0,0.0,0.051,0.01,0.536,0.603
733,3,places,187160,187416,256,0.15625,0.5600000023841858,187,49,0.9893048128342246,0.7142857142857143,0.8564814814814815,0.875,0.134,0.03400000000000003,0.014,0.014,0.588,13739,0.9866666666666667,0.7333333333333333,0.0,0.0,0.046,0.017,0.538,0.588
734,3,places,187416,187672,256,0.14453125,0.5600000023841858,196,42,0.9744897959183674,0.7142857142857143,0.8721461187214612,0.8108108108108109,0.14100000000000001,0.03300000000000003,0.013,0.013,0.572,13749,0.98,0.74,0.0,0.0,0.039,0.016,0.505,0.572
735,3,places,187672,187928,256,0.16796875,0.5600000023841858,192,46,0.9739583333333334,0.782608695652174,0.8779342723004695,0.8372093023255814,0.10499999999999998,0.026000000000000023,0.012,0.011,0.582,13758,0.9766666666666667,0.7333333333333333,0.0,0.0,0.041,0.016,0.509,0.582
736,3,places,187928,188184,256,0.20703125,0.5600000023841858,185,64,0.9891891891891892,0.796875,0.9014778325123153,0.9622641509433962,0.11599999999999999,0.03700000000000003,0.011,0.01,0.59,13767,0.9866666666666667,0.7566666666666667,0.0,0.0,0.043,0.024,0.498,0.59
737,3,places,188184,188440,256,0.20703125,0.5600000023841858,185,54,0.9675675675675676,0.7962962962962963,0.8817733990147784,0.8113207547169812,0.17900000000000005,0.03400000000000003,0.011,0.01,0.559,13788,0.9733333333333334,0.7633333333333333,0.0,0.0,0.037,0.029,0.48,0.559
738,3,places,188440,188696,256,0.21484375,0.5600000023841858,184,60,0.9836956521739131,0.8166666666666667,0.900497512437811,0.8909090909090909,0.14200000000000002,0.038000000000000034,0.011,0.01,0.572,13793,0.98,0.7833333333333333,0.0,0.0,0.041,0.024,0.461,0.572
739,3,places,188696,188952,256,0.1875,0.5600000023841858,188,54,0.9840425531914894,0.7962962962962963,0.8894230769230769,0.8958333333333334,0.14,0.03400000000000003,0.017,0.015,0.592,13806,0.9866666666666667,0.7833333333333333,0.0,0.0,0.054,0.026,0.462,0.592
740,3,places,188952,189208,256,0.15625,0.5600000023841858,181,50,0.988950276243094,0.7,0.8287037037037037,0.875,0.14700000000000002,0.038000000000000034,0.018,0.017,0.598,13818,0.9833333333333333,0.7866666666666666,0.0,0.0,0.057,0.02,0.481,0.598
741,3,places,189208,189464,256,0.20703125,0.5600000023841858,185,54,0.972972972972973,0.7777777777777778,0.8866995073891626,0.7924528301886793,0.122,0.038000000000000034,0.017,0.016,0.611,13824,0.98,0.79,0.0,0.0,0.055,0.02,0.5,0.611
742,3,places,189464,189720,256,0.16796875,0.5600000023841858,185,45,0.9837837837837838,0.7777777777777778,0.8544600938967136,0.813953488372093,0.15400000000000003,0.031000000000000028,0.015,0.014,0.596,13839,0.9866666666666667,0.7766666666666666,0.0,0.0,0.05,0.019,0.491,0.596
743,3,places,189720,189976,256,0.203125,0.5600000023841858,189,56,0.9682539682539683,0.7678571428571429,0.8970588235294118,0.8269230769230769,0.122,0.03500000000000003,0.014,0.013,0.581,13842,0.9766666666666667,0.77,0.0,0.0,0.052,0.018,0.485,0.581
744,3,places,189976,190232,256,0.1796875,0.5600000023841858,197,44,0.9898477157360406,0.9090909090909091,0.9285714285714286,0.8695652173913043,0.139,0.039000000000000035,0.012,0.011,0.606,13852,0.9766666666666667,0.79,0.0,0.0,0.052,0.017,0.511,0.606
745,3,places,190232,190488,256,0.18359375,0.5600000023841858,197,48,0.9746192893401016,0.8541666666666666,0.9186602870813397,0.8723404255319149,0.11399999999999999,0.038000000000000034,0.011,0.01,0.634,13860,0.98,0.7966666666666666,0.0,0.0,0.05,0.02,0.524,0.634
746,3,places,190488,190744,256,0.13671875,0.5600000023841858,195,42,0.9794871794871794,0.6904761904761905,0.8642533936651584,0.8285714285714286,0.126,0.03600000000000003,0.013,0.012,0.622,13867,0.9733333333333334,0.79,0.0,0.0,0.046,0.021,0.511,0.622
747,3,places,190744,191000,256,0.15234375,0.5600000023841858,188,46,0.9946808510638298,0.782608695652174,0.8617511520737328,0.9230769230769231,0.10399999999999998,0.03500000000000003,0.013,0.012,0.624,13872,0.9933333333333333,0.7966666666666666,0.0,0.0,0.043,0.018,0.501,0.624
748,3,places,191000,191256,256,0.15234375,0.5699999928474426,195,48,0.9743589743589743,0.6458333333333334,0.8755760368663594,0.7948717948717948,0.118,0.028000000000000025,0.015,0.013,0.618,13882,0.9833333333333333,0.7666666666666667,0.0,0.0,0.051,0.018,0.499,0.618
749,3,places,191256,191512,256,0.16796875,0.5699999928474426,201,45,0.9701492537313433,0.7555555555555555,0.9154929577464789,0.7906976744186046,0.11399999999999999,0.028000000000000025,0.015,0.013,0.623,13893,0.9666666666666667,0.7733333333333333,0.0,0.0,0.043,0.015,0.506,0.623
750,3,places,191512,191768,256,0.1796875,0.5699999928474426,187,58,0.9893048128342246,0.7413793103448276,0.8809523809523809,0.9347826086956522,0.10599999999999998,0.03600000000000003,0.013,0.011,0.649,13906,0.9833333333333333,0.7566666666666667,0.0,0.0,0.041,0.015,0.517,0.649
751,3,places,191768,192024,256,0.171875,0.5699999928474426,180,49,0.9888888888888889,0.7959183673469388,0.839622641509434,0.8863636363636364,0.14500000000000002,0.026000000000000023,0.014,0.013,0.629,13917,0.9933333333333333,0.74,0.0,0.0,0.041,0.018,0.504,0.629
752,3,places,192024,192280,256,0.109375,0.5699999928474426,202,34,0.9801980198019802,0.6176470588235294,0.868421052631579,0.75,0.12,0.031000000000000028,0.015,0.014,0.601,13931,0.9866666666666667,0.72,0.0,0.0,0.037,0.017,0.488,0.601
753,3,places,192280,192536,256,0.171875,0.5699999928474426,184,53,0.9836956521739131,0.6981132075471698,0.8537735849056604,0.8409090909090909,0.10299999999999998,0.040000000000000036,0.015,0.014,0.569,13939,0.9833333333333333,0.7166666666666667,0.0,0.0,0.04,0.018,0.464,0.569
754,3,places,192536,192792,256,0.16796875,0.5699999928474426,186,55,0.989247311827957,0.6727272727272727,0.863849765258216,0.8604651162790697,0.135,0.03200000000000003,0.015,0.014,0.563,13948,0.9866666666666667,0.7166666666666667,0.0,0.0,0.041,0.012,0.473,0.563
755,3,places,192792,193048,256,0.17578125,0.5699999928474426,187,55,0.983957219251337,0.7090909090909091,0.8720379146919431,0.8666666666666667,0.14400000000000002,0.039000000000000035,0.012,0.012,0.582,13961,0.9833333333333333,0.7133333333333334,0.0,0.0,0.034,0.017,0.488,0.582
756,3,places,193048,193304,256,0.16015625,0.5699999928474426,204,46,0.9656862745098039,0.717391304347826,0.9162790697674419,0.8048780487804879,0.15300000000000002,0.040000000000000036,0.011,0.011,0.558,13973,0.97,0.7033333333333334,0.0,0.0,0.034,0.019,0.473,0.558
757,3,places,193304,193560,256,0.1484375,0.5699999928474426,206,39,0.970873786407767,0.717948717948718,0.9174311926605505,0.7368421052631579,0.126,0.041000000000000036,0.009,0.009,0.545,13983,0.9733333333333334,0.6966666666666667,0.0,0.0,0.032,0.017,0.454,0.545
758,3,places,193560,193816,256,0.1796875,0.5699999928474426,185,55,0.9783783783783784,0.6545454545454545,0.861904761904762,0.782608695652174,0.10699999999999998,0.03600000000000003,0.01,0.01,0.54,13983,0.9733333333333334,0.6933333333333334,0.0,0.0,0.034,0.018,0.459,0.54
759,3,places,193816,194072,256,0.109375,0.5699999928474426,205,33,0.9804878048780488,0.6363636363636364,0.881578947368421,0.75,0.14200000000000002,0.027000000000000024,0.011,0.011,0.581,13992,0.98,0.69,0.0,0.0,0.035,0.017,0.481,0.581
760,3,places,194072,194328,256,0.1640625,0.5699999928474426,188,50,0.9946808510638298,0.78,0.8738317757009346,0.9285714285714286,0.08599999999999997,0.027000000000000024,0.012,0.012,0.585,13997,0.9933333333333333,0.7,0.0,0.0,0.037,0.016,0.478,0.585
761,3,places,194328,194584,256,0.17578125,0.5699999928474426,190,56,0.9736842105263158,0.7142857142857143,0.8767772511848341,0.8888888888888888,0.13,0.03400000000000003,0.014,0.013,0.591,14003,0.98,0.7066666666666667,0.0,0.0,0.037,0.013,0.482,0.591
762,3,places,194584,194840,256,0.1875,0.5699999928474426,183,47,0.9672131147540983,0.8085106382978723,0.8509615384615384,0.7916666666666666,0.14600000000000002,0.03200000000000003,0.014,0.014,0.592,14007,0.9666666666666667,0.7233333333333334,0.0,0.0,0.04,0.011,0.481,0.592
763,3,places,194840,195096,256,0.1953125,0.5699999928474426,175,67,0.9885714285714285,0.7014925373134329,0.8398058252427184,0.94,0.125,0.026000000000000023,0.016,0.014,0.588,14023,0.9766666666666667,0.7133333333333334,0.0,0.0,0.042,0.011,0.48,0.588
764,3,places,195096,195352,256,0.1484375,0.5699999928474426,184,46,0.9728260869565217,0.6739130434782609,0.8211009174311926,0.8157894736842105,0.16400000000000003,0.03300000000000003,0.017,0.015,0.597,14034,0.9766666666666667,0.72,0.0,0.0,0.043,0.008,0.48,0.597
765,3,places,195352,195608,256,0.16796875,0.5699999928474426,185,54,0.9783783783783784,0.7037037037037037,0.8497652582159625,0.8837209302325582,0.11199999999999999,0.025000000000000022,0.017,0.015,0.6,14047,0.9733333333333334,0.7233333333333334,0.0,0.0,0.051,0.011,0.485,0.6
766,3,places,195608,195864,256,0.140625,0.5699999928474426,192,52,0.984375,0.6153846153846154,0.8590909090909091,0.8888888888888888,0.126,0.030000000000000027,0.017,0.014,0.585,14065,0.9866666666666667,0.7,0.0,0.0,0.05,0.011,0.486,0.585
767,3,places,195864,196120,256,0.16015625,0.5699999928474426,188,51,0.9680851063829787,0.5686274509803921,0.8465116279069768,0.7073170731707317,0.14400000000000002,0.031000000000000028,0.017,0.014,0.57,14079,0.9733333333333334,0.6666666666666666,0.0,0.0,0.052,0.012,0.466,0.57
768,3,places,196120,196376,256,0.1953125,0.5699999928474426,180,55,0.9666666666666667,0.7454545454545455,0.8446601941747572,0.82,0.14300000000000002,0.031000000000000028,0.02,0.017,0.568,14094,0.9733333333333334,0.6666666666666666,0.0,0.0,0.051,0.015,0.465,0.568
769,3,places,196376,196632,256,0.171875,0.5699999928474426,178,60,0.9775280898876404,0.6333333333333333,0.8207547169811321,0.8636363636363636,0.15600000000000003,0.028000000000000025,0.022,0.019,0.538,14111,0.97,0.6566666666666666,0.0,0.0,0.058,0.014,0.446,0.538
770,3,places,196632,196888,256,0.18359375,0.5699999928474426,177,55,0.9717514124293786,0.6909090909090909,0.8229665071770335,0.8085106382978723,0.16300000000000003,0.04700000000000004,0.017,0.014,0.508,14128,0.9733333333333334,0.6566666666666666,0.0,0.0,0.051,0.015,0.423,0.508
771,3,places,196888,197144,256,0.19140625,0.5699999928474426,176,67,0.9943181818181818,0.6716417910447762,0.8454106280193237,0.9183673469387755,0.14500000000000002,0.038000000000000034,0.014,0.012,0.506,14140,0.99,0.6566666666666666,0.0,0.0,0.043,0.017,0.415,0.506
772,3,places,197144,197400,256,0.1875,0.5699999928474426,172,65,0.9767441860465116,0.6307692307692307,0.8076923076923077,0.8541666666666666,0.17000000000000004,0.02400000000000002,0.016,0.015,0.516,14154,0.9866666666666667,0.67,0.0,0.0,0.049,0.017,0.422,0.516
773,3,places,197400,197656,256,0.1953125,0.5699999928474426,184,54,0.9891304347826086,0.8148148148148148,0.883495145631068,0.88,0.15400000000000003,0.03500000000000003,0.019,0.016,0.544,14160,0.9866666666666667,0.6833333333333333,0.0,0.0,0.049,0.02,0.443,0.544
774,3,places,197656,197912,256,0.171875,0.5699999928474426,185,56,0.9837837837837838,0.6964285714285714,0.8584905660377359,0.8863636363636364,0.15600000000000003,0.031000000000000028,0.015,0.013,0.554,14169,0.9866666666666667,0.6933333333333334,0.0,0.0,0.048,0.021,0.469,0.554
775,3,places,197912,198168,256,0.18359375,0.5699999928474426,186,53,0.9946236559139785,0.8113207547169812,0.8851674641148325,0.9148936170212766,0.15800000000000003,0.03600000000000003,0.017,0.016,0.561,14174,0.9933333333333333,0.7233333333333334,0.0,0.0,0.05,0.02,0.476,0.561
776,3,places,198168,198424,256,0.22265625,0.5699999928474426,177,59,0.9774011299435028,0.847457627118644,0.8693467336683417,0.8771929824561403,0.14600000000000002,0.038000000000000034,0.015,0.013,0.584,14182,0.9833333333333333,0.7533333333333333,0.0,0.0,0.041,0.02,0.484,0.584
777,3,places,198424,198680,256,0.171875,0.5699999928474426,181,60,0.994475138121547,0.6833333333333333,0.8490566037735849,0.9318181818181818,0.14200000000000002,0.041000000000000036,0.015,0.013,0.594,14193,0.9933333333333333,0.7666666666666667,0.0,0.0,0.043,0.022,0.491,0.594
778,3,places,198680,198936,256,0.19140625,0.5699999928474426,183,56,0.994535519125683,0.8035714285714286,0.8792270531400966,0.9183673469387755,0.134,0.040000000000000036,0.015,0.013,0.6,14196,0.9933333333333333,0.77,0.0,0.0,0.039,0.021,0.491,0.6
779,3,places,198936,199192,256,0.16796875,0.5699999928474426,182,47,0.9725274725274725,0.7446808510638298,0.8309859154929577,0.813953488372093,0.15200000000000002,0.03700000000000003,0.017,0.014,0.588,14208,0.98,0.78,0.0,0.0,0.049,0.018,0.488,0.588
780,3,places,199192,199448,256,0.1875,0.5699999928474426,192,48,0.9791666666666666,0.8333333333333334,0.9038461538461539,0.8333333333333334,0.123,0.03200000000000003,0.017,0.014,0.592,14217,0.9766666666666667,0.79,0.0,0.0,0.042,0.02,0.486,0.592
781,3,places,199448,199704,256,0.1484375,0.5699999928474426,193,49,0.9792746113989638,0.6326530612244898,0.8669724770642202,0.8157894736842105,0.128,0.03500000000000003,0.015,0.013,0.58,14227,0.9833333333333333,0.7566666666666667,0.0,0.0,0.041,0.021,0.493,0.58
782,3,places,199704,199960,256,0.11328125,0.5699999928474426,198,43,0.9848484848484849,0.5581395348837209,0.8590308370044053,0.8275862068965517,0.139,0.03700000000000003,0.013,0.011,0.587,14230,0.9833333333333333,0.7166666666666667,0.0,0.0,0.041,0.022,0.489,0.587
783,3,places,199960,200216,256,0.1796875,0.5699999928474426,184,52,0.9619565217391305,0.7115384615384616,0.8428571428571429,0.8043478260869565,0.122,0.041000000000000036,0.013,0.011,0.574,14238,0.9766666666666667,0.7166666666666667,0.0,0.0,0.044,0.029,0.483,0.574
784,3,places,200216,200472,256,0.1328125,0.5799999833106995,190,48,0.9894736842105263,0.625,0.8468468468468469,0.8823529411764706,0.126,0.030000000000000027,0.014,0.012,0.585,14238,0.9766666666666667,0.6833333333333333,0.0,0.0,0.05,0.034,0.501,0.585
785,3,places,200472,200728,256,0.19140625,0.5799999833106995,181,57,0.9613259668508287,0.631578947368421,0.8405797101449275,0.7346938775510204,0.10899999999999999,0.027000000000000024,0.013,0.012,0.588,14242,0.9733333333333334,0.67,0.0,0.0,0.043,0.03,0.497,0.588
786,3,places,200728,200984,256,0.1484375,0.5799999833106995,201,39,0.9850746268656716,0.8205128205128205,0.908256880733945,0.8421052631578947,0.14700000000000002,0.03600000000000003,0.01,0.009,0.597,14247,0.98,0.6633333333333333,0.0,0.0,0.041,0.03,0.506,0.597
787,3,places,200984,201240,256,0.15234375,0.5799999833106995,190,50,0.9842105263157894,0.66,0.8617511520737328,0.8461538461538461,0.10499999999999998,0.03700000000000003,0.008,0.008,0.587,14252,0.98,0.6566666666666666,0.0,0.0,0.042,0.034,0.501,0.587
788,3,places,201240,201496,256,0.15234375,0.5799999833106995,200,37,0.975,0.8378378378378378,0.8986175115207373,0.7948717948717948,0.128,0.03400000000000003,0.012,0.012,0.603,14255,0.9833333333333333,0.7,0.0,0.0,0.042,0.028,0.503,0.603
789,3,places,201496,201752,256,0.125,0.5799999833106995,192,42,1.0,0.7142857142857143,0.8571428571428571,0.9375,0.10199999999999998,0.03500000000000003,0.014,0.014,0.629,14255,0.9933333333333333,0.7033333333333334,0.0,0.0,0.046,0.019,0.522,0.629
790,3,places,201752,202008,256,0.2109375,0.5799999833106995,179,64,0.994413407821229,0.8125,0.8811881188118812,0.9629629629629629,0.10699999999999998,0.03700000000000003,0.017,0.016,0.628,14259,0.9966666666666667,0.7366666666666667,0.0,0.0,0.052,0.013,0.522,0.628
791,3,places,202008,202264,256,0.15625,0.5799999833106995,196,41,0.9795918367346939,0.8048780487804879,0.8888888888888888,0.825,0.136,0.039000000000000035,0.015,0.015,0.628,14268,0.9866666666666667,0.76,0.0,0.0,0.048,0.015,0.512,0.628
792,3,places,202264,202520,256,0.12109375,0.5799999833106995,199,37,0.9798994974874372,0.6756756756756757,0.8666666666666667,0.8064516129032258,0.10299999999999998,0.03600000000000003,0.015,0.015,0.648,14272,0.98,0.76,0.0,0.0,0.052,0.017,0.522,0.648
793,3,places,202520,202776,256,0.17578125,0.5799999833106995,181,54,0.988950276243094,0.7222222222222222,0.8483412322274881,0.8666666666666667,0.09299999999999997,0.031000000000000028,0.015,0.015,0.641,14277,0.9866666666666667,0.7533333333333333,0.0,0.0,0.055,0.019,0.514,0.641
794,3,places,202776,203032,256,0.19140625,0.5799999833106995,176,60,0.9715909090909091,0.7,0.8260869565217391,0.8571428571428571,0.129,0.03700000000000003,0.015,0.014,0.628,14287,0.9766666666666667,0.7433333333333333,0.0,0.0,0.053,0.021,0.496,0.628
795,3,places,203032,203288,256,0.18359375,0.5799999833106995,180,59,0.9944444444444445,0.7627118644067796,0.8564593301435407,0.9574468085106383,0.122,0.028000000000000025,0.016,0.014,0.598,14289,0.9833333333333333,0.7466666666666667,0.0,0.0,0.064,0.023,0.48,0.598
796,3,places,203288,203544,256,0.13671875,0.5799999833106995,194,49,0.9845360824742269,0.5918367346938775,0.8642533936651584,0.8285714285714286,0.14400000000000002,0.03200000000000003,0.014,0.013,0.582,14296,0.99,0.71,0.0,0.0,0.057,0.024,0.475,0.582
797,3,places,203544,203800,256,0.1484375,0.5799999833106995,192,46,0.9895833333333334,0.717391304347826,0.8715596330275229,0.868421052631579,0.14300000000000002,0.030000000000000027,0.011,0.01,0.553,14308,0.9866666666666667,0.6933333333333334,0.0,0.0,0.057,0.02,0.448,0.553
798,3,places,203800,204056,256,0.1484375,0.5799999833106995,188,51,0.9893617021276596,0.6470588235294118,0.8532110091743119,0.868421052631579,0.14800000000000002,0.04200000000000004,0.016,0.014,0.571,14312,0.9866666666666667,0.6933333333333334,0.0,0.0,0.061,0.018,0.448,0.571
799,3,places,204056,204312,256,0.12109375,0.5799999833106995,200,42,0.985,0.6428571428571429,0.8755555555555555,0.8709677419354839,0.14800000000000002,0.04400000000000004,0.016,0.015,0.582,14319,0.9866666666666667,0.6833333333333333,0.0,0.0,0.058,0.019,0.461,0.582
800,3,places,204312,204568,256,0.20703125,0.5799999833106995,172,61,0.9825581395348837,0.7704918032786885,0.8325123152709359,0.8867924528301887,0.11299999999999999,0.031000000000000028,0.016,0.014,0.576,14327,0.9833333333333333,0.69,0.0,0.0,0.057,0.016,0.465,0.576
801,3,places,204568,204824,256,0.18359375,0.5799999833106995,175,63,0.9885714285714285,0.6984126984126984,0.8277511961722488,0.9361702127659575,0.17600000000000005,0.038000000000000034,0.017,0.016,0.547,14340,0.99,0.6766666666666666,0.0,0.0,0.052,0.015,0.45,0.547
802,3,places,204824,205080,256,0.171875,0.5799999833106995,192,51,0.984375,0.7843137254901961,0.8915094339622641,0.9090909090909091,0.15000000000000002,0.03700000000000003,0.016,0.015,0.552,14345,0.9866666666666667,0.7133333333333334,0.0,0.0,0.053,0.015,0.465,0.552
803,3,places,205080,205336,256,0.1640625,0.5799999833106995,186,49,0.9731182795698925,0.7346938775510204,0.8457943925233645,0.8571428571428571,0.15100000000000002,0.03300000000000003,0.016,0.015,0.564,14351,0.98,0.72,0.0,0.0,0.044,0.023,0.472,0.564
804,3,places,205336,205592,256,0.15234375,0.5799999833106995,196,49,0.9795918367346939,0.673469387755102,0.8847926267281107,0.8461538461538461,0.11099999999999999,0.029000000000000026,0.017,0.016,0.567,14354,0.9733333333333334,0.7166666666666667,0.0,0.0,0.04,0.028,0.466,0.567
805,3,places,205592,205848,256,0.1484375,0.5799999833106995,186,50,0.989247311827957,0.68,0.8440366972477065,0.8947368421052632,0.11399999999999999,0.03500000000000003,0.019,0.018,0.572,14355,0.9866666666666667,0.7233333333333334,0.0,0.0,0.043,0.023,0.483,0.572
806,3,places,205848,206104,256,0.16796875,0.5799999833106995,186,53,0.9838709677419355,0.7358490566037735,0.8591549295774648,0.9069767441860465,0.129,0.03700000000000003,0.017,0.017,0.581,14358,0.9833333333333333,0.7166666666666667,0.0,0.0,0.044,0.021,0.506,0.581
807,3,places,206104,206360,256,0.16015625,0.5799999833106995,190,48,0.9947368421052631,0.8125,0.8790697674418605,0.9512195121951219,0.139,0.03200000000000003,0.017,0.017,0.61,14366,0.99,0.7366666666666667,0.0,0.0,0.042,0.019,0.517,0.61
808,3,places,206360,206616,256,0.16015625,0.5799999833106995,184,54,0.9945652173913043,0.7037037037037037,0.8511627906976744,0.926829268292683,0.131,0.049000000000000044,0.019,0.018,0.607,14372,0.9933333333333333,0.7266666666666667,0.0,0.0,0.046,0.017,0.503,0.607
809,3,places,206616,206872,256,0.15625,0.5799999833106995,187,54,0.9786096256684492,0.6666666666666666,0.8472222222222222,0.9,0.14,0.030000000000000027,0.019,0.017,0.625,14377,0.9833333333333333,0.7133333333333334,0.0,0.0,0.044,0.012,0.503,0.625
810,3,places,206872,207128,256,0.13671875,0.5799999833106995,196,42,0.9693877551020408,0.6904761904761905,0.8597285067873304,0.8285714285714286,0.124,0.025000000000000022,0.02,0.018,0.617,14382,0.97,0.7133333333333334,0.0,0.0,0.047,0.01,0.507,0.617
811,3,places,207128,207384,256,0.11328125,0.5799999833106995,201,37,0.9850746268656716,0.6486486486486487,0.8722466960352423,0.8275862068965517,0.11499999999999999,0.04200000000000004,0.019,0.017,0.612,14388,0.9866666666666667,0.71,0.0,0.0,0.047,0.009,0.499,0.612
812,3,places,207384,207640,256,0.16796875,0.5799999833106995,177,51,0.9661016949152542,0.7058823529411765,0.8028169014084507,0.8372093023255814,0.10199999999999998,0.029000000000000026,0.019,0.017,0.614,14391,0.97,0.71,0.0,0.0,0.047,0.007,0.486,0.614
813,3,places,207640,207896,256,0.16796875,0.5799999833106995,183,49,0.9890710382513661,0.7551020408163265,0.8497652582159625,0.8604651162790697,0.139,0.041000000000000036,0.017,0.015,0.613,14396,0.9766666666666667,0.7033333333333334,0.0,0.0,0.049,0.01,0.469,0.613
814,3,places,207896,208152,256,0.15625,0.5799999833106995,186,51,0.9946236559139785,0.7254901960784313,0.8564814814814815,0.925,0.13,0.03200000000000003,0.017,0.015,0.605,14406,0.9933333333333333,0.6966666666666667,0.0,0.0,0.049,0.012,0.467,0.605
815,3,places,208152,208408,256,0.1953125,0.5799999833106995,185,58,0.9891891891891892,0.8103448275862069,0.8883495145631068,0.94,0.138,0.049000000000000044,0.017,0.014,0.584,14413,0.99,0.7166666666666667,0.0,0.0,0.045,0.012,0.453,0.584
816,3,places,208408,208664,256,0.171875,0.5799999833106995,186,58,0.989247311827957,0.6896551724137931,0.8679245283018868,0.9090909090909091,0.14600000000000002,0.03500000000000003,0.016,0.013,0.586,14421,0.99,0.7233333333333334,0.0,0.0,0.044,0.011,0.457,0.586
817,3,places,208664,208920,256,0.17578125,0.5799999833106995,185,53,0.972972972972973,0.7358490566037735,0.8530805687203792,0.8666666666666667,0.118,0.030000000000000027,0.013,0.01,0.577,14431,0.9766666666666667,0.7266666666666667,0.0,0.0,0.038,0.009,0.449,0.577
818,3,places,208920,209176,256,0.17578125,0.5799999833106995,182,55,1.0,0.7272727272727273,0.8625592417061612,0.8888888888888888,0.14400000000000002,0.038000000000000034,0.013,0.011,0.562,14442,0.9866666666666667,0.7366666666666667,0.0,0.0,0.035,0.011,0.442,0.562
819,3,places,209176,209432,256,0.171875,0.5799999833106995,183,50,0.9890710382513661,0.74,0.8537735849056604,0.8409090909090909,0.14700000000000002,0.031000000000000028,0.011,0.009,0.542,14450,0.9933333333333333,0.7466666666666667,0.0,0.0,0.033,0.011,0.442,0.542
820,3,places,209432,209688,256,0.140625,0.5799999833106995,196,45,0.9795918367346939,0.7111111111111111,0.8727272727272727,0.8888888888888888,0.121,0.04300000000000004,0.011,0.01,0.531,14455,0.9833333333333333,0.73,0.0,0.0,0.031,0.011,0.435,0.531
821,3,places,209688,209944,256,0.19921875,0.5799999833106995,179,61,0.9720670391061452,0.7377049180327869,0.848780487804878,0.8823529411764706,0.15800000000000003,0.03200000000000003,0.011,0.011,0.539,14466,0.98,0.7266666666666667,0.0,0.0,0.03,0.015,0.435,0.539
822,3,places,209944,210200,256,0.140625,0.5799999833106995,182,51,0.9945054945054945,0.6666666666666666,0.8227272727272728,0.9444444444444444,0.17900000000000005,0.03400000000000003,0.014,0.013,0.516,14480,0.9866666666666667,0.7266666666666667,0.0,0.0,0.033,0.018,0.407,0.516
823,3,places,210200,210456,256,0.16015625,0.5799999833106995,178,51,0.9775280898876404,0.6666666666666666,0.8093023255813954,0.8292682926829268,0.15600000000000003,0.041000000000000036,0.015,0.013,0.525,14486,0.9833333333333333,0.7033333333333334,0.0,0.0,0.031,0.02,0.424,0.525
824,3,places,210456,210712,256,0.1640625,0.5799999833106995,179,59,0.9776536312849162,0.6271186440677966,0.8177570093457944,0.8809523809523809,0.16400000000000003,0.04800000000000004,0.016,0.014,0.492,14492,0.98,0.69,0.0,0.0,0.032,0.014,0.407,0.492
825,3,places,210712,210968,256,0.1875,0.5799999833106995,172,64,0.9883720930232558,0.671875,0.8173076923076923,0.8958333333333334,0.16400000000000003,0.040000000000000036,0.015,0.013,0.5,14505,0.9866666666666667,0.6766666666666666,0.0,0.0,0.036,0.016,0.414,0.5
826,3,places,210968,211224,256,0.15625,0.5799999833106995,192,45,0.9791666666666666,0.7333333333333333,0.8703703703703703,0.825,0.17000000000000004,0.049000000000000044,0.017,0.015,0.52,14511,0.9833333333333333,0.6733333333333333,0.0,0.0,0.034,0.012,0.433,0.52
827,3,places,211224,211480,256,0.1640625,0.5799999833106995,186,52,0.9838709677419355,0.7115384615384616,0.8551401869158879,0.8809523809523809,0.11299999999999999,0.03400000000000003,0.018,0.015,0.533,14514,0.98,0.67,0.0,0.0,0.04,0.016,0.451,0.533
828,3,places,211480,211736,256,0.12109375,0.5799999833106995,192,46,0.9791666666666666,0.5652173913043478,0.8355555555555556,0.8387096774193549,0.137,0.03200000000000003,0.017,0.014,0.537,14521,0.98,0.6666666666666666,0.0,0.0,0.04,0.017,0.452,0.537
829,3,places,211736,211992,256,0.1640625,0.5799999833106995,188,41,0.9680851063829787,0.7804878048780488,0.8504672897196262,0.7619047619047619,0.14200000000000002,0.038000000000000034,0.015,0.013,0.55,14530,0.9733333333333334,0.67,0.0,0.0,0.038,0.019,0.444,0.55
830,3,places,211992,212248,256,0.17578125,0.5799999833106995,185,60,0.9891891891891892,0.7166666666666667,0.8672985781990521,0.9555555555555556,0.134,0.040000000000000036,0.017,0.015,0.545,14537,0.98,0.6933333333333334,0.0,0.0,0.043,0.022,0.45,0.545
831,3,places,212248,212504,256,0.1328125,0.5799999833106995,190,45,0.9842105263157894,0.6666666666666666,0.8423423423423423,0.8823529411764706,0.16100000000000003,0.04200000000000004,0.015,0.013,0.552,14541,0.99,0.7033333333333334,0.0,0.0,0.042,0.025,0.441,0.552
832,3,places,212504,212760,256,0.16015625,0.5799999833106995,175,60,1.0,0.6,0.813953488372093,0.8780487804878049,0.118,0.02400000000000002,0.016,0.014,0.553,14546,0.9966666666666667,0.6733333333333333,0.0,0.0,0.042,0.025,0.443,0.553
833,3,places,212760,213016,256,0.18359375,0.5799999833106995,179,64,1.0,0.703125,0.8564593301435407,0.9574468085106383,0.15500000000000003,0.039000000000000035,0.016,0.014,0.561,14550,1.0,0.68,0.0,0.0,0.043,0.03,0.453,0.561
834,3,places,213016,213272,256,0.2265625,0.5799999833106995,175,64,0.9885714285714285,0.8125,0.8737373737373737,0.896551724137931,0.16100000000000003,0.038000000000000034,0.017,0.015,0.556,14561,0.9933333333333333,0.7,0.0,0.0,0.045,0.023,0.452,0.556
835,3,places,213272,213528,256,0.14453125,0.5799999833106995,182,49,0.9725274725274725,0.6122448979591837,0.8082191780821918,0.8108108108108109,0.16700000000000004,0.027000000000000024,0.014,0.012,0.527,14570,0.9766666666666667,0.6966666666666667,0.0,0.0,0.044,0.019,0.434,0.527
836,3,places,213528,213784,256,0.125,0.5799999833106995,197,40,0.9898477157360406,0.7,0.8705357142857143,0.875,0.122,0.039000000000000035,0.011,0.01,0.531,14576,0.98,0.6933333333333334,0.0,0.0,0.042,0.016,0.432,0.531
837,3,places,213784,214040,256,0.19921875,0.5799999833106995,185,54,0.9837837837837838,0.8518518518518519,0.8878048780487805,0.9019607843137255,0.11699999999999999,0.028000000000000025,0.012,0.011,0.543,14582,0.9833333333333333,0.7233333333333334,0.0,0.0,0.045,0.009,0.443,0.543
838,3,places,214040,214296,256,0.140625,0.5799999833106995,191,50,1.0,0.68,0.8681818181818182,0.9444444444444444,0.124,0.03200000000000003,0.013,0.012,0.558,14588,0.9933333333333333,0.74,0.0,0.0,0.044,0.01,0.451,0.558
839,3,places,214296,214552,256,0.22265625,0.5799999833106995,175,68,0.9714285714285714,0.7352941176470589,0.8542713567839196,0.8771929824561403,0.126,0.029000000000000026,0.013,0.013,0.571,14595,0.9833333333333333,0.7333333333333333,0.0,0.0,0.05,0.007,0.454,0.571
840,3,places,214552,214808,256,0.1328125,0.5799999833106995,192,46,0.9895833333333334,0.6956521739130435,0.8558558558558559,0.9411764705882353,0.18999999999999995,0.040000000000000036,0.012,0.012,0.569,14598,0.9833333333333333,0.72,0.0,0.0,0.047,0.014,0.459,0.569
841,3,places,214808,215064,256,0.1640625,0.5799999833106995,186,48,0.9838709677419355,0.7083333333333334,0.8551401869158879,0.8095238095238095,0.14400000000000002,0.03700000000000003,0.011,0.011,0.561,14610,0.9833333333333333,0.7366666666666667,0.0,0.0,0.045,0.015,0.456,0.561
842,3,places,215064,215320,256,0.171875,0.5799999833106995,190,45,0.9736842105263158,0.7777777777777778,0.8726415094339622,0.7954545454545454,0.14100000000000001,0.03700000000000003,0.014,0.013,0.558,14617,0.9833333333333333,0.7333333333333333,0.0,0.0,0.041,0.016,0.446,0.558
843,3,places,215320,215576,256,0.171875,0.5799999833106995,176,52,0.9715909090909091,0.7307692307692307,0.8066037735849056,0.8636363636363636,0.129,0.03600000000000003,0.013,0.012,0.557,14621,0.9733333333333334,0.7233333333333334,0.0,0.0,0.044,0.016,0.445,0.557
844,3,places,215576,215832,256,0.18359375,0.5799999833106995,178,58,0.9831460674157303,0.7241379310344828,0.8373205741626795,0.8936170212765957,0.136,0.038000000000000034,0.016,0.014,0.572,14623,0.98,0.7233333333333334,0.0,0.0,0.057,0.016,0.456,0.572
845,3,places,215832,216088,256,0.16015625,0.5799999833106995,179,49,0.9888268156424581,0.673469387755102,0.8232558139534883,0.8048780487804879,0.16900000000000004,0.03300000000000003,0.017,0.015,0.573,14627,0.99,0.7166666666666667,0.0,0.0,0.055,0.018,0.487,0.573
846,3,places,216088,216344,256,0.17578125,0.5799999833106995,179,51,0.9776536312849162,0.7058823529411765,0.8293838862559242,0.8,0.125,0.03300000000000003,0.017,0.015,0.579,14635,0.9833333333333333,0.72,0.0,0.0,0.055,0.019,0.494,0.579
847,3,places,216344,216600,256,0.15625,0.5799999833106995,192,51,0.9791666666666666,0.6862745098039216,0.8703703703703703,0.875,0.14700000000000002,0.03200000000000003,0.017,0.015,0.586,14640,0.9766666666666667,0.7133333333333334,0.0,0.0,0.058,0.019,0.489,0.586
848,3,places,216600,216856,256,0.171875,0.5799999833106995,188,54,0.973404255319149,0.7222222222222222,0.8632075471698113,0.8863636363636364,0.14200000000000002,0.04500000000000004,0.017,0.014,0.586,14645,0.9733333333333334,0.71,0.0,0.0,0.06,0.019,0.496,0.586
849,3,places,216856,217112,256,0.18359375,0.5799999833106995,191,52,0.9790575916230366,0.8269230769230769,0.8947368421052632,0.9148936170212766,0.14700000000000002,0.03300000000000003,0.019,0.015,0.592,14652,0.98,0.73,0.0,0.0,0.056,0.023,0.52,0.592
850,3,places,217112,217368,256,0.1875,0.5799999833106995,182,62,0.978021978021978,0.6935483870967742,0.8557692307692307,0.8958333333333334,0.136,0.03700000000000003,0.017,0.014,0.588,14658,0.9833333333333333,0.73,0.0,0.0,0.053,0.022,0.5,0.588
851,3,places,217368,217624,256,0.1796875,0.5699999928474426,176,59,0.9829545454545454,0.711864406779661,0.8238095238095238,0.9130434782608695,0.15100000000000002,0.03700000000000003,0.014,0.011,0.592,14663,0.9766666666666667,0.7266666666666667,0.0,0.0,0.055,0.02,0.485,0.592
852,3,places,217624,217880,256,0.1640625,0.5699999928474426,192,50,0.9895833333333334,0.76,0.8878504672897196,0.9047619047619048,0.14700000000000002,0.03600000000000003,0.014,0.011,0.577,14669,0.9833333333333333,0.7333333333333333,0.0,0.0,0.067,0.019,0.464,0.577
853,3,places,217880,218136,256,0.18359375,0.5699999928474426,182,56,0.967032967032967,0.6785714285714286,0.8421052631578947,0.8085106382978723,0.11699999999999999,0.025000000000000022,0.016,0.014,0.589,14672,0.9733333333333334,0.7266666666666667,0.0,0.0,0.07,0.017,0.469,0.589
854,3,places,218136,218392,256,0.16796875,0.5699999928474426,186,51,0.989247311827957,0.7647058823529411,0.863849765258216,0.9069767441860465,0.125,0.031000000000000028,0.013,0.011,0.58,14683,0.9866666666666667,0.7366666666666667,0.0,0.0,0.07,0.014,0.461,0.58
855,3,places,218392,218648,256,0.1484375,0.5699999928474426,198,42,0.9797979797979798,0.7380952380952381,0.8899082568807339,0.8157894736842105,0.139,0.03400000000000003,0.013,0.012,0.597,14687,0.9833333333333333,0.73,0.0,0.0,0.063,0.012,0.461,0.597
856,3,places,218648,218904,256,0.171875,0.5699999928474426,187,52,0.9786096256684492,0.7307692307692307,0.8632075471698113,0.8636363636363636,0.119,0.041000000000000036,0.016,0.014,0.593,14694,0.9733333333333334,0.7266666666666667,0.0,0.0,0.065,0.013,0.454,0.593
857,3,places,218904,219160,256,0.1875,0.5699999928474426,179,53,0.9776536312849162,0.7735849056603774,0.8413461538461539,0.8541666666666666,0.121,0.031000000000000028,0.017,0.015,0.601,14700,0.9733333333333334,0.7366666666666667,0.0,0.0,0.073,0.013,0.461,0.601
858,3,places,219160,219416,256,0.15234375,0.5799999833106995,187,52,0.983957219251337,0.6538461538461539,0.847926267281106,0.8717948717948718,0.127,0.030000000000000027,0.017,0.015,0.603,14705,0.98,0.7233333333333334,0.0,0.0,0.062,0.011,0.467,0.603
859,3,places,219416,219672,256,0.15234375,0.5699999928474426,190,50,0.9947368421052631,0.72,0.8709677419354839,0.9230769230769231,0.127,0.03700000000000003,0.017,0.015,0.59,14710,0.9933333333333333,0.73,0.0,0.0,0.059,0.013,0.463,0.59
860,3,places,219672,219928,256,0.16796875,0.5799999833106995,183,46,0.9781420765027322,0.7391304347826086,0.8403755868544601,0.7906976744186046,0.11499999999999999,0.03600000000000003,0.015,0.013,0.608,14716,0.9833333333333333,0.73,0.0,0.0,0.055,0.007,0.468,0.608
861,3,places,219928,220184,256,0.15625,0.5799999833106995,182,53,0.9945054945054945,0.6981132075471698,0.8379629629629629,0.925,0.119,0.029000000000000026,0.014,0.012,0.594,14723,0.99,0.7166666666666667,0.0,0.0,0.055,0.008,0.457,0.594
862,3,places,220184,220440,256,0.1484375,0.5799999833106995,195,42,0.9846153846153847,0.7857142857142857,0.8807339449541285,0.868421052631579,0.136,0.03600000000000003,0.012,0.01,0.585,14732,0.99,0.7233333333333334,0.0,0.0,0.049,0.005,0.458,0.585
863,3,places,220440,220696,256,0.1328125,0.5699999928474426,197,37,0.9796954314720813,0.6486486486486487,0.8693693693693694,0.7058823529411765,0.131,0.04200000000000004,0.014,0.012,0.578,14735,0.9766666666666667,0.7166666666666667,0.0,0.0,0.056,0.008,0.453,0.578
864,3,places,220696,220952,256,0.18359375,0.5799999833106995,180,54,0.9888888888888889,0.7592592592592593,0.8516746411483254,0.8723404255319149,0.09799999999999998,0.03700000000000003,0.012,0.01,0.572,14736,0.9833333333333333,0.7266666666666667,0.0,0.0,0.058,0.01,0.461,0.572
865,3,places,220952,221208,256,0.171875,0.5799999833106995,189,50,0.9841269841269841,0.76,0.8773584905660378,0.8636363636363636,0.16400000000000003,0.04400000000000004,0.016,0.013,0.563,14743,0.9866666666666667,0.7366666666666667,0.0,0.0,0.068,0.018,0.484,0.563
866,3,places,221208,221464,256,0.12109375,0.5799999833106995,190,49,0.9947368421052631,0.5918367346938775,0.84,0.9354838709677419,0.14200000000000002,0.03400000000000003,0.013,0.012,0.548,14746,0.9966666666666667,0.71,0.0,0.0,0.065,0.022,0.472,0.548
867,3,places,221464,221720,256,0.1640625,0.5799999833106995,184,53,1.0,0.7358490566037735,0.8598130841121495,0.9285714285714286,0.11299999999999999,0.03400000000000003,0.012,0.012,0.541,14749,1.0,0.7166666666666667,0.0,0.0,0.071,0.023,0.463,0.541
868,3,places,221720,221976,256,0.2421875,0.5799999833106995,168,69,0.9761904761904762,0.7971014492753623,0.845360824742268,0.8870967741935484,0.14100000000000001,0.03400000000000003,0.015,0.014,0.545,14752,0.9866666666666667,0.72,0.0,0.0,0.087,0.023,0.468,0.545
869,3,places,221976,222232,256,0.15234375,0.5799999833106995,190,43,0.9736842105263158,0.6976744186046512,0.8525345622119815,0.7692307692307693,0.15300000000000002,0.04600000000000004,0.016,0.015,0.539,14754,0.9733333333333334,0.7266666666666667,0.0,0.0,0.097,0.016,0.466,0.539
870,3,places,222232,222488,256,0.16796875,0.5799999833106995,190,54,0.9842105263157894,0.7222222222222222,0.8779342723004695,0.9069767441860465,0.133,0.039000000000000035,0.014,0.013,0.551,14757,0.9833333333333333,0.72,0.0,0.0,0.084,0.021,0.47,0.551
871,3,places,222488,222744,256,0.171875,0.5799999833106995,180,53,0.9888888888888889,0.6226415094339622,0.839622641509434,0.75,0.15200000000000002,0.028000000000000025,0.014,0.013,0.555,14766,0.9866666666666667,0.71,0.0,0.0,0.089,0.021,0.468,0.555
872,3,places,222744,223000,256,0.1640625,0.5799999833106995,191,48,0.9947643979057592,0.75,0.8878504672897196,0.8571428571428571,0.15700000000000003,0.029000000000000026,0.02,0.019,0.591,14769,0.9933333333333333,0.72,0.0,0.0,0.094,0.013,0.467,0.591
873,3,places,223000,223256,256,0.14453125,0.5799999833106995,179,48,0.9888268156424581,0.6666666666666666,0.8082191780821918,0.8648648648648649,0.127,0.03200000000000003,0.018,0.015,0.584,14773,0.99,0.71,0.0,0.0,0.095,0.013,0.463,0.584
874,3,places,223256,223512,256,0.16796875,0.5799999833106995,181,51,0.9834254143646409,0.7450980392156863,0.8356807511737089,0.8837209302325582,0.11699999999999999,0.04200000000000004,0.017,0.014,0.563,14778,0.9866666666666667,0.7033333333333334,0.0,0.0,0.093,0.014,0.462,0.563
875,3,places,223512,223768,256,0.17578125,0.5799999833106995,178,58,0.9831460674157303,0.7068965517241379,0.8293838862559242,0.9111111111111111,0.132,0.03600000000000003,0.017,0.014,0.563,14782,0.9866666666666667,0.7033333333333334,0.0,0.0,0.086,0.015,0.456,0.563
876,3,places,223768,224024,256,0.16015625,0.5799999833106995,182,54,0.978021978021978,0.6296296296296297,0.827906976744186,0.8292682926829268,0.136,0.025000000000000022,0.014,0.012,0.57,14783,0.98,0.69,0.0,0.0,0.083,0.016,0.453,0.57
877,3,places,224024,224280,256,0.17578125,0.5799999833106995,187,49,0.983957219251337,0.7755102040816326,0.8720379146919431,0.8444444444444444,0.14900000000000002,0.03500000000000003,0.012,0.01,0.559,14790,0.9766666666666667,0.71,0.0,0.0,0.083,0.012,0.448,0.559
878,3,places,224280,224536,256,0.1796875,0.5799999833106995,184,56,0.9782608695652174,0.6964285714285714,0.8571428571428571,0.8478260869565217,0.14200000000000002,0.02400000000000002,0.016,0.014,0.542,14795,0.9766666666666667,0.6966666666666667,0.0,0.0,0.084,0.011,0.444,0.542
879,3,places,224536,224792,256,0.2109375,0.5799999833106995,168,63,0.9702380952380952,0.7142857142857143,0.806930693069307,0.8333333333333334,0.135,0.03600000000000003,0.017,0.015,0.548,14801,0.97,0.71,0.0,0.0,0.085,0.012,0.454,0.548
880,3,places,224792,225048,256,0.12109375,0.5799999833106995,197,37,0.9847715736040609,0.7027027027027027,0.8622222222222222,0.8387096774193549,0.17200000000000004,0.03500000000000003,0.014,0.012,0.564,14809,0.9733333333333334,0.7,0.0,0.0,0.07,0.014,0.447,0.564
881,3,places,225048,225304,256,0.15234375,0.5799999833106995,189,47,0.9841269841269841,0.6808510638297872,0.8571428571428571,0.8205128205128205,0.11199999999999999,0.029000000000000026,0.015,0.012,0.569,14815,0.9833333333333333,0.7066666666666667,0.0,0.0,0.066,0.018,0.444,0.569
882,3,places,225304,225560,256,0.2265625,0.5799999833106995,172,62,0.9825581395348837,0.8387096774193549,0.8535353535353535,0.896551724137931,0.129,0.03200000000000003,0.017,0.013,0.586,14819,0.9833333333333333,0.74,0.0,0.0,0.076,0.015,0.461,0.586
883,3,places,225560,225816,256,0.16015625,0.5799999833106995,181,49,0.994475138121547,0.7551020408163265,0.8372093023255814,0.9024390243902439,0.15800000000000003,0.050000000000000044,0.02,0.016,0.582,14825,0.99,0.7333333333333333,0.0,0.0,0.081,0.017,0.459,0.582
884,3,places,225816,226072,256,0.17578125,0.5799999833106995,186,51,0.9838709677419355,0.7450980392156863,0.8672985781990521,0.8444444444444444,0.135,0.04500000000000004,0.021,0.018,0.597,14832,0.9866666666666667,0.75,0.0,0.0,0.088,0.018,0.477,0.597
885,3,places,226072,226328,256,0.1328125,0.5799999833106995,190,44,0.9842105263157894,0.6363636363636364,0.8423423423423423,0.8235294117647058,0.129,0.031000000000000028,0.02,0.017,0.594,14839,0.9833333333333333,0.73,0.0,0.0,0.098,0.025,0.464,0.594
886,3,places,226328,226584,256,0.16796875,0.5799999833106995,186,52,0.9838709677419355,0.7115384615384616,0.8591549295774648,0.8604651162790697,0.11499999999999999,0.026000000000000023,0.016,0.013,0.572,14841,0.9833333333333333,0.7366666666666667,0.0,0.0,0.096,0.025,0.454,0.572
887,3,places,226584,226840,256,0.1640625,0.5799999833106995,185,47,0.9945945945945946,0.7446808510638298,0.8598130841121495,0.8333333333333334,0.125,0.03300000000000003,0.017,0.014,0.574,14844,0.9933333333333333,0.7433333333333333,0.0,0.0,0.091,0.022,0.459,0.574
888,3,places,226840,227096,256,0.18359375,0.5799999833106995,175,58,0.9714285714285714,0.6896551724137931,0.8133971291866029,0.851063829787234,0.10999999999999999,0.030000000000000027,0.019,0.015,0.586,14849,0.98,0.7133333333333334,0.0,0.0,0.083,0.019,0.455,0.586
889,3,places,227096,227352,256,0.125,0.5799999833106995,197,41,0.9898477157360406,0.7073170731707317,0.8705357142857143,0.90625,0.133,0.039000000000000035,0.017,0.013,0.58,14857,0.9833333333333333,0.7133333333333334,0.0,0.0,0.084,0.017,0.444,0.58
890,3,places,227352,227608,256,0.18359375,0.5799999833106995,185,54,0.9675675675675676,0.6666666666666666,0.8564593301435407,0.7659574468085106,0.131,0.03700000000000003,0.016,0.011,0.589,14862,0.9733333333333334,0.6933333333333334,0.0,0.0,0.09,0.023,0.442,0.589
891,3,places,227608,227864,256,0.14453125,0.5799999833106995,184,51,0.9945652173913043,0.7058823529411765,0.8356164383561644,0.972972972972973,0.14300000000000002,0.03700000000000003,0.017,0.012,0.576,14864,0.9866666666666667,0.7033333333333334,0.0,0.0,0.091,0.02,0.434,0.576
892,3,places,227864,228120,256,0.171875,0.5799999833106995,191,56,0.9790575916230366,0.6964285714285714,0.8820754716981132,0.8863636363636364,0.14400000000000002,0.03300000000000003,0.022,0.018,0.592,14871,0.9866666666666667,0.6933333333333334,0.0,0.0,0.081,0.015,0.451,0.592
893,3,places,228120,228376,256,0.1484375,0.5799999833106995,198,37,0.9696969696969697,0.7567567567567568,0.8807339449541285,0.7368421052631579,0.14,0.03700000000000003,0.015,0.012,0.558,14878,0.98,0.7,0.0,0.0,0.073,0.018,0.442,0.558
894,3,places,228376,228632,256,0.140625,0.5799999833106995,189,45,1.0,0.7111111111111111,0.8590909090909091,0.8888888888888888,0.11299999999999999,0.03300000000000003,0.014,0.012,0.561,14879,0.9933333333333333,0.7066666666666667,0.0,0.0,0.075,0.019,0.446,0.561
895,3,places,228632,228888,256,0.1796875,0.5799999833106995,187,47,0.983957219251337,0.7872340425531915,0.8761904761904762,0.8043478260869565,0.11299999999999999,0.026000000000000023,0.016,0.013,0.569,14882,0.99,0.7133333333333334,0.0,0.0,0.067,0.022,0.45,0.569
896,3,places,228888,229144,256,0.19140625,0.5799999833106995,182,48,0.9835164835164835,0.8541666666666666,0.8647342995169082,0.8367346938775511,0.125,0.025000000000000022,0.019,0.017,0.594,14883,0.98,0.7433333333333333,0.0,0.0,0.069,0.018,0.486,0.594
897,3,places,229144,229400,256,0.19140625,0.5799999833106995,174,58,0.9655172413793104,0.7068965517241379,0.8115942028985508,0.8367346938775511,0.133,0.03300000000000003,0.019,0.017,0.572,14889,0.9766666666666667,0.7466666666666667,0.0,0.0,0.057,0.017,0.468,0.572
898,3,places,229400,229656,256,0.16796875,0.5799999833106995,184,54,0.9836956521739131,0.7407407407407407,0.8497652582159625,0.9302325581395349,0.14600000000000002,0.039000000000000035,0.02,0.018,0.583,14891,0.9733333333333334,0.7533333333333333,0.0,0.0,0.056,0.015,0.455,0.583
899,3,places,229656,229912,256,0.140625,0.5799999833106995,189,46,0.9841269841269841,0.6739130434782609,0.8454545454545455,0.8611111111111112,0.15900000000000003,0.029000000000000026,0.016,0.014,0.61,14899,0.9833333333333333,0.7466666666666667,0.0,0.0,0.054,0.018,0.479,0.61
900,3,places,229912,230168,256,0.12109375,0.5799999833106995,195,39,0.9897435897435898,0.717948717948718,0.8577777777777778,0.9032258064516129,0.139,0.04600000000000004,0.021,0.019,0.608,14905,0.9833333333333333,0.7433333333333333,0.0,0.0,0.062,0.017,0.458,0.608
901,3,places,230168,230424,256,0.15234375,0.5799999833106995,195,48,0.9794871794871794,0.7083333333333334,0.880184331797235,0.8717948717948718,0.10099999999999998,0.03700000000000003,0.022,0.019,0.609,14907,0.9833333333333333,0.7333333333333333,0.0,0.0,0.062,0.012,0.459,0.609
902,3,places,230424,230680,256,0.15625,0.5799999833106995,184,49,1.0,0.7755102040816326,0.8518518518518519,0.95,0.11299999999999999,0.03200000000000003,0.021,0.018,0.594,14912,0.99,0.72,0.0,0.0,0.062,0.012,0.424,0.594
903,3,places,230680,230936,256,0.1640625,0.5799999833106995,186,49,0.9731182795698925,0.673469387755102,0.8457943925233645,0.7857142857142857,0.10999999999999999,0.031000000000000028,0.023,0.019,0.616,14916,0.9833333333333333,0.7166666666666667,0.0,0.0,0.062,0.013,0.435,0.616
904,3,places,230936,231192,256,0.171875,0.5799999833106995,195,49,0.9948717948717949,0.7755102040816326,0.9150943396226415,0.8636363636363636,0.11399999999999999,0.029000000000000026,0.022,0.018,0.602,14925,0.9866666666666667,0.72,0.0,0.0,0.059,0.016,0.431,0.602
905,3,places,231192,231448,256,0.17578125,0.5799999833106995,178,57,1.0,0.7368421052631579,0.8436018957345972,0.9333333333333333,0.124,0.03400000000000003,0.02,0.016,0.613,14934,0.9966666666666667,0.73,0.0,0.0,0.054,0.016,0.454,0.613
906,3,places,231448,231704,256,0.21484375,0.5799999833106995,179,63,0.9608938547486033,0.7301587301587301,0.8557213930348259,0.8363636363636363,0.129,0.030000000000000027,0.022,0.018,0.609,14941,0.9766666666666667,0.7366666666666667,0.0,0.0,0.059,0.013,0.467,0.609
907,3,places,231704,231960,256,0.16015625,0.5799999833106995,183,51,0.9781420765027322,0.6666666666666666,0.8325581395348837,0.8292682926829268,0.14600000000000002,0.03200000000000003,0.018,0.015,0.6,14948,0.97,0.72,0.0,0.0,0.051,0.016,0.466,0.6
908,3,places,231960,232216,256,0.20703125,0.5699999928474426,188,55,0.973404255319149,0.8,0.9014778325123153,0.8301886792452831,0.14100000000000001,0.04300000000000004,0.02,0.018,0.591,14952,0.97,0.7333333333333333,0.0,0.0,0.053,0.015,0.477,0.591
909,3,places,232216,232472,256,0.15234375,0.5699999928474426,188,46,0.9680851063829787,0.6739130434782609,0.8387096774193549,0.7948717948717948,0.14300000000000002,0.03600000000000003,0.021,0.019,0.564,14957,0.9633333333333334,0.7366666666666667,0.0,0.0,0.058,0.012,0.461,0.564
910,3,places,232472,232728,256,0.1796875,0.5699999928474426,179,62,0.9832402234636871,0.6290322580645161,0.8380952380952381,0.8478260869565217,0.126,0.03600000000000003,0.019,0.018,0.564,14961,0.9733333333333334,0.71,0.0,0.0,0.053,0.01,0.463,0.564
911,3,places,232728,232984,256,0.17578125,0.5799999833106995,191,49,0.9790575916230366,0.7551020408163265,0.8862559241706162,0.8222222222222222,0.16600000000000004,0.03700000000000003,0.016,0.015,0.541,14965,0.98,0.7033333333333334,0.0,0.0,0.051,0.009,0.439,0.541
912,3,places,232984,233240,256,0.13671875,0.5799999833106995,186,50,0.9838709677419355,0.56,0.8280542986425339,0.8,0.14600000000000002,0.03500000000000003,0.017,0.015,0.538,14969,0.98,0.6833333333333333,0.0,0.0,0.05,0.009,0.446,0.538
913,3,places,233240,233496,256,0.109375,0.5799999833106995,203,33,0.9950738916256158,0.6666666666666666,0.8859649122807017,0.7857142857142857,0.122,0.039000000000000035,0.016,0.014,0.545,14978,0.9933333333333333,0.68,0.0,0.0,0.051,0.007,0.448,0.545
914,3,places,233496,233752,256,0.10546875,0.5799999833106995,201,41,0.9950248756218906,0.5853658536585366,0.8733624454148472,0.8888888888888888,0.10099999999999998,0.04200000000000004,0.015,0.013,0.555,14982,0.9966666666666667,0.6566666666666666,0.0,0.0,0.043,0.004,0.451,0.555
915,3,places,233752,234008,256,0.2109375,0.5799999833106995,181,62,0.9723756906077348,0.7258064516129032,0.8712871287128713,0.8333333333333334,0.119,0.03300000000000003,0.014,0.012,0.554,14987,0.98,0.66,0.0,0.0,0.044,0.005,0.455,0.554
916,3,places,234008,234264,256,0.14453125,0.5799999833106995,190,43,0.9842105263157894,0.7209302325581395,0.8538812785388128,0.8378378378378378,0.15200000000000002,0.03600000000000003,0.014,0.012,0.544,14998,0.9833333333333333,0.6833333333333333,0.0,0.0,0.04,0.01,0.461,0.544
917,3,places,234264,234520,256,0.16015625,0.5799999833106995,193,51,0.9844559585492227,0.6862745098039216,0.8837209302325582,0.8536585365853658,0.10399999999999998,0.030000000000000027,0.014,0.012,0.563,15004,0.9833333333333333,0.67,0.0,0.0,0.038,0.009,0.474,0.563
918,3,places,234520,234776,256,0.2109375,0.5799999833106995,172,65,0.9883720930232558,0.7538461538461538,0.8415841584158416,0.9074074074074074,0.139,0.03700000000000003,0.015,0.014,0.559,15010,0.9833333333333333,0.6966666666666667,0.0,0.0,0.041,0.01,0.474,0.559
919,3,places,234776,235032,256,0.1796875,0.5799999833106995,192,51,0.9895833333333334,0.803921568627451,0.9047619047619048,0.8913043478260869,0.17300000000000004,0.03200000000000003,0.015,0.015,0.574,15016,0.99,0.7233333333333334,0.0,0.0,0.044,0.015,0.483,0.574
920,3,places,235032,235288,256,0.234375,0.5799999833106995,174,65,0.9597701149425287,0.7846153846153846,0.8520408163265306,0.85,0.138,0.03200000000000003,0.015,0.015,0.575,15024,0.9733333333333334,0.7533333333333333,0.0,0.0,0.049,0.011,0.482,0.575
921,3,places,235288,235544,256,0.10546875,0.5799999833106995,201,40,0.9950248756218906,0.6,0.8733624454148472,0.8888888888888888,0.16300000000000003,0.03200000000000003,0.015,0.015,0.584,15030,0.9766666666666667,0.73,0.0,0.0,0.047,0.014,0.491,0.584
922,3,places,235544,235640,96,0.11458333333333333,0.5799999833106995,75,16,0.9866666666666667,0.5625,0.8705882352941177,0.8181818181818182,0.10399999999999998,0.03500000000000003,0.015,0.015,0.586,15032,0.99,0.72,0.0,0.0,0.054,0.015,0.49,0.586
